#
# A fatal error has been detected by the Java Runtime Environment:
#
#  EXCEPTION_ACCESS_VIOLATION (0xc0000005) at pc=0x00007ffa5993b149, pid=7688, tid=11200
#
# JRE version: Java(TM) SE Runtime Environment (23.0.1+11) (build 23.0.1+11-39)
# Java VM: Java HotSpot(TM) 64-Bit Server VM (23.0.1+11-39, mixed mode, sharing, tiered, compressed oops, compressed class ptrs, g1 gc, windows-amd64)
# Problematic frame:
# C  [awt.dll+0xdb149]
#
# No core dump will be written. Minidumps are not enabled by default on client versions of Windows
#
# If you would like to submit a bug report, please visit:
#   https://bugreport.java.com/bugreport/crash.jsp
# The crash happened outside the Java Virtual Machine in native code.
# See problematic frame for where to report the bug.
#

---------------  S U M M A R Y ------------

Command Line: -Dfile.encoding=UTF-8 -Dstdout.encoding=UTF-8 -Dstderr.encoding=UTF-8 -XX:+ShowCodeDetailsInExceptionMessages com.nctu.quanlynhatro.main.Main

Host: 11th Gen Intel(R) Core(TM) i7-11800H @ 2.30GHz, 16 cores, 15G,  Windows 11 , 64 bit Build 26100 (10.0.26100.7920)
Time: Wed Mar  4 06:51:26 2026 SE Asia Standard Time elapsed time: 37.371332 seconds (0d 0h 0m 37s)

---------------  T H R E A D  ---------------

Current thread (0x00000268cb9123a0):  JavaThread "AWT-EventQueue-0"        [_thread_in_native, id=11200, stack(0x000000a74b300000,0x000000a74b400000) (1024K)]

Stack: [0x000000a74b300000,0x000000a74b400000],  sp=0x000000a74b3fe850,  free space=1018k
Native frames: (J=compiled Java code, j=interpreted, Vv=VM code, C=native code)
C  [awt.dll+0xdb149]  (no source info available)
C  [awt.dll+0xda508]  (no source info available)
C  0x00000268bb41d307  (no source info available)

The last pc belongs to native method entry point (kind = native) (printed below).
Java frames: (J=compiled Java code, j=interpreted, Vv=VM code)
j  sun.awt.Win32GraphicsConfig.getBounds(I)Ljava/awt/Rectangle;+0 java.desktop@23.0.1
j  sun.awt.Win32GraphicsConfig.getBounds()Ljava/awt/Rectangle;+8 java.desktop@23.0.1
j  sun.awt.Win32GraphicsDevice.displayChanged()V+23 java.desktop@23.0.1
j  sun.awt.Win32GraphicsEnvironment.displayChanged()V+271 java.desktop@23.0.1
j  sun.awt.windows.WToolkit.lambda$displayChanged$4()V+15 java.desktop@23.0.1
j  sun.awt.windows.WToolkit$$Lambda+0x00000268cd254990.run()V+0 java.desktop@23.0.1
J 3194 c1 java.awt.event.InvocationEvent.dispatch()V java.desktop@23.0.1 (69 bytes) @ 0x00000268b446411c [0x00000268b4463f00+0x000000000000021c]
J 3002 c1 java.awt.EventQueue.dispatchEventImpl(Ljava/awt/AWTEvent;Ljava/lang/Object;)V java.desktop@23.0.1 (139 bytes) @ 0x00000268b44237dc [0x00000268b4421fa0+0x000000000000183c]
J 3001 c1 java.awt.EventQueue$4.run()Ljava/lang/Void; java.desktop@23.0.1 (60 bytes) @ 0x00000268b441f8bc [0x00000268b441f780+0x000000000000013c]
J 2996 c1 java.awt.EventQueue.dispatchEvent(Ljava/awt/AWTEvent;)V java.desktop@23.0.1 (80 bytes) @ 0x00000268b44203c4 [0x00000268b441fe00+0x00000000000005c4]
J 3003 c1 java.awt.EventDispatchThread.pumpOneEventForFilters(I)V java.desktop@23.0.1 (106 bytes) @ 0x00000268b4424aec [0x00000268b44242c0+0x000000000000082c]
j  java.awt.EventDispatchThread.pumpEventsForFilter(ILjava/awt/Conditional;Ljava/awt/EventFilter;)V+35 java.desktop@23.0.1
j  java.awt.EventDispatchThread.pumpEventsForHierarchy(ILjava/awt/Conditional;Ljava/awt/Component;)V+11 java.desktop@23.0.1
j  java.awt.EventDispatchThread.pumpEvents(ILjava/awt/Conditional;)V+4 java.desktop@23.0.1
j  java.awt.EventDispatchThread.pumpEvents(Ljava/awt/Conditional;)V+3 java.desktop@23.0.1
j  java.awt.EventDispatchThread.run()V+9 java.desktop@23.0.1
v  ~StubRoutines::call_stub 0x00000268bb410fcd

siginfo: EXCEPTION_ACCESS_VIOLATION (0xc0000005), reading address 0x0000000000000028


Registers:
RAX=0x0000000000000000, RBX=0x00000269137fe400, RCX=0x0000000000000000, RDX=0x0000000000000000
RSP=0x000000a74b3fe850, RBP=0x0000000000000000, RSI=0x0000000000000000, RDI=0x0000000000000000
R8 =0x0000000000000001, R9 =0x000000a74943b000, R10=0x00000268cb9fc0e0, R11=0x000002690d27b030
R12=0x0000000000000000, R13=0x00000268cbb23390, R14=0x00000269110cfdf0, R15=0x0000000000000000
RIP=0x00007ffa5993b149, EFLAGS=0x0000000000010246


Register to memory mapping:

RAX=0x0 is null
RBX=0x00000269137fe400 points into unknown readable memory: 0x0000026912a829c0 | c0 29 a8 12 69 02 00 00
RCX=0x0 is null
RDX=0x0 is null
RSP=0x000000a74b3fe850 is pointing into the stack for thread: 0x00000268cb9123a0
RBP=0x0 is null
RSI=0x0 is null
RDI=0x0 is null
R8 =0x0000000000000001 is an unknown value
R9 =0x000000a74943b000 points into unknown readable memory: 0x0000000000000000 | 00 00 00 00 00 00 00 00
R10=0x00000268cb9fc0e0 points into unknown readable memory: 0x0000002000000003 | 03 00 00 00 20 00 00 00
R11={method} {0x000002690d27b038} '<init>' '(IIII)V' in 'java/awt/Rectangle'
R12=0x0 is null
R13=0x00000268cbb23390 points into unknown readable memory: 0x000002690d27b030 | 30 b0 27 0d 69 02 00 00
R14=0x00000269110cfdf0 points into unknown readable memory: 0x0000000705499ba0 | a0 9b 49 05 07 00 00 00
R15=0x0 is null

Top of Stack: (sp=0x000000a74b3fe850)
0x000000a74b3fe850:   00007ffa59999838 00000269137fe400
0x000000a74b3fe860:   00000268cb912760 00000269137fe400
0x000000a74b3fe870:   00000268cb912760 00007ffa5993a508
0x000000a74b3fe880:   00000269137fe400 00000269137fe400
0x000000a74b3fe890:   0000000000000190 00000268cb912760
0x000000a74b3fe8a0:   0000000704b4ff30 000002690d269a98
0x000000a74b3fe8b0:   0000000000000000 000000a74b3fe8d0
0x000000a74b3fe8c0:   0000000000000000 0000000000000000
0x000000a74b3fe8d0:   00008602e3b2399c 0000000704bc8860
0x000000a74b3fe8e0:   00000268cb9123a0 000000a74b3fe9c8
0x000000a74b3fe8f0:   000002690d273b40 0000000000000000
0x000000a74b3fe900:   000002690d73ff48 0000000000000190
0x000000a74b3fe910:   000000a74b3fe9a0 00000268bb41d307
0x000000a74b3fe920:   000000a74b3fe938 000002690d273b40
0x000000a74b3fe930:   00000268bb418700 0000000000000000
0x000000a74b3fe940:   0000000704bc8860 00000007142e2cb0
0x000000a74b3fe950:   00000007142e2cb0 fffffffffffffff7
0x000000a74b3fe960:   0000000000000000 0000000000000005
0x000000a74b3fe970:   000002690d276308 0000000000000000
0x000000a74b3fe980:   0000000704b4eda8 000002690d273b40
0x000000a74b3fe990:   0000000000000000 000000a74b3fe9c0
0x000000a74b3fe9a0:   000000a74b3fea18 00000268bb41889a
0x000000a74b3fe9b0:   0000000000000000 00000268bb41a5da
0x000000a74b3fe9c0:   0000000000000000 00000007142e2cb0
0x000000a74b3fe9d0:   fffffffffffffff7 000002690d273be8
0x000000a74b3fe9e0:   0000000000000002 000002690d276308
0x000000a74b3fe9f0:   0000000000000000 0000000704b4eda8
0x000000a74b3fea00:   000002690d273c00 fffffffffffffff5
0x000000a74b3fea10:   000000a74b3fea28 000000a74b3fea78
0x000000a74b3fea20:   00000268bb41889a 00000007142e2cb0
0x000000a74b3fea30:   fffffffffffffff7 000002690d2698ef
0x000000a74b3fea40:   0000000000000003 000002690d26b0c8 

Instructions: (pc=0x00007ffa5993b149)
0x00007ffa5993b049:   cc cc cc cc cc cc cc 48 89 5c 24 08 48 89 6c 24
0x00007ffa5993b059:   10 48 89 74 24 18 57 48 83 ec 20 41 8b f8 0f b6
0x00007ffa5993b069:   f2 48 8b e9 e8 2e cc f4 ff 48 8b d8 48 89 44 24
0x00007ffa5993b079:   48 41 b8 01 00 00 00 8b d7 48 8b c8 e8 96 cb f4
0x00007ffa5993b089:   ff 48 8b c8 44 0f b6 c6 48 8b d5 e8 97 fa ff ff
0x00007ffa5993b099:   48 8b f8 48 8b cb e8 bc cd f4 ff 90 48 8b c7 48
0x00007ffa5993b0a9:   8b 5c 24 30 48 8b 6c 24 38 48 8b 74 24 40 48 83
0x00007ffa5993b0b9:   c4 20 5f c3 cc cc cc 48 8b 49 28 e9 07 07 00 00
0x00007ffa5993b0c9:   cc cc cc cc cc cc cc 48 89 5c 24 08 57 48 83 ec
0x00007ffa5993b0d9:   20 8b f9 e8 bf cb f4 ff 48 8b d8 48 89 44 24 38
0x00007ffa5993b0e9:   41 b8 01 00 00 00 8b d7 48 8b c8 e8 27 cb f4 ff
0x00007ffa5993b0f9:   48 8b 08 8b 39 48 8b cb e8 5a cd f4 ff 90 8b c7
0x00007ffa5993b109:   48 8b 5c 24 30 48 83 c4 20 5f c3 cc cc cc cc cc
0x00007ffa5993b119:   cc cc cc cc cc cc cc 48 89 5c 24 08 57 48 83 ec
0x00007ffa5993b129:   20 8b f9 e8 6f cb f4 ff 48 8b d8 48 89 44 24 38
0x00007ffa5993b139:   41 b8 01 00 00 00 8b d7 48 8b c8 e8 d7 ca f4 ff
0x00007ffa5993b149:   48 8b 78 28 48 8b cb e8 0b cd f4 ff 90 48 8b c7
0x00007ffa5993b159:   48 8b 5c 24 30 48 83 c4 20 5f c3 cc cc cc cc cc
0x00007ffa5993b169:   cc cc cc cc cc cc cc 48 89 5c 24 08 57 48 83 ec
0x00007ffa5993b179:   20 8b f9 e8 1f cb f4 ff 48 8b d8 48 89 44 24 38
0x00007ffa5993b189:   41 b8 01 00 00 00 8b d7 48 8b c8 e8 87 ca f4 ff
0x00007ffa5993b199:   48 8b 78 30 48 8b cb e8 bb cc f4 ff 90 48 8b c7
0x00007ffa5993b1a9:   48 8b 5c 24 30 48 83 c4 20 5f c3 cc cc cc cc cc
0x00007ffa5993b1b9:   cc cc cc cc cc cc cc 48 89 5c 24 08 57 48 83 ec
0x00007ffa5993b1c9:   20 8b f9 e8 cf ca f4 ff 48 8b d8 48 89 44 24 38
0x00007ffa5993b1d9:   41 b8 01 00 00 00 8b d7 48 8b c8 e8 37 ca f4 ff
0x00007ffa5993b1e9:   48 8b 78 08 48 85 ff 74 07 48 8b bf 08 0c 00 00
0x00007ffa5993b1f9:   48 8b cb e8 5f cc f4 ff 90 48 8b c7 48 8b 5c 24
0x00007ffa5993b209:   30 48 83 c4 20 5f c3 f3 0f 10 41 48 c3 cc cc cc
0x00007ffa5993b219:   cc cc cc cc cc cc cc f3 0f 10 41 4c c3 cc cc cc
0x00007ffa5993b229:   cc cc cc cc cc cc cc 48 89 5c 24 10 48 89 74 24
0x00007ffa5993b239:   18 55 57 41 56 48 8d 6c 24 e0 48 81 ec 20 01 00 


Stack slot to memory mapping:

stack at sp + 0 slots: 0x00007ffa59999838 awt.dll
stack at sp + 1 slots: 0x00000269137fe400 points into unknown readable memory: 0x0000026912a829c0 | c0 29 a8 12 69 02 00 00
stack at sp + 2 slots: 0x00000268cb912760 points into unknown readable memory: 0x00007ffa3bcb5e00 | 00 5e cb 3b fa 7f 00 00
stack at sp + 3 slots: 0x00000269137fe400 points into unknown readable memory: 0x0000026912a829c0 | c0 29 a8 12 69 02 00 00
stack at sp + 4 slots: 0x00000268cb912760 points into unknown readable memory: 0x00007ffa3bcb5e00 | 00 5e cb 3b fa 7f 00 00
stack at sp + 5 slots: 0x00007ffa5993a508 awt.dll
stack at sp + 6 slots: 0x00000269137fe400 points into unknown readable memory: 0x0000026912a829c0 | c0 29 a8 12 69 02 00 00
stack at sp + 7 slots: 0x00000269137fe400 points into unknown readable memory: 0x0000026912a829c0 | c0 29 a8 12 69 02 00 00

Lock stack of current Java thread (top to bottom):

native method entry point (kind = native)  [0x00000268bb41cee0, 0x00000268bb41db38]  3160 bytes
[MachCode]
  0x00000268bb41cee0: 488b 4b08 | 0fb7 492e | 584c 8d74 | ccf8 6800 | 0000 0068 | 0000 0000 | 5055 488b | ec41 5568 
  0x00000268bb41cf00: 0000 0000 | 4c8b 6b08 | 4d8d 6d38 | 5348 8b53 | 0848 8b52 | 0848 8b52 | 1848 8b52 | 7048 8b12 
  0x00000268bb41cf20: 5248 8b53 | 1048 85d2 | 0f84 0700 | 0000 4881 | c210 0100 | 0052 488b | 5308 488b | 5208 488b 
  0x00000268bb41cf40: 5210 5249 | 8bc6 482b | c548 c1e8 | 0350 6800 | 0000 0068 | f7ff ffff | 41c6 8771 | 0400 0001 
  0x00000268bb41cf60: 488b 4310 | 4885 c074 | 208b 88cc | 0000 0083 | c102 8988 | cc00 0000 | 2388 e000 | 0000 0f84 
  0x00000268bb41cf80: 000b 0000 | e9cf 0000 | 0048 8b43 | 1848 85c0 | 0f85 b000 | 0000 e805 | 0000 00e9 | 9900 0000 
  0x00000268bb41cfa0: 488b d348 | 8d44 2408 | 4c89 6dc0 | 498b cfc5 | f877 4989 | afb0 0300 | 0049 8987 | a003 0000 
  0x00000268bb41cfc0: 4883 ec20 | 40f6 c40f | 0f84 1900 | 0000 4883 | ec08 48b8 | 9026 4a3b | fa7f 0000 | ffd0 4883 
  0x00000268bb41cfe0: c408 e90c | 0000 0048 | b890 264a | 3bfa 7f00 | 00ff d048 | 83c4 2049 | c787 a003 | 0000 0000 
  0x00000268bb41d000: 0000 49c7 | 87b0 0300 | 0000 0000 | 0049 c787 | a803 0000 | 0000 0000 | c5f8 7749 | 837f 0800 
  0x00000268bb41d020: 0f84 0500 | 0000 e995 | 3eff ff4c | 8b6d c04c | 8b75 c84e | 8d74 f500 | c348 8b43 | 1848 85c0 
  0x00000268bb41d040: 0f84 1200 | 0000 8b48 | 0883 c102 | 8948 0823 | 481c 0f84 | 2c0a 0000 | 493b a7e8 | 0400 000f 
  0x00000268bb41d060: 8748 0000 | 0089 8424 | 00f0 ffff | 8984 2400 | e0ff ff89 | 8424 00d0 | ffff 8984 | 2400 c0ff 
  0x00000268bb41d080: ff89 8424 | 00b0 ffff | 8984 2400 | a0ff ff89 | 8424 0090 | ffff 8984 | 2400 80ff | ff49 3ba7 
  0x00000268bb41d0a0: e004 0000 | 7607 4989 | a7e8 0400 | 0041 c687 | 7104 0000 | 0049 ba41 | add1 3bfa | 7f00 0041 
  0x00000268bb41d0c0: 803a 000f | 843e 0000 | 0048 8b55 | e849 8bcf | 4883 ec20 | 40f6 c40f | 0f84 1900 | 0000 4883 
  0x00000268bb41d0e0: ec08 48b8 | 10ee 813b | fa7f 0000 | ffd0 4883 | c408 e90c | 0000 0048 | b810 ee81 | 3bfa 7f00 
  0x00000268bb41d100: 00ff d048 | 83c4 2048 | 8b5d e84c | 8b5b 0845 | 0fb7 5b2e | 41c1 e303 | 492b e348 | 83ec 2048 
  0x00000268bb41d120: 83e4 f04c | 8b5b 604d | 85db 0f85 | ab00 0000 | e805 0000 | 00e9 9900 | 0000 488b | d348 8d44 
  0x00000268bb41d140: 2408 4c89 | 6dc0 498b | cfc5 f877 | 4989 afb0 | 0300 0049 | 8987 a003 | 0000 4883 | ec20 40f6 
  0x00000268bb41d160: c40f 0f84 | 1900 0000 | 4883 ec08 | 48b8 f04d | 4a3b fa7f | 0000 ffd0 | 4883 c408 | e90c 0000 
  0x00000268bb41d180: 0048 b8f0 | 4d4a 3bfa | 7f00 00ff | d048 83c4 | 2049 c787 | a003 0000 | 0000 0000 | 49c7 87b0 
  0x00000268bb41d1a0: 0300 0000 | 0000 0049 | c787 a803 | 0000 0000 | 0000 c5f8 | 7749 837f | 0800 0f84 | 0500 0000 
  0x00000268bb41d1c0: e9fb 3cff | ff4c 8b6d | c04c 8b75 | c84e 8d74 | f500 c348 | 8b5d e84c | 8b5b 6041 | ffd3 488b 
  0x00000268bb41d1e0: 5de8 4889 | 4518 448b | 5b28 41f6 | c308 0f84 | 1b00 0000 | 4c8b 5b08 | 4d8b 5b08 | 4d8b 5b18 
  0x00000268bb41d200: 4d8b 5b70 | 4d8b 1b4c | 895d 1048 | 8d55 1048 | 8b43 5849 | ba60 3c82 | 3bfa 7f00 | 0049 3bc2 
  0x00000268bb41d220: 0f85 ab00 | 0000 e805 | 0000 00e9 | 9900 0000 | 488b d348 | 8d44 2408 | 4c89 6dc0 | 498b cfc5 
  0x00000268bb41d240: f877 4989 | afb0 0300 | 0049 8987 | a003 0000 | 4883 ec20 | 40f6 c40f | 0f84 1900 | 0000 4883 
  0x00000268bb41d260: ec08 48b8 | f04d 4a3b | fa7f 0000 | ffd0 4883 | c408 e90c | 0000 0048 | b8f0 4d4a | 3bfa 7f00 
  0x00000268bb41d280: 00ff d048 | 83c4 2049 | c787 a003 | 0000 0000 | 0000 49c7 | 87b0 0300 | 0000 0000 | 0049 c787 
  0x00000268bb41d2a0: a803 0000 | 0000 0000 | c5f8 7749 | 837f 0800 | 0f84 0500 | 0000 e905 | 3cff ff4c | 8b6d c04c 
  0x00000268bb41d2c0: 8b75 c84e | 8d74 f500 | c348 8b5d | e848 8b43 | 5849 8d8f | c003 0000 | c5f8 7749 | 89af b003 
  0x00000268bb41d2e0: 0000 49ba | d8d2 41bb | 6802 0000 | 4d89 97a8 | 0300 0049 | 89a7 a003 | 0000 41c7 | 8744 0400 
  0x00000268bb41d300: 0004 0000 | 00ff d0c5 | f877 4883 | ec10 c5fb | 1104 2448 | 83ec 1048 | 8904 2448 | c744 2408 
  0x00000268bb41d320: 0000 0000 | 41c7 8744 | 0400 0005 | 0000 00f0 | 8344 24c0 | 0049 3baf | 4804 0000 | 0f87 0e00 
  0x00000268bb41d340: 0000 4183 | bf40 0400 | 0000 0f84 | 2000 0000 | 498b cf4c | 8be4 4883 | ec20 4883 | e4f0 48b8 
  0x00000268bb41d360: 90a9 4b3b | fa7f 0000 | ffd0 498b | e44d 33e4 | 41c7 8744 | 0400 0008 | 0000 0049 | c787 a003 
  0x00000268bb41d380: 0000 0000 | 0000 49c7 | 87b0 0300 | 0000 0000 | 0049 c787 | a803 0000 | 0000 0000 | c5f8 774d 
  0x00000268bb41d3a0: 8b9f 3004 | 0000 41c7 | 8300 0100 | 0000 0000 | 0049 bbda | a541 bb68 | 0200 004c | 3b5d 180f 
  0x00000268bb41d3c0: 8524 0300 | 0048 8b04 | 2448 83c4 | 1048 85c0 | 0f84 fe02 | 0000 a803 | 0f85 0800 | 0000 488b 
  0x00000268bb41d3e0: 00e9 ee02 | 0000 a801 | 0f85 0900 | 0000 488b | 40fe e9dd | 0200 0048 | 8b40 ff41 | 807f 3800 
  0x00000268bb41d400: 0f84 ce02 | 0000 4883 | f800 0f84 | c402 0000 | 4d8b 5f28 | 4983 fb00 | 0f84 1400 | 0000 4983 
  0x00000268bb41d420: eb08 4d89 | 5f28 4d03 | 5f30 4989 | 03e9 a202 | 0000 4881 | ec50 0100 | 0048 8904 | 2448 894c 
  0x00000268bb41d440: 2408 4889 | 5424 1048 | 8974 2418 | 4889 7c24 | 204c 8944 | 2428 4c89 | 4c24 304c | 8954 2438 
  0x00000268bb41d460: 4c89 5c24 | 40c5 fb11 | 4424 50c5 | fb11 4c24 | 58c5 fb11 | 5424 60c5 | fb11 5c24 | 68c5 fb11 
  0x00000268bb41d480: 6424 70c5 | fb11 6c24 | 78c5 fb11 | b424 8000 | 0000 c5fb | 11bc 2488 | 0000 00c5 | 7b11 8424 
  0x00000268bb41d4a0: 9000 0000 | c57b 118c | 2498 0000 | 00c5 7b11 | 9424 a000 | 0000 c57b | 119c 24a8 | 0000 00c5 
  0x00000268bb41d4c0: 7b11 a424 | b000 0000 | c57b 11ac | 24b8 0000 | 00c5 7b11 | b424 c000 | 0000 c57b | 11bc 24c8 
  0x00000268bb41d4e0: 0000 0062 | e1ff 0811 | 4424 1a62 | e1ff 0811 | 4c24 1b62 | e1ff 0811 | 5424 1c62 | e1ff 0811 
  0x00000268bb41d500: 5c24 1d62 | e1ff 0811 | 6424 1e62 | e1ff 0811 | 6c24 1f62 | e1ff 0811 | 7424 2062 | e1ff 0811 
  0x00000268bb41d520: 7c24 2162 | 61ff 0811 | 4424 2262 | 61ff 0811 | 4c24 2362 | 61ff 0811 | 5424 2462 | 61ff 0811 
  0x00000268bb41d540: 5c24 2562 | 61ff 0811 | 6424 2662 | 61ff 0811 | 6c24 2762 | 61ff 0811 | 7424 2862 | 61ff 0811 
  0x00000268bb41d560: 7c24 2949 | 8bd7 488b | c848 83ec | 2040 f6c4 | 0f0f 8419 | 0000 0048 | 83ec 0848 | b8e0 073f 
  0x00000268bb41d580: 3bfa 7f00 | 00ff d048 | 83c4 08e9 | 0c00 0000 | 48b8 e007 | 3f3b fa7f | 0000 ffd0 | 4883 c420 
  0x00000268bb41d5a0: 6261 ff08 | 107c 2429 | 6261 ff08 | 1074 2428 | 6261 ff08 | 106c 2427 | 6261 ff08 | 1064 2426 
  0x00000268bb41d5c0: 6261 ff08 | 105c 2425 | 6261 ff08 | 1054 2424 | 6261 ff08 | 104c 2423 | 6261 ff08 | 1044 2422 
  0x00000268bb41d5e0: 62e1 ff08 | 107c 2421 | 62e1 ff08 | 1074 2420 | 62e1 ff08 | 106c 241f | 62e1 ff08 | 1064 241e 
  0x00000268bb41d600: 62e1 ff08 | 105c 241d | 62e1 ff08 | 1054 241c | 62e1 ff08 | 104c 241b | 62e1 ff08 | 1044 241a 
  0x00000268bb41d620: c57b 10bc | 24c8 0000 | 00c5 7b10 | b424 c000 | 0000 c57b | 10ac 24b8 | 0000 00c5 | 7b10 a424 
  0x00000268bb41d640: b000 0000 | c57b 109c | 24a8 0000 | 00c5 7b10 | 9424 a000 | 0000 c57b | 108c 2498 | 0000 00c5 
  0x00000268bb41d660: 7b10 8424 | 9000 0000 | c5fb 10bc | 2488 0000 | 00c5 fb10 | b424 8000 | 0000 c5fb | 106c 2478 
  0x00000268bb41d680: c5fb 1064 | 2470 c5fb | 105c 2468 | c5fb 1054 | 2460 c5fb | 104c 2458 | c5fb 1044 | 2450 4c8b 
  0x00000268bb41d6a0: 5c24 404c | 8b54 2438 | 4c8b 4c24 | 304c 8b44 | 2428 488b | 7c24 2048 | 8b74 2418 | 488b 5424 
  0x00000268bb41d6c0: 1048 8b4c | 2408 488b | 0424 4881 | c450 0100 | 00c5 f877 | 4889 4510 | 4883 ec10 | 4889 0424 
  0x00000268bb41d6e0: 48c7 4424 | 0800 0000 | 0041 83bf | c804 0000 | 020f 85bf | 0000 0048 | 81ec 8000 | 0000 4889 
  0x00000268bb41d700: 4424 7848 | 894c 2470 | 4889 5424 | 6848 895c | 2460 4889 | 6c24 5048 | 8974 2448 | 4889 7c24 
  0x00000268bb41d720: 404c 8944 | 2438 4c89 | 4c24 304c | 8954 2428 | 4c89 5c24 | 204c 8964 | 2418 4c89 | 6c24 104c 
  0x00000268bb41d740: 8974 2408 | 4c89 3c24 | 4c8b e448 | 83ec 2048 | 83e4 f048 | b8c0 2282 | 3bfa 7f00 | 00ff d049 
  0x00000268bb41d760: 8be4 4c8b | 3c24 4c8b | 7424 084c | 8b6c 2410 | 4c8b 6424 | 184c 8b5c | 2420 4c8b | 5424 284c 
  0x00000268bb41d780: 8b4c 2430 | 4c8b 4424 | 3848 8b7c | 2440 488b | 7424 4848 | 8b6c 2450 | 488b 5c24 | 6048 8b54 
  0x00000268bb41d7a0: 2468 488b | 4c24 7048 | 8b44 2478 | 4881 c480 | 0000 004d | 33e4 488b | 5de8 4c8b | 6b08 4d8d 
  0x00000268bb41d7c0: 6d38 4983 | 7f08 000f | 84bb 0000 | 00e8 0500 | 0000 e996 | 0000 0048 | 8d44 2408 | 4c89 6dc0 
  0x00000268bb41d7e0: 498b cfc5 | f877 4989 | afb0 0300 | 0049 8987 | a003 0000 | 4883 ec20 | 40f6 c40f | 0f84 1900 
  0x00000268bb41d800: 0000 4883 | ec08 48b8 | 006c 4a3b | fa7f 0000 | ffd0 4883 | c408 e90c | 0000 0048 | b800 6c4a 
  0x00000268bb41d820: 3bfa 7f00 | 00ff d048 | 83c4 2049 | c787 a003 | 0000 0000 | 0000 49c7 | 87b0 0300 | 0000 0000 
  0x00000268bb41d840: 0049 c787 | a803 0000 | 0000 0000 | c5f8 7749 | 837f 0800 | 0f84 0500 | 0000 e961 | 36ff ff4c 
  0x00000268bb41d860: 8b6d c04c | 8b75 c84e | 8d74 f500 | c348 b940 | d5a9 3bfa | 7f00 0048 | 83e4 f048 | b870 4a70 
  0x00000268bb41d880: 3bfa 7f00 | 00ff d0f4 | 448b 5b28 | 41f6 c320 | 0f84 7901 | 0000 488d | 55a8 4c8b | 5a08 4d85 
  0x00000268bb41d8a0: db0f 85bb | 0000 00e8 | 0500 0000 | e996 0000 | 0048 8d44 | 2408 4c89 | 6dc0 498b | cfc5 f877 
  0x00000268bb41d8c0: 4989 afb0 | 0300 0049 | 8987 a003 | 0000 4883 | ec20 40f6 | c40f 0f84 | 1900 0000 | 4883 ec08 
  0x00000268bb41d8e0: 48b8 306b | 4a3b fa7f | 0000 ffd0 | 4883 c408 | e90c 0000 | 0048 b830 | 6b4a 3bfa | 7f00 00ff 
  0x00000268bb41d900: d048 83c4 | 2049 c787 | a003 0000 | 0000 0000 | 49c7 87b0 | 0300 0000 | 0000 0049 | c787 a803 
  0x00000268bb41d920: 0000 0000 | 0000 c5f8 | 7749 837f | 0800 0f84 | 0500 0000 | e987 35ff | ff4c 8b6d | c04c 8b75 
  0x00000268bb41d940: c84e 8d74 | f500 c348 | b940 d5a9 | 3bfa 7f00 | 0048 83e4 | f048 b870 | 4a70 3bfa | 7f00 00ff 
  0x00000268bb41d960: d0f4 4c89 | 6dc0 4c8b | 4a08 48c7 | 4208 0000 | 0000 458b | 8718 0600 | 004f 3b4c | 07f8 0f85 
  0x00000268bb41d980: 4900 0000 | 4183 af18 | 0600 0008 | 4f3b 4c07 | f00f 842a | 0000 0049 | 8b01 a802 | 0f85 1200 
  0x00000268bb41d9a0: 0000 4c8b | c049 83c8 | 01f0 4d0f | b101 0f84 | 0d00 0000 | 4183 8718 | 0600 0008 | e90c 0000 
  0x00000268bb41d9c0: 0049 ff8f | 5005 0000 | e93e 0000 | 004c 894a | 0848 8bca | 4883 ec20 | 40f6 c40f | 0f84 1900 
  0x00000268bb41d9e0: 0000 4883 | ec08 48b8 | f03d 4a3b | fa7f 0000 | ffd0 4883 | c408 e90c | 0000 0048 | b8f0 3d4a 
  0x00000268bb41da00: 3bfa 7f00 | 00ff d048 | 83c4 204c | 8b6d c049 | ba41 add1 | 3bfa 7f00 | 0041 803a | 000f 843e 
  0x00000268bb41da20: 0000 0048 | 8b55 e849 | 8bcf 4883 | ec20 40f6 | c40f 0f84 | 1900 0000 | 4883 ec08 | 48b8 10ee 
  0x00000268bb41da40: 813b fa7f | 0000 ffd0 | 4883 c408 | e90c 0000 | 0048 b810 | ee81 3bfa | 7f00 00ff | d048 83c4 
  0x00000268bb41da60: 2048 8b04 | 2448 83c4 | 10c5 fb10 | 0424 4883 | c410 4c8b | 5d18 41ff | d34c 8b5d | f8c9 5f49 
  0x00000268bb41da80: 8be3 ffe7 | ba00 0000 | 00e8 0500 | 0000 e996 | 0000 0048 | 8d44 2408 | 4c89 6dc0 | 498b cfc5 
  0x00000268bb41daa0: f877 4989 | afb0 0300 | 0049 8987 | a003 0000 | 4883 ec20 | 40f6 c40f | 0f84 1900 | 0000 4883 
  0x00000268bb41dac0: ec08 48b8 | a031 4a3b | fa7f 0000 | ffd0 4883 | c408 e90c | 0000 0048 | b8a0 314a | 3bfa 7f00 
  0x00000268bb41dae0: 00ff d048 | 83c4 2049 | c787 a003 | 0000 0000 | 0000 49c7 | 87b0 0300 | 0000 0000 | 0049 c787 
  0x00000268bb41db00: a803 0000 | 0000 0000 | c5f8 7749 | 837f 0800 | 0f84 0500 | 0000 e9a5 | 33ff ff4c | 8b6d c04c 
  0x00000268bb41db20: 8b75 c84e | 8d74 f500 | c348 8b5d | e8e9 26f5 | ffff 660f | 1f44 0000 
[/MachCode]

Compiled method (c1) 37553 3194   !   3       java.awt.event.InvocationEvent::dispatch (69 bytes)
 total in heap  [0x00000268b4463d88,0x00000268b4464580] = 2040
 relocation     [0x00000268b4463e60,0x00000268b4463ef0] = 144
 main code      [0x00000268b4463f00,0x00000268b4464510] = 1552
 stub code      [0x00000268b4464510,0x00000268b4464578] = 104
 metadata       [0x00000268b4464578,0x00000268b4464580] = 8
 immutable data [0x0000026912ac8b50,0x0000026912ac8cf8] = 424
 dependencies   [0x0000026912ac8b50,0x0000026912ac8b58] = 8
 nul chk table  [0x0000026912ac8b58,0x0000026912ac8b70] = 24
 handler table  [0x0000026912ac8b70,0x0000026912ac8c00] = 144
 scopes pcs     [0x0000026912ac8c00,0x0000026912ac8ca0] = 160
 scopes data    [0x0000026912ac8ca0,0x0000026912ac8cf8] = 88

[Constant Pool (empty)]

[MachCode]
[Instructions begin]
  0x00000268b4463f00: 6666 660f | 1f84 0000 | 0000 0066 | 6666 9066 | 6690 448b | 5208 443b 

  0x00000268b4463f18: ;   {runtime_call ic_miss_stub}
  0x00000268b4463f18: 5008 0f85 | c0a7 ff06 
[Verified Entry Point]
  0x00000268b4463f20: 8984 2400 | 80ff ff55 | 4883 ec30 | 4181 7f20 | 0100 0000 

  0x00000268b4463f34: ;   {runtime_call StubRoutines (final stubs)}
  0x00000268b4463f34: 7405 e825 | 64fe 0648 | 8954 2418 

  0x00000268b4463f40: ;   {metadata(method data for {method} {0x000002690d1de478} 'dispatch' '()V' in 'java/awt/event/InvocationEvent')}
  0x00000268b4463f40: 48be 30a3 | 030e 6902 | 0000 8bbe | cc00 0000 | 83c7 0289 | becc 0000 | 0081 e7fe | 0700 0085 
  0x00000268b4463f60: ff0f 84c7 | 0400 000f | be72 2985 

  0x00000268b4463f6c: ;   {metadata(method data for {method} {0x000002690d1de478} 'dispatch' '()V' in 'java/awt/event/InvocationEvent')}
  0x00000268b4463f6c: f648 be30 | a303 0e69 | 0200 00bf | 1801 0000 | 7405 bf28 | 0100 0048 | 8b1c 3e48 | 8d5b 0148 
  0x00000268b4463f8c: 891c 3e0f | 84d1 0000 | 008b 722c | 48c1 e603 

  0x00000268b4463f9c: ; implicit exception: dispatches to 0x00000268b446444f
  0x00000268b4463f9c: 483b 0648 

  0x00000268b4463fa0: ;   {metadata(method data for {method} {0x000002690d1de478} 'dispatch' '()V' in 'java/awt/event/InvocationEvent')}
  0x00000268b4463fa0: 8bfe 48bb | 30a3 030e | 6902 0000 | 8b7f 0849 | ba00 0000 | cc68 0200 | 0049 03fa | 483b bb40 
  0x00000268b4463fc0: 0100 0075 | 0d48 8383 | 4801 0000 | 01e9 6000 | 0000 483b | bb50 0100 | 0075 0d48 | 8383 5801 
  0x00000268b4463fe0: 0000 01e9 | 4a00 0000 | 4883 bb40 | 0100 0000 | 7517 4889 | bb40 0100 | 0048 c783 | 4801 0000 
  0x00000268b4464000: 0100 0000 | e929 0000 | 0048 83bb | 5001 0000 | 0075 1748 | 89bb 5001 | 0000 48c7 | 8358 0100 
  0x00000268b4464020: 0001 0000 | 00e9 0800 | 0000 4883 | 8338 0100 | 0001 488b | d648 b850 | 2894 1269 

  0x00000268b446403c: ;   {virtual_call}
  0x00000268b446403c: 0200 00e8 

  0x00000268b4464040: ; ImmutableOopMap {[24]=Oop }
                      ;*invokeinterface run {reexecute=0 rethrow=0 return_oop=0}
                      ; - java.awt.event.InvocationEvent::dispatch@11 (line 308)
  0x00000268b4464040: 9cb0 ff06 

  0x00000268b4464044: ;   {other}
  0x00000268b4464044: 0f1f 8400 | bc02 0000 

  0x00000268b446404c: ;   {metadata(method data for {method} {0x000002690d1de478} 'dispatch' '()V' in 'java/awt/event/InvocationEvent')}
  0x00000268b446404c: 48ba 30a3 | 030e 6902 | 0000 ff82 | 6801 0000 | 488b 5424 | 18e9 1f03 | 0000 8b72 | 2c48 c1e6 
  0x00000268b446406c: 0348 3b06 

  0x00000268b4464070: ;   {metadata(method data for {method} {0x000002690d1de478} 'dispatch' '()V' in 'java/awt/event/InvocationEvent')}
  0x00000268b4464070: 488b fe48 | bb30 a303 | 0e69 0200 | 008b 7f08 | 49ba 0000 | 00cc 6802 | 0000 4903 | fa48 3bbb 
  0x00000268b4464090: 2002 0000 | 750d 4883 | 8328 0200 | 0001 e960 | 0000 0048 | 3bbb 3002 | 0000 750d | 4883 8338 
  0x00000268b44640b0: 0200 0001 | e94a 0000 | 0048 83bb | 2002 0000 | 0075 1748 | 89bb 2002 | 0000 48c7 | 8328 0200 
  0x00000268b44640d0: 0001 0000 | 00e9 2900 | 0000 4883 | bb30 0200 | 0000 7517 | 4889 bb30 | 0200 0048 | c783 3802 
  0x00000268b44640f0: 0000 0100 | 0000 e908 | 0000 0048 | 8383 1802 | 0000 0148 | 8bd6 0f1f | 8000 0000 | 0048 b878 
  0x00000268b4464110: 2894 1269 

  0x00000268b4464114: ;   {virtual_call}
  0x00000268b4464114: 0200 00e8 

  0x00000268b4464118: ; ImmutableOopMap {[24]=Oop }
                      ;*invokeinterface run {reexecute=0 rethrow=0 return_oop=0}
                      ; - java.awt.event.InvocationEvent::dispatch@47 (line 318)
  0x00000268b4464118: b49f 0d07 

  0x00000268b446411c: ;   {other}
  0x00000268b446411c: 0f1f 8400 | 9403 0001 | 488b 5424 | 18e9 5702 | 0000 498b | 8700 0500 | 004d 33d2 | 4d89 9700 
  0x00000268b446413c: 0500 004d | 33d2 4d89 | 9708 0500 | 0048 85c0 

  0x00000268b446414c: ;   {metadata(method data for {method} {0x000002690d1de478} 'dispatch' '()V' in 'java/awt/event/InvocationEvent')}
  0x00000268b446414c: 48be 30a3 | 030e 6902 | 0000 750c | 808e 7901 | 0000 01e9 | af00 0000 | 8b78 0849 | ba00 0000 
  0x00000268b446416c: cc68 0200 | 0049 03fa | 483b be88 | 0100 0075 | 0d48 8386 | 9001 0000 | 01e9 6000 | 0000 483b 
  0x00000268b446418c: be98 0100 | 0075 0d48 | 8386 a001 | 0000 01e9 | 4a00 0000 | 4883 be88 | 0100 0000 | 7517 4889 
  0x00000268b44641ac: be88 0100 | 0048 c786 | 9001 0000 | 0100 0000 | e929 0000 | 0048 83be | 9801 0000 | 0075 1748 
  0x00000268b44641cc: 89be 9801 | 0000 48c7 | 86a0 0100 | 0001 0000 | 00e9 0800 | 0000 4883 | 8680 0100 

  0x00000268b44641e8: ;   {metadata('java/lang/Exception')}
  0x00000268b44641e8: 0001 48bf | c0e5 16cc | 6802 0000 | 8b70 0849 | ba00 0000 | cc68 0200 | 0049 03f2 | 483b 7e40 
  0x00000268b4464208: 0f85 0500 | 0000 e905 | 0000 004d | 33c0 eb06 | 41b8 0100 | 0000 4585 

  0x00000268b4464220: ;   {metadata(method data for {method} {0x000002690d1de478} 'dispatch' '()V' in 'java/awt/event/InvocationEvent')}
  0x00000268b4464220: c049 b830 | a303 0e69 | 0200 00ba | b001 0000 | 7405 bac0 | 0100 0049 | 8b34 1048 | 8d76 0149 
  0x00000268b4464240: 8934 1048 | 8b54 2418 | 0f84 f900 | 0000 4885 

  0x00000268b4464250: ;   {metadata(method data for {method} {0x000002690d1de478} 'dispatch' '()V' in 'java/awt/event/InvocationEvent')}
  0x00000268b4464250: c048 bf30 | a303 0e69 | 0200 0075 | 0c80 8fc9 | 0100 0001 | e9af 0000 | 008b 5808 | 49ba 0000 
  0x00000268b4464270: 00cc 6802 | 0000 4903 | da48 3b9f | d801 0000 | 750d 4883 | 87e0 0100 | 0001 e960 | 0000 0048 
  0x00000268b4464290: 3b9f e801 | 0000 750d | 4883 87f0 | 0100 0001 | e94a 0000 | 0048 83bf | d801 0000 | 0075 1748 
  0x00000268b44642b0: 899f d801 | 0000 48c7 | 87e0 0100 | 0001 0000 | 00e9 2900 | 0000 4883 | bfe8 0100 | 0000 7517 
  0x00000268b44642d0: 4889 9fe8 | 0100 0048 | c787 f001 | 0000 0100 | 0000 e908 | 0000 0048 | 8387 d001 

  0x00000268b44642ec: ;   {metadata('java/lang/Exception')}
  0x00000268b44642ec: 0000 0148 | bbc0 e516 | cc68 0200 | 008b 7808 | 49ba 0000 | 00cc 6802 | 0000 4903 | fa48 3b5f 
  0x00000268b446430c: 400f 8546 | 0100 00e9 | 0000 0000 | 4c8b c041 | 0fbe 7738 | 85f6 0f85 | 3a01 0000 | 4d8b d049 
  0x00000268b446432c: c1ea 0344 | 8952 3848 | 8bf2 4933 | f048 c1ee | 1548 83fe | 000f 853a | 0100 0045 | 0fbe 4738 
  0x00000268b446434c: 4585 c00f | 8544 0100 | 004c 8bd0 | 49c1 ea03 | 4489 523c | 4c8b c24c | 33c0 49c1 | e815 4983 
  0x00000268b446436c: f800 0f85 | 4501 0000 

  0x00000268b4464374: ;   {metadata(method data for {method} {0x000002690d1de478} 'dispatch' '()V' in 'java/awt/event/InvocationEvent')}
  0x00000268b4464374: 49b8 30a3 | 030e 6902 | 0000 41ff | 8000 0200 | 004c 8bc2 

  0x00000268b4464388: ;   {metadata(method data for {method} {0x000002690d1de478} 'dispatch' '()V' in 'java/awt/event/InvocationEvent')}
  0x00000268b4464388: 48be 30a3 | 030e 6902 | 0000 4883 | 8648 0200 | 0001 41b8 | 0100 0000 | 0f1f 8000 

  0x00000268b44643a4: ;   {optimized virtual_call}
  0x00000268b44643a4: 0000 00e8 

  0x00000268b44643a8: ; ImmutableOopMap {}
                      ;*invokevirtual finishedDispatching {reexecute=0 rethrow=0 return_oop=0}
                      ; - java.awt.event.InvocationEvent::dispatch@54 (line 321)
  0x00000268b44643a8: 3451 0500 

  0x00000268b44643ac: ;   {other}
  0x00000268b44643ac: 0f1f 8400 | 2406 0002 

  0x00000268b44643b4: ;   {metadata(method data for {method} {0x000002690d1de478} 'dispatch' '()V' in 'java/awt/event/InvocationEvent')}
  0x00000268b44643b4: 48b8 30a3 | 030e 6902 | 0000 ff80 | 7802 0000 | 4883 c430 

  0x00000268b44643c8: ;   {poll_return}
  0x00000268b44643c8: 5d49 3ba7 | 4804 0000 | 0f87 fb00 | 0000 c348 | 8b54 2418 | 498b 8700 | 0500 004d | 33d2 4d89 
  0x00000268b44643e8: 9700 0500 | 004d 33d2 | 4d89 9708 | 0500 004c 

  0x00000268b44643f8: ;   {metadata(method data for {method} {0x000002690d1de478} 'dispatch' '()V' in 'java/awt/event/InvocationEvent')}
  0x00000268b44643f8: 8bc2 48be | 30a3 030e | 6902 0000 | 4883 8690 | 0200 0001 | 41b8 0100 | 0000 4889 

  0x00000268b4464414: ;   {optimized virtual_call}
  0x00000268b4464414: 4424 20e8 

  0x00000268b4464418: ; ImmutableOopMap {[32]=Oop }
                      ;*invokevirtual finishedDispatching {reexecute=0 rethrow=0 return_oop=0}
                      ; - java.awt.event.InvocationEvent::dispatch@63 (line 321)
  0x00000268b4464418: c4a7 ff06 

  0x00000268b446441c: ;   {other}
  0x00000268b446441c: 0f1f 8400 | 9406 0003 | 488b 4424 | 20e9 d600 

  0x00000268b446442c: ;   {metadata({method} {0x000002690d1de478} 'dispatch' '()V' in 'java/awt/event/InvocationEvent')}
  0x00000268b446442c: 0000 49ba | 70e4 1d0d | 6902 0000 | 4c89 5424 | 0848 c704 | 24ff ffff 

  0x00000268b4464444: ;   {runtime_call counter_overflow Runtime1 stub}
  0x00000268b4464444: ffe8 9634 

  0x00000268b4464448: ; ImmutableOopMap {rdx=Oop [24]=Oop }
                      ;*synchronization entry
                      ; - java.awt.event.InvocationEvent::dispatch@-1 (line 306)
  0x00000268b4464448: 0d07 e918 

  0x00000268b446444c: ;   {runtime_call throw_null_pointer_exception Runtime1 stub}
  0x00000268b446444c: fbff ffe8 

  0x00000268b4464450: ; ImmutableOopMap {rdx=Oop rsi=Oop [24]=Oop }
                      ;*invokeinterface run {reexecute=0 rethrow=0 return_oop=0}
                      ; - java.awt.event.InvocationEvent::dispatch@11 (line 308)
  0x00000268b4464450: 8ca4 0c07 

  0x00000268b4464454: ;   {runtime_call throw_null_pointer_exception Runtime1 stub}
  0x00000268b4464454: e887 a40c 

  0x00000268b4464458: ; ImmutableOopMap {rdx=Oop rsi=Oop [24]=Oop }
                      ;*invokeinterface run {reexecute=0 rethrow=0 return_oop=0}
                      ; - java.awt.event.InvocationEvent::dispatch@47 (line 318)
  0x00000268b4464458: 0748 8904 

  0x00000268b446445c: ;   {runtime_call throw_class_cast_exception Runtime1 stub}
  0x00000268b446445c: 24e8 7ef8 

  0x00000268b4464460: ; ImmutableOopMap {rax=Oop rdx=Oop [24]=Oop }
                      ;*checkcast {reexecute=0 rethrow=0 return_oop=0}
                      ; - java.awt.event.InvocationEvent::dispatch@29 (line 312)
  0x00000268b4464460: 0c07 8b72 | 3848 c1e6 | 0348 83fe | 000f 84b5 | feff ff48 

  0x00000268b4464474: ;   {runtime_call g1_pre_barrier_slow}
  0x00000268b4464474: 8934 24e8 | e440 0d07 | e9a7 feff | ff49 83f8 | 000f 84bc | feff ff48 

  0x00000268b446448c: ;   {runtime_call g1_post_barrier_slow}
  0x00000268b446448c: 8914 24e8 | 4c44 0d07 | e9ae feff | ff44 8b42 | 3c49 c1e0 | 0349 83f8 | 000f 84aa | feff ff4c 
  0x00000268b44644ac: ;   {runtime_call g1_pre_barrier_slow}
  0x00000268b44644ac: 8904 24e8 | ac40 0d07 | e99c feff | ff48 83f8 | 000f 84b1 | feff ff48 

  0x00000268b44644c4: ;   {runtime_call g1_post_barrier_slow}
  0x00000268b44644c4: 8914 24e8 | 1444 0d07 | e9a3 feff 

  0x00000268b44644d0: ;   {internal_word}
  0x00000268b44644d0: ff49 bac9 | 4346 b468 | 0200 004d | 8997 6004 

  0x00000268b44644e0: ;   {runtime_call SafepointBlob}
  0x00000268b44644e0: 0000 e9f9 | 2200 0749 | 8b87 0005 | 0000 49c7 | 8700 0500 | 0000 0000 | 0049 c787 | 0805 0000 
  0x00000268b4464500: 0000 0000 | 4883 c430 

  0x00000268b4464508: ;   {runtime_call unwind_exception Runtime1 stub}
  0x00000268b4464508: 5de9 d294 | 0c07 f4f4 
[Stub Code]
  0x00000268b4464510: ;   {no_reloc}
  0x00000268b4464510: 0f1f 4400 

  0x00000268b4464514: ;   {static_stub}
  0x00000268b4464514: 0048 bb00 | 0000 0000 

  0x00000268b446451c: ;   {runtime_call nmethod}
  0x00000268b446451c: 0000 00e9 | fbff ffff 

  0x00000268b4464524: ;   {static_stub}
  0x00000268b4464524: 9048 bb00 | 0000 0000 

  0x00000268b446452c: ;   {runtime_call nmethod}
  0x00000268b446452c: 0000 00e9 | fbff ffff 

  0x00000268b4464534: ;   {static_stub}
  0x00000268b4464534: 48bb 70e8 | 1d0d 6902 

  0x00000268b446453c: ;   {runtime_call I2C/C2I adapters}
  0x00000268b446453c: 0000 e973 

  0x00000268b4464540: ;   {runtime_call handle_exception_from_callee Runtime1 stub}
  0x00000268b4464540: 0100 07e8 | 18ec 0c07 

  0x00000268b4464548: ;   {external_word}
  0x00000268b4464548: 48b9 40d5 | a93b fa7f | 0000 4883 

  0x00000268b4464554: ;   {runtime_call}
  0x00000268b4464554: e4f0 48b8 | 704a 703b | fa7f 0000 

  0x00000268b4464560: ;   {section_word}
  0x00000268b4464560: ffd0 f449 | ba63 4546 | b468 0200 

  0x00000268b446456c: ;   {runtime_call DeoptimizationBlob}
  0x00000268b446456c: 0041 52e9 | 8c36 0007 | f4f4 f4f4 
[/MachCode]


Compiled method (c1) 37570 3002       3       java.awt.EventQueue::dispatchEventImpl (139 bytes)
 total in heap  [0x00000268b4421c08,0x00000268b4424020] = 9240
 relocation     [0x00000268b4421ce0,0x00000268b4421f88] = 680
 main code      [0x00000268b4421fa0,0x00000268b4423e30] = 7824
 stub code      [0x00000268b4423e30,0x00000268b4423f40] = 272
 oops           [0x00000268b4423f40,0x00000268b4423f50] = 16
 metadata       [0x00000268b4423f50,0x00000268b4424020] = 208
 immutable data [0x00000269125cb9f0,0x00000269125cc160] = 1904
 dependencies   [0x00000269125cb9f0,0x00000269125cba30] = 64
 nul chk table  [0x00000269125cba30,0x00000269125cbab0] = 128
 handler table  [0x00000269125cbab0,0x00000269125cbb70] = 192
 scopes pcs     [0x00000269125cbb70,0x00000269125cbf40] = 976
 scopes data    [0x00000269125cbf40,0x00000269125cc160] = 544

[Constant Pool (empty)]

[MachCode]
[Instructions begin]
  0x00000268b4421fa0: 6666 660f | 1f84 0000 | 0000 0066 | 6666 9066 | 6690 448b | 5208 443b 

  0x00000268b4421fb8: ;   {runtime_call ic_miss_stub}
  0x00000268b4421fb8: 5008 0f85 | 20c7 0307 
[Verified Entry Point]
  0x00000268b4421fc0: 8984 2400 | 80ff ff55 | 4881 ecd0 | 0000 0090 | 4181 7f20 | 0100 0000 

  0x00000268b4421fd8: ;   {runtime_call StubRoutines (final stubs)}
  0x00000268b4421fd8: 7405 e881 | 8302 074c | 8984 24a8 

  0x00000268b4421fe4: ;   {metadata(method data for {method} {0x000002690d03aaa0} 'dispatchEventImpl' '(Ljava/awt/AWTEvent;Ljava/lang/Object;)V' in 'java/awt/EventQueue')}
  0x00000268b4421fe4: 0000 0048 | be08 4800 | 0e69 0200 | 008b becc | 0000 0083 | c702 89be | cc00 0000 | 81e7 fe07 
  0x00000268b4422004: 0000 85ff | 0f84 181a | 0000 41c6 | 4016 014d 

  0x00000268b4422014: ;   {metadata(method data for {method} {0x000002690d03aaa0} 'dispatchEventImpl' '(Ljava/awt/AWTEvent;Ljava/lang/Object;)V' in 'java/awt/EventQueue')}
  0x00000268b4422014: 85c0 48bb | 0848 000e | 6902 0000 | 750c 808b | 1101 0000 | 01e9 cb00 | 0000 418b | 4008 49ba 
  0x00000268b4422034: 0000 00cc | 6802 0000 | 4903 c248 | 3b83 2001 | 0000 750d | 4883 8328 | 0100 0001 | e960 0000 
  0x00000268b4422054: 0048 3b83 | 3001 0000 | 750d 4883 | 8338 0100 | 0001 e94a | 0000 0048 | 83bb 2001 | 0000 0075 
  0x00000268b4422074: 1748 8983 | 2001 0000 | 48c7 8328 | 0100 0001 | 0000 00e9 | 2900 0000 | 4883 bb30 | 0100 0000 
  0x00000268b4422094: 7517 4889 | 8330 0100 | 0048 c783 | 3801 0000 | 0100 0000 | e908 0000 | 0048 8383 | 1801 0000 
  0x00000268b44220b4: ;   {metadata('java/awt/ActiveEvent')}
  0x00000268b44220b4: 0148 b8c0 | ad06 cd68 | 0200 0041 | 8b58 0849 | ba00 0000 | cc68 0200 | 0049 03da | 483b 4320 
  0x00000268b44220d4: 0f84 2400 | 0000 483b | d80f 841b | 0000 0053 

  0x00000268b44220e4: ;   {runtime_call slow_subtype_check Runtime1 stub}
  0x00000268b44220e4: 50e8 d621 | 1107 5b5b | 85db 0f84 | 0500 0000 | e905 0000 | 0048 33f6 | eb05 be01 | 0000 0085 
  0x00000268b4422104: ;   {metadata(method data for {method} {0x000002690d03aaa0} 'dispatchEventImpl' '(Ljava/awt/AWTEvent;Ljava/lang/Object;)V' in 'java/awt/EventQueue')}
  0x00000268b4422104: f648 be08 | 4800 0e69 | 0200 00bf | 5801 0000 | 7505 bf48 | 0100 0048 | 8b1c 3e48 | 8d5b 0148 
  0x00000268b4422124: 891c 3e0f | 85ee 1400 | 004d 85c9 

  0x00000268b4422130: ;   {metadata(method data for {method} {0x000002690d03aaa0} 'dispatchEventImpl' '(Ljava/awt/AWTEvent;Ljava/lang/Object;)V' in 'java/awt/EventQueue')}
  0x00000268b4422130: 48bb 0848 | 000e 6902 | 0000 750c | 808b 0902 | 0000 01e9 | b100 0000 | 418b 4108 | 49ba 0000 
  0x00000268b4422150: 00cc 6802 | 0000 4903 | c248 3b83 | 1802 0000 | 750d 4883 | 8320 0200 | 0001 e960 | 0000 0048 
  0x00000268b4422170: 3b83 2802 | 0000 750d | 4883 8330 | 0200 0001 | e94a 0000 | 0048 83bb | 1802 0000 | 0075 1748 
  0x00000268b4422190: 8983 1802 | 0000 48c7 | 8320 0200 | 0001 0000 | 00e9 2900 | 0000 4883 | bb28 0200 | 0000 7517 
  0x00000268b44221b0: 4889 8328 | 0200 0048 | c783 3002 | 0000 0100 | 0000 e908 | 0000 0048 | 8383 1002 

  0x00000268b44221cc: ;   {metadata('java/awt/Component')}
  0x00000268b44221cc: 0000 0148 | b858 dc05 | cd68 0200 | 0041 8b59 | 0849 ba00 | 0000 cc68 | 0200 0049 | 03da 483b 
  0x00000268b44221ec: 4338 0f85 | 0500 0000 | e905 0000 | 0048 33f6 | eb05 be01 | 0000 0085 

  0x00000268b4422204: ;   {metadata(method data for {method} {0x000002690d03aaa0} 'dispatchEventImpl' '(Ljava/awt/AWTEvent;Ljava/lang/Object;)V' in 'java/awt/EventQueue')}
  0x00000268b4422204: f648 be08 | 4800 0e69 | 0200 00bf | 4002 0000 | 7405 bf50 | 0200 0048 | 8b1c 3e48 | 8d5b 0148 
  0x00000268b4422224: 891c 3e0f | 84e4 0500 | 004d 85c9 

  0x00000268b4422230: ;   {metadata(method data for {method} {0x000002690d03aaa0} 'dispatchEventImpl' '(Ljava/awt/AWTEvent;Ljava/lang/Object;)V' in 'java/awt/EventQueue')}
  0x00000268b4422230: 48bf 0848 | 000e 6902 | 0000 750c | 808f 5902 | 0000 01e9 | b100 0000 | 418b 5908 | 49ba 0000 
  0x00000268b4422250: 00cc 6802 | 0000 4903 | da48 3b9f | 6802 0000 | 750d 4883 | 8770 0200 | 0001 e960 | 0000 0048 
  0x00000268b4422270: 3b9f 7802 | 0000 750d | 4883 8780 | 0200 0001 | e94a 0000 | 0048 83bf | 6802 0000 | 0075 1748 
  0x00000268b4422290: 899f 6802 | 0000 48c7 | 8770 0200 | 0001 0000 | 00e9 2900 | 0000 4883 | bf78 0200 | 0000 7517 
  0x00000268b44222b0: 4889 9f78 | 0200 0048 | c787 8002 | 0000 0100 | 0000 e908 | 0000 0048 | 8387 6002 

  0x00000268b44222cc: ;   {metadata('java/awt/Component')}
  0x00000268b44222cc: 0000 0148 | bb58 dc05 | cd68 0200 | 0041 8b79 | 0849 ba00 | 0000 cc68 | 0200 0049 | 03fa 483b 
  0x00000268b44222ec: 5f38 0f85 | 5817 0000 | e900 0000 | 0049 8bd1 

  0x00000268b44222fc: ; implicit exception: dispatches to 0x00000268b4423a55
  0x00000268b44222fc: 483b 0248 

  0x00000268b4422300: ;   {metadata(method data for {method} {0x000002690d03aaa0} 'dispatchEventImpl' '(Ljava/awt/AWTEvent;Ljava/lang/Object;)V' in 'java/awt/EventQueue')}
  0x00000268b4422300: 8bf2 48bf | 0848 000e | 6902 0000 | 4883 8790 | 0200 0001 

  0x00000268b4422314: ;   {metadata(method data for {method} {0x000002690d15a500} 'dispatchEvent' '(Ljava/awt/AWTEvent;)V' in 'java/awt/Component')}
  0x00000268b4422314: 48be 38b5 | 980d 6902 | 0000 8bbe | cc00 0000 | 83c7 0289 | becc 0000 | 0081 e7fe | ff1f 0085 
  0x00000268b4422334: ff0f 841f | 1700 0048 

  0x00000268b442233c: ;   {metadata(method data for {method} {0x000002690d15a500} 'dispatchEvent' '(Ljava/awt/AWTEvent;)V' in 'java/awt/Component')}
  0x00000268b442233c: 8bf2 48bf | 38b5 980d | 6902 0000 | 8b76 0849 | ba00 0000 | cc68 0200 | 0049 03f2 | 483b b720 
  0x00000268b442235c: 0100 0075 | 0d48 8387 | 2801 0000 | 01e9 6000 | 0000 483b | b730 0100 | 0075 0d48 | 8387 3801 
  0x00000268b442237c: 0000 01e9 | 4a00 0000 | 4883 bf20 | 0100 0000 | 7517 4889 | b720 0100 | 0048 c787 | 2801 0000 
  0x00000268b442239c: 0100 0000 | e929 0000 | 0048 83bf | 3001 0000 | 0075 1748 | 89b7 3001 | 0000 48c7 | 8738 0100 
  0x00000268b44223bc: 0001 0000 | 00e9 0800 | 0000 4883 | 8718 0100 | 0001 498b | f04c 8bc6 | 9048 b840 | eac0 1269 
  0x00000268b44223dc: ;   {virtual_call}
  0x00000268b44223dc: 0200 00e8 

  0x00000268b44223e0: ; ImmutableOopMap {[168]=Oop }
                      ;*invokevirtual dispatchEventImpl {reexecute=0 rethrow=0 return_oop=0}
                      ; - java.awt.Component::dispatchEvent@2 (line 4828)
                      ; - java.awt.EventQueue::dispatchEventImpl@41 (line 775)
  0x00000268b44223e0: dcbf 1107 

  0x00000268b44223e4: ;   {other}
  0x00000268b44223e4: 0f1f 8400 | dc07 0000 | 4c8b 8424 | a800 0000 

  0x00000268b44223f4: ;   {metadata(method data for {method} {0x000002690d03aaa0} 'dispatchEventImpl' '(Ljava/awt/AWTEvent;Ljava/lang/Object;)V' in 'java/awt/EventQueue')}
  0x00000268b44223f4: 48be 0848 | 000e 6902 | 0000 458b | 4008 49ba | 0000 00cc | 6802 0000 | 4d03 c24c | 3b86 c802 
  0x00000268b4422414: 0000 750d | 4883 86d0 | 0200 0001 | e960 0000 | 004c 3b86 | d802 0000 | 750d 4883 | 86e0 0200 
  0x00000268b4422434: 0001 e94a | 0000 0048 | 83be c802 | 0000 0075 | 174c 8986 | c802 0000 | 48c7 86d0 | 0200 0001 
  0x00000268b4422454: 0000 00e9 | 2900 0000 | 4883 bed8 | 0200 0000 | 7517 4c89 | 86d8 0200 | 0048 c786 | e002 0000 
  0x00000268b4422474: 0100 0000 | e908 0000 | 0048 8386 | c002 0000 

  0x00000268b4422484: ;   {metadata(method data for {method} {0x000002690d16fcd0} 'dispatched' '()V' in 'java/awt/AWTEvent')}
  0x00000268b4422484: 0148 be70 | 5300 0e69 | 0200 008b | becc 0000 | 0083 c702 | 89be cc00 | 0000 81e7 | feff 1f00 
  0x00000268b44224a4: 85ff 0f84 | cf15 0000 | 4c8b 8424 | a800 0000 

  0x00000268b44224b4: ;   {metadata(method data for {method} {0x000002690d16fcd0} 'dispatched' '()V' in 'java/awt/AWTEvent')}
  0x00000268b44224b4: 4d85 c048 | bb70 5300 | 0e69 0200 | 0075 0c80 | 8b11 0100 | 0001 e9b1 | 0000 0041 | 8b40 0849 
  0x00000268b44224d4: ba00 0000 | cc68 0200 | 0049 03c2 | 483b 8320 | 0100 0075 | 0d48 8383 | 2801 0000 | 01e9 6000 
  0x00000268b44224f4: 0000 483b | 8330 0100 | 0075 0d48 | 8383 3801 | 0000 01e9 | 4a00 0000 | 4883 bb20 | 0100 0000 
  0x00000268b4422514: 7517 4889 | 8320 0100 | 0048 c783 | 2801 0000 | 0100 0000 | e929 0000 | 0048 83bb | 3001 0000 
  0x00000268b4422534: 0075 1748 | 8983 3001 | 0000 48c7 | 8338 0100 | 0001 0000 | 00e9 0800 | 0000 4883 | 8318 0100 
  0x00000268b4422554: ;   {metadata('java/awt/event/InputEvent')}
  0x00000268b4422554: 0001 48b8 | 28f0 05cd | 6802 0000 | 418b 5808 | 49ba 0000 | 00cc 6802 | 0000 4903 | da48 3b43 
  0x00000268b4422574: 500f 8505 | 0000 00e9 | 0500 0000 | 4833 f6eb | 05be 0100 | 0000 85f6 

  0x00000268b442258c: ;   {metadata(method data for {method} {0x000002690d16fcd0} 'dispatched' '()V' in 'java/awt/AWTEvent')}
  0x00000268b442258c: 48be 7053 | 000e 6902 | 0000 bf48 | 0100 0074 | 05bf 5801 | 0000 488b | 1c3e 488d | 5b01 4889 
  0x00000268b44225ac: 1c3e 0f84 | 4c14 0000 

  0x00000268b44225b4: ;   {metadata(method data for {method} {0x000002690d16fcd0} 'dispatched' '()V' in 'java/awt/AWTEvent')}
  0x00000268b44225b4: 48be 7053 | 000e 6902 | 0000 4883 | 8668 0100 

  0x00000268b44225c4: ;   {metadata(method data for {method} {0x000002690d040cd0} 'getInputEventAccessor' '()Lsun/awt/AWTAccessor$InputEventAccessor;' in 'sun/awt/AWTAccessor')}
  0x00000268b44225c4: 0001 48be | 8855 000e | 6902 0000 | 8bbe cc00 | 0000 83c7 | 0289 becc | 0000 0081 | e7fe ff1f 
  0x00000268b44225e4: 0085 ff0f | 84af 1400 

  0x00000268b44225ec: ;   {oop(a 'java/lang/Class'{0x0000000704bc0190} = 'sun/awt/AWTAccessor')}
  0x00000268b44225ec: 0048 be90 | 01bc 0407 | 0000 008b | b684 0000 | 0048 c1e6 | 0348 85f6 

  0x00000268b4422604: ;   {metadata(method data for {method} {0x000002690d040cd0} 'getInputEventAccessor' '()Lsun/awt/AWTAccessor$InputEventAccessor;' in 'sun/awt/AWTAccessor')}
  0x00000268b4422604: 48bf 8855 | 000e 6902 | 0000 bb18 | 0100 0075 | 05bb 2801 | 0000 488b | 041f 488d | 4001 4889 
  0x00000268b4422624: 041f 0f85 | 7712 0000 

  0x00000268b442262c: ;   {metadata(method data for {method} {0x000002690d040cd0} 'getInputEventAccessor' '()Lsun/awt/AWTAccessor$InputEventAccessor;' in 'sun/awt/AWTAccessor')}
  0x00000268b442262c: 48be 8855 | 000e 6902 | 0000 4883 | 8638 0100 

  0x00000268b442263c: ;   {metadata(method data for {method} {0x000002690d043490} 'ensureClassInitialized' '(Ljava/lang/Class;)V' in 'sun/awt/AWTAccessor')}
  0x00000268b442263c: 0001 48be | 78e2 500d | 6902 0000 | 8bbe cc00 | 0000 83c7 | 0289 becc | 0000 0081 | e7fe ff1f 
  0x00000268b442265c: 0085 ff0f | 8458 1400 

  0x00000268b4422664: ;   {metadata(method data for {method} {0x000002690d043490} 'ensureClassInitialized' '(Ljava/lang/Class;)V' in 'sun/awt/AWTAccessor')}
  0x00000268b4422664: 0048 be78 | e250 0d69 | 0200 0048 | 8386 1801 

  0x00000268b4422674: ;   {metadata(method data for {method} {0x00000268cc455438} 'lookup' '()Ljava/lang/invoke/MethodHandles$Lookup;' in 'java/lang/invoke/MethodHandles')}
  0x00000268b4422674: 0000 0148 | be30 e450 | 0d69 0200 | 008b becc | 0000 0083 | c702 89be | cc00 0000 | 81e7 feff 
  0x00000268b4422694: 1f00 85ff | 0f84 4014 

  0x00000268b442269c: ;   {metadata(method data for {method} {0x00000268cc455438} 'lookup' '()Ljava/lang/invoke/MethodHandles$Lookup;' in 'java/lang/invoke/MethodHandles')}
  0x00000268b442269c: 0000 48be | 30e4 500d | 6902 0000 | 4883 8618 | 0100 0001 | 0f1f 8000 

  0x00000268b44226b4: ;   {static_call}
  0x00000268b44226b4: 0000 00e8 

  0x00000268b44226b8: ; ImmutableOopMap {[168]=Oop }
                      ;*invokestatic getCallerClass {reexecute=0 rethrow=0 return_oop=0}
                      ; - java.lang.invoke.MethodHandles::lookup@0 (line 127)
                      ; - sun.awt.AWTAccessor::ensureClassInitialized@0 (line 1489)
                      ; - sun.awt.AWTAccessor::getInputEventAccessor@10 (line 988)
                      ; - java.awt.AWTEvent::dispatched@7 (line 596)
                      ; - java.awt.EventQueue::dispatchEventImpl@45 (line 776)
  0x00000268b44226b8: 24cf 0307 

  0x00000268b44226bc: ;   {other}
  0x00000268b44226bc: 0f1f 8400 | b40a 0001 | 4c8b c04d 

  0x00000268b44226c8: ;   {metadata(method data for {method} {0x00000268cc455438} 'lookup' '()Ljava/lang/invoke/MethodHandles$Lookup;' in 'java/lang/invoke/MethodHandles')}
  0x00000268b44226c8: 85c0 48ba | 30e4 500d | 6902 0000 | be38 0100 | 0074 05be | 2801 0000 | 488b 3c32 | 488d 7f01 
  0x00000268b44226e8: 4889 3c32 | 0f84 1811 

  0x00000268b44226f0: ;   {metadata('java/lang/invoke/MethodHandles$Lookup')}
  0x00000268b44226f0: 0000 48ba | 28fb 1ccc | 6802 0000 | 498b 87b8 | 0100 0048 | 8d78 2049 | 3bbf c801 | 0000 0f87 
  0x00000268b4422710: eb13 0000 | 4989 bfb8 | 0100 0048 | c700 0100 | 0000 488b | ca49 ba00 | 0000 cc68 | 0200 0049 
  0x00000268b4422730: 2bca 8948 | 0848 33c9 | 8948 0c48 | 33c9 4889 | 4810 4889 | 4818 4c8b 

  0x00000268b4422748: ;   {metadata(method data for {method} {0x00000268cc455438} 'lookup' '()Ljava/lang/invoke/MethodHandles$Lookup;' in 'java/lang/invoke/MethodHandles')}
  0x00000268b4422748: c848 bf30 | e450 0d69 | 0200 0048 | 8387 5801 

  0x00000268b4422758: ;   {metadata(method data for {method} {0x00000268cc44cf28} '<init>' '(Ljava/lang/Class;)V' in 'java/lang/invoke/MethodHandles$Lookup')}
  0x00000268b4422758: 0000 0149 | b958 e750 | 0d69 0200 | 0041 8bb9 | cc00 0000 | 83c7 0241 | 89b9 cc00 | 0000 81e7 
  0x00000268b4422778: feff 1f00 | 85ff 0f84 | 8813 0000 

  0x00000268b4422784: ;   {metadata(method data for {method} {0x00000268cc44cf28} '<init>' '(Ljava/lang/Class;)V' in 'java/lang/invoke/MethodHandles$Lookup')}
  0x00000268b4422784: 4c8b c848 | bf58 e750 | 0d69 0200 | 0048 8387 | 1801 0000 

  0x00000268b4422798: ;   {oop(nullptr)}
  0x00000268b4422798: 0149 b900 | 0000 0000 | 0000 00bf | 5f00 0000 | 488b d048 | 8984 24b0 | 0000 000f 

  0x00000268b44227b4: ;   {optimized virtual_call}
  0x00000268b44227b4: 1f40 00e8 

  0x00000268b44227b8: ; ImmutableOopMap {[168]=Oop [176]=Oop }
                      ;*invokespecial <init> {reexecute=0 rethrow=0 return_oop=0}
                      ; - java.lang.invoke.MethodHandles$Lookup::<init>@5 (line 1625)
                      ; - java.lang.invoke.MethodHandles::lookup@23 (line 131)
                      ; - sun.awt.AWTAccessor::ensureClassInitialized@0 (line 1489)
                      ; - sun.awt.AWTAccessor::getInputEventAccessor@10 (line 988)
                      ; - java.awt.AWTEvent::dispatched@7 (line 596)
                      ; - java.awt.EventQueue::dispatchEventImpl@45 (line 776)
  0x00000268b44227b8: 24c4 0307 

  0x00000268b44227bc: ;   {other}
  0x00000268b44227bc: 0f1f 8400 | b40b 0002 | 488b 8424 | b000 0000 

  0x00000268b44227cc: ;   {metadata(method data for {method} {0x000002690d043490} 'ensureClassInitialized' '(Ljava/lang/Class;)V' in 'sun/awt/AWTAccessor')}
  0x00000268b44227cc: 4c8b c048 | ba78 e250 | 0d69 0200 | 0048 8382 | 2801 0000 

  0x00000268b44227e0: ;   {oop(a 'java/lang/Class'{0x0000000704b5ecb8} = 'java/awt/event/InputEvent')}
  0x00000268b44227e0: 0149 b8b8 | ecb5 0407 | 0000 0048 

  0x00000268b44227ec: ;   {optimized virtual_call}
  0x00000268b44227ec: 8bd0 90e8 

  0x00000268b44227f0: ; ImmutableOopMap {[168]=Oop }
                      ;*invokevirtual ensureInitialized {reexecute=0 rethrow=0 return_oop=0}
                      ; - sun.awt.AWTAccessor::ensureClassInitialized@4 (line 1489)
                      ; - sun.awt.AWTAccessor::getInputEventAccessor@10 (line 988)
                      ; - java.awt.AWTEvent::dispatched@7 (line 596)
                      ; - java.awt.EventQueue::dispatchEventImpl@45 (line 776)
  0x00000268b44227f0: ecc3 0307 

  0x00000268b44227f4: ;   {other}
  0x00000268b44227f4: 0f1f 8400 | ec0b 0003 

  0x00000268b44227fc: ;   {metadata(method data for {method} {0x000002690d043490} 'ensureClassInitialized' '(Ljava/lang/Class;)V' in 'sun/awt/AWTAccessor')}
  0x00000268b44227fc: 48ba 78e2 | 500d 6902 | 0000 ff82 | 5801 0000 | e97e 1000 | 004d 85c9 

  0x00000268b4422814: ;   {metadata(method data for {method} {0x000002690d03aaa0} 'dispatchEventImpl' '(Ljava/awt/AWTEvent;Ljava/lang/Object;)V' in 'java/awt/EventQueue')}
  0x00000268b4422814: 48bb 0848 | 000e 6902 | 0000 750c | 808b 0103 | 0000 01e9 | b000 0000 | 418b 4108 | 49ba 0000 
  0x00000268b4422834: 00cc 6802 | 0000 4903 | c248 3b83 | 1003 0000 | 750d 4883 | 8318 0300 | 0001 e960 | 0000 0048 
  0x00000268b4422854: 3b83 2003 | 0000 750d | 4883 8328 | 0300 0001 | e94a 0000 | 0048 83bb | 1003 0000 | 0075 1748 
  0x00000268b4422874: 8983 1003 | 0000 48c7 | 8318 0300 | 0001 0000 | 00e9 2900 | 0000 4883 | bb20 0300 | 0000 7517 
  0x00000268b4422894: 4889 8320 | 0300 0048 | c783 2803 | 0000 0100 | 0000 e908 | 0000 0048 | 8383 0803 

  0x00000268b44228b0: ;   {metadata('java/awt/MenuComponent')}
  0x00000268b44228b0: 0000 0148 | b808 d706 | cd68 0200 | 0041 8b79 | 0849 ba00 | 0000 cc68 | 0200 0049 | 03fa 483b 
  0x00000268b44228d0: c70f 8505 | 0000 00e9 | 0500 0000 | 4833 f6eb | 05be 0100 | 0000 85f6 

  0x00000268b44228e8: ;   {metadata(method data for {method} {0x000002690d03aaa0} 'dispatchEventImpl' '(Ljava/awt/AWTEvent;Ljava/lang/Object;)V' in 'java/awt/EventQueue')}
  0x00000268b44228e8: 48be 0848 | 000e 6902 | 0000 bf48 | 0300 0075 | 05bf 3803 | 0000 488b | 1c3e 488d | 5b01 4889 
  0x00000268b4422908: 1c3e 0f85 | 6b0b 0000 

  0x00000268b4422910: ;   {metadata(method data for {method} {0x000002690d03aaa0} 'dispatchEventImpl' '(Ljava/awt/AWTEvent;Ljava/lang/Object;)V' in 'java/awt/EventQueue')}
  0x00000268b4422910: 4d85 c948 | bb08 4800 | 0e69 0200 | 0075 0c80 | 8bc9 0300 | 0001 e9b0 | 0000 0041 | 8b41 0849 
  0x00000268b4422930: ba00 0000 | cc68 0200 | 0049 03c2 | 483b 83d8 | 0300 0075 | 0d48 8383 | e003 0000 | 01e9 6000 
  0x00000268b4422950: 0000 483b | 83e8 0300 | 0075 0d48 | 8383 f003 | 0000 01e9 | 4a00 0000 | 4883 bbd8 | 0300 0000 
  0x00000268b4422970: 7517 4889 | 83d8 0300 | 0048 c783 | e003 0000 | 0100 0000 | e929 0000 | 0048 83bb | e803 0000 
  0x00000268b4422990: 0075 1748 | 8983 e803 | 0000 48c7 | 83f0 0300 | 0001 0000 | 00e9 0800 | 0000 4883 | 83d0 0300 
  0x00000268b44229b0: ;   {metadata('java/awt/TrayIcon')}
  0x00000268b44229b0: 0001 48b8 | 98d9 06cd | 6802 0000 | 418b 7908 | 49ba 0000 | 00cc 6802 | 0000 4903 | fa48 3bc7 
  0x00000268b44229d0: 0f85 0500 | 0000 e905 | 0000 0048 | 33f6 eb05 | be01 0000 

  0x00000268b44229e4: ;   {metadata(method data for {method} {0x000002690d03aaa0} 'dispatchEventImpl' '(Ljava/awt/AWTEvent;Ljava/lang/Object;)V' in 'java/awt/EventQueue')}
  0x00000268b44229e4: 0085 f648 | be08 4800 | 0e69 0200 | 00bf 1004 | 0000 7505 | bf00 0400 | 0048 8b1c | 3e48 8d5b 
  0x00000268b4422a04: 0148 891c | 3e0f 85c1 | 0800 004d 

  0x00000268b4422a10: ;   {metadata(method data for {method} {0x000002690d03aaa0} 'dispatchEventImpl' '(Ljava/awt/AWTEvent;Ljava/lang/Object;)V' in 'java/awt/EventQueue')}
  0x00000268b4422a10: 85c9 48bb | 0848 000e | 6902 0000 | 750c 808b | 9104 0000 | 01e9 b000 | 0000 418b | 4108 49ba 
  0x00000268b4422a30: 0000 00cc | 6802 0000 | 4903 c248 | 3b83 a004 | 0000 750d | 4883 83a8 | 0400 0001 | e960 0000 
  0x00000268b4422a50: 0048 3b83 | b004 0000 | 750d 4883 | 83b8 0400 | 0001 e94a | 0000 0048 | 83bb a004 | 0000 0075 
  0x00000268b4422a70: 1748 8983 | a004 0000 | 48c7 83a8 | 0400 0001 | 0000 00e9 | 2900 0000 | 4883 bbb0 | 0400 0000 
  0x00000268b4422a90: 7517 4889 | 83b0 0400 | 0048 c783 | b804 0000 | 0100 0000 | e908 0000 | 0048 8383 | 9804 0000 
  0x00000268b4422ab0: ;   {metadata('sun/awt/AWTAutoShutdown')}
  0x00000268b4422ab0: 0148 b870 | 7706 cd68 | 0200 0041 | 8b79 0849 | ba00 0000 | cc68 0200 | 0049 03fa | 483b c70f 
  0x00000268b4422ad0: 8505 0000 | 00e9 0500 | 0000 4833 | f6eb 05be | 0100 0000 

  0x00000268b4422ae4: ;   {metadata(method data for {method} {0x000002690d03aaa0} 'dispatchEventImpl' '(Ljava/awt/AWTEvent;Ljava/lang/Object;)V' in 'java/awt/EventQueue')}
  0x00000268b4422ae4: 85f6 48be | 0848 000e | 6902 0000 | bfc8 0400 | 0074 05bf | d804 0000 | 488b 1c3e | 488d 5b01 
  0x00000268b4422b04: 4889 1c3e | 0f84 4801 | 0000 488b 

  0x00000268b4422b10: ;   {metadata(method data for {method} {0x000002690d03aaa0} 'dispatchEventImpl' '(Ljava/awt/AWTEvent;Ljava/lang/Object;)V' in 'java/awt/EventQueue')}
  0x00000268b4422b10: f248 bf08 | 4800 0e69 | 0200 0048 | 8387 e804 

  0x00000268b4422b20: ;   {metadata(method data for {method} {0x000002690d039f80} 'noEvents' '()Z' in 'java/awt/EventQueue')}
  0x00000268b4422b20: 0000 0148 | be50 5800 | 0e69 0200 | 008b becc | 0000 0083 | c702 89be | cc00 0000 | 81e7 feff 
  0x00000268b4422b40: 1f00 85ff | 0f84 e30f | 0000 be00 | 0000 00e9 | 9400 0000 | 0f1f 4000 | 8b7a 2048 | c1e7 033b 
  0x00000268b4422b60: 770c 0f83 | f00f 0000 | 4863 de8b | 7c9f 1048 | c1e7 038b | 7f0c 48c1 | e703 4885 

  0x00000268b4422b7c: ;   {metadata(method data for {method} {0x000002690d039f80} 'noEvents' '()Z' in 'java/awt/EventQueue')}
  0x00000268b4422b7c: ff48 bf50 | 5800 0e69 | 0200 00bb | 4801 0000 | 7505 bb38 | 0100 0048 | 8b04 1f48 | 8d40 0148 
  0x00000268b4422b9c: 8904 1f0f | 8573 0000 

  0x00000268b4422ba4: ;   {metadata(method data for {method} {0x000002690d039f80} 'noEvents' '()Z' in 'java/awt/EventQueue')}
  0x00000268b4422ba4: 00ff c648 | bf50 5800 | 0e69 0200 | 008b 9fd0 | 0000 0083 | c302 899f | d000 0000 | 81e3 fe3f 
  0x00000268b4422bc4: 0000 85db | 0f84 9d0f | 0000 4d8b | 9750 0400 

  0x00000268b4422bd4: ; ImmutableOopMap {rdx=Oop }
                      ;*goto {reexecute=1 rethrow=0 return_oop=0}
                      ; - (reexecute) java.awt.EventQueue::noEvents@24 (line 533)
                      ; - java.awt.EventQueue::dispatchEventImpl@95 (line 782)
                      ;   {poll}
  0x00000268b4422bd4: 0041 8502 

  0x00000268b4422bd8: ;   {metadata(method data for {method} {0x000002690d039f80} 'noEvents' '()Z' in 'java/awt/EventQueue')}
  0x00000268b4422bd8: 48bf 5058 | 000e 6902 | 0000 ff87 | 5801 0000 

  0x00000268b4422be8: ;   {metadata(method data for {method} {0x000002690d039f80} 'noEvents' '()Z' in 'java/awt/EventQueue')}
  0x00000268b4422be8: 83fe 0448 | bf50 5800 | 0e69 0200 | 00bb 1801 | 0000 7d05 | bb28 0100 | 0048 8b04 | 1f48 8d40 
  0x00000268b4422c08: 0148 8904 | 1f0f 8d0f | 0000 00e9 | 40ff ffff | be00 0000 | 00e9 0500 | 0000 be01 | 0000 0085 
  0x00000268b4422c28: ;   {metadata(method data for {method} {0x000002690d03aaa0} 'dispatchEventImpl' '(Ljava/awt/AWTEvent;Ljava/lang/Object;)V' in 'java/awt/EventQueue')}
  0x00000268b4422c28: f648 be08 | 4800 0e69 | 0200 00bf | 1805 0000 | 7405 bf28 | 0500 0048 | 8b1c 3e48 | 8d5b 0148 
  0x00000268b4422c48: 891c 3e0f | 84bf 0d00 | 00e9 ec05 

  0x00000268b4422c54: ;   {metadata(method data for {method} {0x000002690d03aaa0} 'dispatchEventImpl' '(Ljava/awt/AWTEvent;Ljava/lang/Object;)V' in 'java/awt/EventQueue')}
  0x00000268b4422c54: 0000 48ba | 0848 000e | 6902 0000 | 4883 8280 | 0500 0001 

  0x00000268b4422c68: ;   {metadata(method data for {method} {0x000002690d038d50} 'getEventLog' '()Lsun/util/logging/PlatformLogger;' in 'java/awt/EventQueue')}
  0x00000268b4422c68: 48ba 405b | 000e 6902 | 0000 8bb2 | cc00 0000 | 83c6 0289 | b2cc 0000 | 0081 e6fe | ff1f 0085 
  0x00000268b4422c88: f60f 84fd 

  0x00000268b4422c8c: ;   {oop(a 'java/lang/Class'{0x00000007054efc38} = 'java/awt/EventQueue')}
  0x00000268b4422c8c: 0e00 0048 | ba38 fc4e | 0507 0000 | 008b 5278 | 48c1 e203 

  0x00000268b4422ca0: ;   {metadata(method data for {method} {0x000002690d038d50} 'getEventLog' '()Lsun/util/logging/PlatformLogger;' in 'java/awt/EventQueue')}
  0x00000268b4422ca0: 4885 d248 | ba40 5b00 | 0e69 0200 | 00be 1801 | 0000 7505 | be28 0100 | 0048 8b3c | 3248 8d7f 
  0x00000268b4422cc0: 0148 893c | 320f 8565 

  0x00000268b4422cc8: ;   {metadata(method data for {method} {0x000002690d038d50} 'getEventLog' '()Lsun/util/logging/PlatformLogger;' in 'java/awt/EventQueue')}
  0x00000268b4422cc8: 0000 0048 | ba40 5b00 | 0e69 0200 | 0048 8382 | 3801 0000 

  0x00000268b4422cdc: ;   {oop("java.awt.event.EventQueue"{0x0000000713060628})}
  0x00000268b4422cdc: 0148 ba28 | 0606 1307 

  0x00000268b4422ce4: ;   {static_call}
  0x00000268b4422ce4: 0000 00e8 

  0x00000268b4422ce8: ; ImmutableOopMap {[168]=Oop }
                      ;*invokestatic getLogger {reexecute=0 rethrow=0 return_oop=0}
                      ; - java.awt.EventQueue::getEventLog@8 (line 189)
                      ; - java.awt.EventQueue::dispatchEventImpl@111 (line 786)
  0x00000268b4422ce8: f4c8 0307 

  0x00000268b4422cec: ;   {other}
  0x00000268b4422cec: 0f1f 8400 | e410 0005 

  0x00000268b4422cf4: ;   {oop(a 'java/lang/Class'{0x00000007054efc38} = 'java/awt/EventQueue')}
  0x00000268b4422cf4: 49b8 38fc | 4e05 0700 | 0000 410f | be57 3885 | d20f 85a2 | 0e00 004c | 8bd0 49c1 | ea03 4589 
  0x00000268b4422d14: 5078 f083 | 4424 c000 | 498b d048 | 33d0 48c1 | ea15 4883 | fa00 0f85 | 9d0e 0000 

  0x00000268b4422d30: ;   {oop(a 'java/lang/Class'{0x00000007054efc38} = 'java/awt/EventQueue')}
  0x00000268b4422d30: 49b8 38fc | 4e05 0700 | 0000 458b | 4078 49c1 | e003 493b | 0049 8bd0 

  0x00000268b4422d48: ;   {metadata(method data for {method} {0x000002690d03aaa0} 'dispatchEventImpl' '(Ljava/awt/AWTEvent;Ljava/lang/Object;)V' in 'java/awt/EventQueue')}
  0x00000268b4422d48: 48be 0848 | 000e 6902 

  0x00000268b4422d50: ;   {metadata('sun/util/logging/PlatformLogger')}
  0x00000268b4422d50: 0000 49ba | 108a 04cd | 6802 0000 | 4c89 9698 | 0500 0048 | 8386 a005 

  0x00000268b4422d68: ;   {metadata(method data for {method} {0x000002690d0a5f30} 'isLoggable' '(Lsun/util/logging/PlatformLogger$Level;)Z' in 'sun/util/logging/PlatformLogger')}
  0x00000268b4422d68: 0000 0148 | ba50 5637 | 0d69 0200 | 008b b2cc | 0000 0083 | c602 89b2 | cc00 0000 | 81e6 feff 
  0x00000268b4422d88: 1f00 85f6 | 0f84 580e 

  0x00000268b4422d90: ;   {metadata(method data for {method} {0x000002690d0a5f30} 'isLoggable' '(Lsun/util/logging/PlatformLogger$Level;)Z' in 'sun/util/logging/PlatformLogger')}
  0x00000268b4422d90: 0000 48ba | 5056 370d | 6902 0000 | ff82 1801 | 0000 418b | 500c 48c1 | e203 483b | 024c 8bc2 
  0x00000268b4422db0: ;   {metadata(method data for {method} {0x000002690d0a5f30} 'isLoggable' '(Lsun/util/logging/PlatformLogger$Level;)Z' in 'sun/util/logging/PlatformLogger')}
  0x00000268b4422db0: 48be 5056 | 370d 6902 | 0000 458b | 4008 49ba | 0000 00cc | 6802 0000 | 4d03 c24c | 3b86 5001 
  0x00000268b4422dd0: 0000 750d | 4883 8658 | 0100 0001 | e960 0000 | 004c 3b86 | 6001 0000 | 750d 4883 | 8668 0100 
  0x00000268b4422df0: 0001 e94a | 0000 0048 | 83be 5001 | 0000 0075 | 174c 8986 | 5001 0000 | 48c7 8658 | 0100 0001 
  0x00000268b4422e10: 0000 00e9 | 2900 0000 | 4883 be60 | 0100 0000 | 7517 4c89 | 8660 0100 | 0048 c786 | 6801 0000 
  0x00000268b4422e30: 0100 0000 | e908 0000 | 0048 8386 | 4801 0000 

  0x00000268b4422e40: ;   {oop(a 'sun/util/logging/PlatformLogger$Level'{0x00000007054efce8})}
  0x00000268b4422e40: 0149 b8e8 | fc4e 0507 | 0000 0066 | 9048 b868 | eac0 1269 

  0x00000268b4422e54: ;   {virtual_call}
  0x00000268b4422e54: 0200 00e8 

  0x00000268b4422e58: ; ImmutableOopMap {[168]=Oop }
                      ;*invokeinterface isLoggable {reexecute=0 rethrow=0 return_oop=0}
                      ; - sun.util.logging.PlatformLogger::isLoggable@17 (line 340)
                      ; - java.awt.EventQueue::dispatchEventImpl@117 (line 786)
  0x00000268b4422e58: 84c2 0307 

  0x00000268b4422e5c: ;   {other}
  0x00000268b4422e5c: 0f1f 8400 | 5412 0006 | 83e0 0185 

  0x00000268b4422e68: ;   {metadata(method data for {method} {0x000002690d03aaa0} 'dispatchEventImpl' '(Ljava/awt/AWTEvent;Ljava/lang/Object;)V' in 'java/awt/EventQueue')}
  0x00000268b4422e68: c048 ba08 | 4800 0e69 | 0200 00be | c005 0000 | 7405 bed0 | 0500 0048 | 8b3c 3248 | 8d7f 0148 
  0x00000268b4422e88: 893c 320f | 847f 0b00 

  0x00000268b4422e90: ;   {metadata(method data for {method} {0x000002690d03aaa0} 'dispatchEventImpl' '(Ljava/awt/AWTEvent;Ljava/lang/Object;)V' in 'java/awt/EventQueue')}
  0x00000268b4422e90: 0048 ba08 | 4800 0e69 | 0200 0048 | 8382 e005 

  0x00000268b4422ea0: ;   {metadata(method data for {method} {0x000002690d038d50} 'getEventLog' '()Lsun/util/logging/PlatformLogger;' in 'java/awt/EventQueue')}
  0x00000268b4422ea0: 0000 0148 | ba40 5b00 | 0e69 0200 | 008b b2cc | 0000 0083 | c602 89b2 | cc00 0000 | 81e6 feff 
  0x00000268b4422ec0: 1f00 85f6 | 0f84 460d 

  0x00000268b4422ec8: ;   {oop(a 'java/lang/Class'{0x00000007054efc38} = 'java/awt/EventQueue')}
  0x00000268b4422ec8: 0000 48ba | 38fc 4e05 | 0700 0000 | 8b52 7848 | c1e2 0348 

  0x00000268b4422edc: ;   {metadata(method data for {method} {0x000002690d038d50} 'getEventLog' '()Lsun/util/logging/PlatformLogger;' in 'java/awt/EventQueue')}
  0x00000268b4422edc: 85d2 48ba | 405b 000e | 6902 0000 | be18 0100 | 0075 05be | 2801 0000 | 488b 3c32 | 488d 7f01 
  0x00000268b4422efc: 4889 3c32 | 0f85 6a00 

  0x00000268b4422f04: ;   {metadata(method data for {method} {0x000002690d038d50} 'getEventLog' '()Lsun/util/logging/PlatformLogger;' in 'java/awt/EventQueue')}
  0x00000268b4422f04: 0000 48ba | 405b 000e | 6902 0000 | 4883 8238 | 0100 0001 

  0x00000268b4422f18: ;   {oop("java.awt.event.EventQueue"{0x0000000713060628})}
  0x00000268b4422f18: 48ba 2806 | 0613 0700 | 0000 0f1f 

  0x00000268b4422f24: ;   {static_call}
  0x00000268b4422f24: 4400 00e8 

  0x00000268b4422f28: ; ImmutableOopMap {[168]=Oop }
                      ;*invokestatic getLogger {reexecute=0 rethrow=0 return_oop=0}
                      ; - java.awt.EventQueue::getEventLog@8 (line 189)
                      ; - java.awt.EventQueue::dispatchEventImpl@123 (line 787)
  0x00000268b4422f28: b4c6 0307 

  0x00000268b4422f2c: ;   {other}
  0x00000268b4422f2c: 0f1f 8400 | 2413 0007 

  0x00000268b4422f34: ;   {oop(a 'java/lang/Class'{0x00000007054efc38} = 'java/awt/EventQueue')}
  0x00000268b4422f34: 48ba 38fc | 4e05 0700 | 0000 410f | be77 3885 | f60f 85e6 | 0c00 004c | 8bd0 49c1 | ea03 4489 
  0x00000268b4422f54: 5278 f083 | 4424 c000 | 488b f248 | 33f0 48c1 | ee15 4883 | fe00 0f85 | e00c 0000 

  0x00000268b4422f70: ;   {oop(a 'java/lang/Class'{0x00000007054efc38} = 'java/awt/EventQueue')}
  0x00000268b4422f70: 48ba 38fc | 4e05 0700 | 0000 8b72 | 7848 c1e6 | 0348 89b4 | 24b8 0000 | 004c 8b84 | 24a8 0000 
  0x00000268b4422f90: ;   {metadata(method data for {method} {0x000002690d03aaa0} 'dispatchEventImpl' '(Ljava/awt/AWTEvent;Ljava/lang/Object;)V' in 'java/awt/EventQueue')}
  0x00000268b4422f90: 0048 ba08 | 4800 0e69 | 0200 0048 | 8382 f005 

  0x00000268b4422fa0: ;   {metadata(method data for {method} {0x00000268cc48d428} 'valueOf' '(Ljava/lang/Object;)Ljava/lang/String;' in 'java/lang/String')}
  0x00000268b4422fa0: 0000 0148 | ba08 f607 | 0d69 0200 | 008b bacc | 0000 0083 | c702 89ba | cc00 0000 | 81e7 feff 
  0x00000268b4422fc0: 1f00 85ff | 0f84 9e0c | 0000 4d85 

  0x00000268b4422fcc: ;   {metadata(method data for {method} {0x00000268cc48d428} 'valueOf' '(Ljava/lang/Object;)Ljava/lang/String;' in 'java/lang/String')}
  0x00000268b4422fcc: c048 ba08 | f607 0d69 | 0200 00bf | 1801 0000 | 7505 bf28 | 0100 0048 | 8b1c 3a48 | 8d5b 0148 
  0x00000268b4422fec: 891c 3a0f | 851f 0000 

  0x00000268b4422ff4: ;   {metadata(method data for {method} {0x00000268cc48d428} 'valueOf' '(Ljava/lang/Object;)Ljava/lang/String;' in 'java/lang/String')}
  0x00000268b4422ff4: 0048 ba08 | f607 0d69 | 0200 00ff | 8238 0100 

  0x00000268b4423004: ;   {oop("null"{0x0000000704bcdcd8})}
  0x00000268b4423004: 0048 bfd8 | dcbc 0407 | 0000 00e9 | ab00 0000 

  0x00000268b4423014: ;   {metadata(method data for {method} {0x00000268cc48d428} 'valueOf' '(Ljava/lang/Object;)Ljava/lang/String;' in 'java/lang/String')}
  0x00000268b4423014: 498b d048 | bf08 f607 | 0d69 0200 | 008b 5208 | 49ba 0000 | 00cc 6802 | 0000 4903 | d248 3b97 
  0x00000268b4423034: 5801 0000 | 750d 4883 | 8760 0100 | 0001 e960 | 0000 0048 | 3b97 6801 | 0000 750d | 4883 8770 
  0x00000268b4423054: 0100 0001 | e94a 0000 | 0048 83bf | 5801 0000 | 0075 1748 | 8997 5801 | 0000 48c7 | 8760 0100 
  0x00000268b4423074: 0001 0000 | 00e9 2900 | 0000 4883 | bf68 0100 | 0000 7517 | 4889 9768 | 0100 0048 | c787 7001 
  0x00000268b4423094: 0000 0100 | 0000 e908 | 0000 0048 | 8387 5001 | 0000 0149 | 8bd0 0f1f 

  0x00000268b44230ac: ;   {optimized virtual_call}
  0x00000268b44230ac: 4400 00e8 

  0x00000268b44230b0: ; ImmutableOopMap {[184]=Oop }
                      ;*invokevirtual toString {reexecute=0 rethrow=0 return_oop=0}
                      ; - java.lang.String::valueOf@11 (line 4556)
                      ; - java.awt.EventQueue::dispatchEventImpl@127 (line 787)
  0x00000268b44230b0: 2cbb 0307 

  0x00000268b44230b4: ;   {other}
  0x00000268b44230b4: 0f1f 8400 | ac14 0008 | 488b f890 

  0x00000268b44230c0: ;   {no_reloc}
  0x00000268b44230c0: e9d3 0b00 | 0090 9090 | 9090 488b 

  0x00000268b44230cc: ;   {static_call}
  0x00000268b44230cc: d766 90e8 

  0x00000268b44230d0: ; ImmutableOopMap {[184]=Oop }
                      ;*invokedynamic {reexecute=0 rethrow=0 return_oop=0}
                      ; - java.awt.EventQueue::dispatchEventImpl@130 (line 787)
  0x00000268b44230d0: 0cc5 0307 

  0x00000268b44230d4: ;   {other}
  0x00000268b44230d4: 0f1f 8400 | cc14 0009 

  0x00000268b44230dc: ;   {metadata(method data for {method} {0x000002690d03aaa0} 'dispatchEventImpl' '(Ljava/awt/AWTEvent;Ljava/lang/Object;)V' in 'java/awt/EventQueue')}
  0x00000268b44230dc: 49b8 0848 | 000e 6902 | 0000 4d8d | 8020 0600 | 0048 85c0 | 750b 41f6 | 0001 7505 | f049 8308 
  0x00000268b44230fc: 0148 8bb4 | 24b8 0000 | 0048 3b06 

  0x00000268b4423108: ;   {metadata(method data for {method} {0x000002690d03aaa0} 'dispatchEventImpl' '(Ljava/awt/AWTEvent;Ljava/lang/Object;)V' in 'java/awt/EventQueue')}
  0x00000268b4423108: 4c8b c649 | b908 4800 | 0e69 0200 

  0x00000268b4423114: ;   {metadata('sun/util/logging/PlatformLogger')}
  0x00000268b4423114: 0049 ba10 | 8a04 cd68 | 0200 004d | 8991 3806 | 0000 4983 | 8140 0600 

  0x00000268b442312c: ;   {metadata(method data for {method} {0x000002690d0a6b88} 'fine' '(Ljava/lang/String;)V' in 'sun/util/logging/PlatformLogger')}
  0x00000268b442312c: 0001 49b8 | 60bb 900d | 6902 0000 | 458b 88cc | 0000 0041 | 83c1 0245 | 8988 cc00 | 0000 4181 
  0x00000268b442314c: e1fe ff1f | 0045 85c9 | 0f84 4d0b | 0000 8b56 | 0c48 c1e2 | 0348 3b02 

  0x00000268b4423164: ;   {metadata(method data for {method} {0x000002690d0a6b88} 'fine' '(Ljava/lang/String;)V' in 'sun/util/logging/PlatformLogger')}
  0x00000268b4423164: 4c8b c249 | b960 bb90 | 0d69 0200 | 0045 8b40 | 0849 ba00 | 0000 cc68 | 0200 004d | 03c2 4d3b 
  0x00000268b4423184: 8150 0100 | 0075 0d49 | 8381 5801 | 0000 01e9 | 6000 0000 | 4d3b 8160 | 0100 0075 | 0d49 8381 
  0x00000268b44231a4: 6801 0000 | 01e9 4a00 | 0000 4983 | b950 0100 | 0000 7517 | 4d89 8150 | 0100 0049 | c781 5801 
  0x00000268b44231c4: 0000 0100 | 0000 e929 | 0000 0049 | 83b9 6001 | 0000 0075 | 174d 8981 | 6001 0000 | 49c7 8168 
  0x00000268b44231e4: 0100 0001 | 0000 00e9 | 0800 0000 | 4983 8148 | 0100 0001 

  0x00000268b44231f8: ;   {oop(a 'sun/util/logging/PlatformLogger$Level'{0x00000007054efce8})}
  0x00000268b44231f8: 49b8 e8fc | 4e05 0700 | 0000 4c8b 

  0x00000268b4423204: ;   {oop(nullptr)}
  0x00000268b4423204: c848 bf00 | 0000 0000 | 0000 0066 | 0f1f 4400 | 0048 b890 | eac0 1269 

  0x00000268b442321c: ;   {virtual_call}
  0x00000268b442321c: 0200 00e8 

  0x00000268b4423220: ; ImmutableOopMap {}
                      ;*invokeinterface log {reexecute=0 rethrow=0 return_oop=0}
                      ; - sun.util.logging.PlatformLogger::fine@12 (line 449)
                      ; - java.awt.EventQueue::dispatchEventImpl@135 (line 787)
  0x00000268b4423220: bcbe 0307 

  0x00000268b4423224: ;   {other}
  0x00000268b4423224: 0f1f 8400 | 1c16 000a | 4881 c4d0 | 0000 005d 

  0x00000268b4423234: ;   {poll_return}
  0x00000268b4423234: 493b a748 | 0400 000f | 878c 0a00 | 00c3 448b | 4234 49c1 | e003 493b | 0049 8bd0 

  0x00000268b4423250: ;   {metadata(method data for {method} {0x000002690d03aaa0} 'dispatchEventImpl' '(Ljava/awt/AWTEvent;Ljava/lang/Object;)V' in 'java/awt/EventQueue')}
  0x00000268b4423250: 48be 0848 | 000e 6902 

  0x00000268b4423258: ;   {metadata('java/awt/EventDispatchThread')}
  0x00000268b4423258: 0000 49ba | c8b8 06cd | 6802 0000 | 4c89 9640 | 0500 0048 | 8386 4805 

  0x00000268b4423270: ;   {metadata(method data for {method} {0x000002690d1e0cd8} 'stopDispatching' '()V' in 'java/awt/EventDispatchThread')}
  0x00000268b4423270: 0000 0148 | ba00 5a00 | 0e69 0200 | 008b b2cc | 0000 0083 | c602 89b2 | cc00 0000 | 81e6 feff 
  0x00000268b4423290: 1f00 85f6 | 0f84 4e0a | 0000 ba00 | 0000 0041 | 8850 74f0 | 8344 24c0 

  0x00000268b44232a8: ;   {metadata(method data for {method} {0x000002690d03aaa0} 'dispatchEventImpl' '(Ljava/awt/AWTEvent;Ljava/lang/Object;)V' in 'java/awt/EventQueue')}
  0x00000268b44232a8: 0049 b808 | 4800 0e69 | 0200 0041 | ff80 6805 | 0000 4881 | c4d0 0000 

  0x00000268b44232c0: ;   {poll_return}
  0x00000268b44232c0: 005d 493b | a748 0400 | 000f 873a | 0a00 00c3 | 4c8b 8424 | a800 0000 

  0x00000268b44232d8: ;   {metadata(method data for {method} {0x000002690d03aaa0} 'dispatchEventImpl' '(Ljava/awt/AWTEvent;Ljava/lang/Object;)V' in 'java/awt/EventQueue')}
  0x00000268b44232d8: 4d85 c948 | bf08 4800 | 0e69 0200 | 0075 0c80 | 8f19 0400 | 0001 e9b0 | 0000 0041 | 8b59 0849 
  0x00000268b44232f8: ba00 0000 | cc68 0200 | 0049 03da | 483b 9f28 | 0400 0075 | 0d48 8387 | 3004 0000 | 01e9 6000 
  0x00000268b4423318: 0000 483b | 9f38 0400 | 0075 0d48 | 8387 4004 | 0000 01e9 | 4a00 0000 | 4883 bf28 | 0400 0000 
  0x00000268b4423338: 7517 4889 | 9f28 0400 | 0048 c787 | 3004 0000 | 0100 0000 | e929 0000 | 0048 83bf | 3804 0000 
  0x00000268b4423358: 0075 1748 | 899f 3804 | 0000 48c7 | 8740 0400 | 0001 0000 | 00e9 0800 | 0000 4883 | 8720 0400 
  0x00000268b4423378: ;   {metadata('java/awt/TrayIcon')}
  0x00000268b4423378: 0001 48bb | 98d9 06cd | 6802 0000 | 418b 7108 | 49ba 0000 | 00cc 6802 | 0000 4903 | f248 3bde 
  0x00000268b4423398: 0f85 8109 | 0000 e900 | 0000 0049 | 8bd1 483b | 0248 8bf2 

  0x00000268b44233ac: ;   {metadata(method data for {method} {0x000002690d03aaa0} 'dispatchEventImpl' '(Ljava/awt/AWTEvent;Ljava/lang/Object;)V' in 'java/awt/EventQueue')}
  0x00000268b44233ac: 48bf 0848 | 000e 6902 | 0000 8b76 | 0849 ba00 | 0000 cc68 | 0200 0049 | 03f2 483b | b758 0400 
  0x00000268b44233cc: 0075 0d48 | 8387 6004 | 0000 01e9 | 6000 0000 | 483b b768 | 0400 0075 | 0d48 8387 | 7004 0000 
  0x00000268b44233ec: 01e9 4a00 | 0000 4883 | bf58 0400 | 0000 7517 | 4889 b758 | 0400 0048 | c787 6004 | 0000 0100 
  0x00000268b442340c: 0000 e929 | 0000 0048 | 83bf 6804 | 0000 0075 | 1748 89b7 | 6804 0000 | 48c7 8770 | 0400 0001 
  0x00000268b442342c: 0000 00e9 | 0800 0000 | 4883 8750 | 0400 0001 | 9048 b8b8 | eac0 1269 

  0x00000268b4423444: ;   {virtual_call}
  0x00000268b4423444: 0200 00e8 

  0x00000268b4423448: ; ImmutableOopMap {}
                      ;*invokevirtual dispatchEvent {reexecute=0 rethrow=0 return_oop=0}
                      ; - java.awt.EventQueue::dispatchEventImpl@81 (line 780)
  0x00000268b4423448: 94bc 0307 

  0x00000268b442344c: ;   {other}
  0x00000268b442344c: 0f1f 8400 | 4418 000b 

  0x00000268b4423454: ;   {metadata(method data for {method} {0x000002690d03aaa0} 'dispatchEventImpl' '(Ljava/awt/AWTEvent;Ljava/lang/Object;)V' in 'java/awt/EventQueue')}
  0x00000268b4423454: 49b8 0848 | 000e 6902 | 0000 41ff | 8080 0400 | 0048 81c4 | d000 0000 

  0x00000268b442346c: ;   {poll_return}
  0x00000268b442346c: 5d49 3ba7 | 4804 0000 | 0f87 b308 | 0000 c34c | 8b84 24a8 | 0000 004d 

  0x00000268b4423484: ;   {metadata(method data for {method} {0x000002690d03aaa0} 'dispatchEventImpl' '(Ljava/awt/AWTEvent;Ljava/lang/Object;)V' in 'java/awt/EventQueue')}
  0x00000268b4423484: 85c9 48bf | 0848 000e | 6902 0000 | 750c 808f | 5103 0000 | 01e9 b000 | 0000 418b | 5908 49ba 
  0x00000268b44234a4: 0000 00cc | 6802 0000 | 4903 da48 | 3b9f 6003 | 0000 750d | 4883 8768 | 0300 0001 | e960 0000 
  0x00000268b44234c4: 0048 3b9f | 7003 0000 | 750d 4883 | 8778 0300 | 0001 e94a | 0000 0048 | 83bf 6003 | 0000 0075 
  0x00000268b44234e4: 1748 899f | 6003 0000 | 48c7 8768 | 0300 0001 | 0000 00e9 | 2900 0000 | 4883 bf70 | 0300 0000 
  0x00000268b4423504: 7517 4889 | 9f70 0300 | 0048 c787 | 7803 0000 | 0100 0000 | e908 0000 | 0048 8387 | 5803 0000 
  0x00000268b4423524: ;   {metadata('java/awt/MenuComponent')}
  0x00000268b4423524: 0148 bb08 | d706 cd68 | 0200 0041 | 8b71 0849 | ba00 0000 | cc68 0200 | 0049 03f2 | 483b de0f 
  0x00000268b4423544: 85fa 0700 | 00e9 0000 | 0000 498b | d148 3b02 

  0x00000268b4423554: ;   {metadata(method data for {method} {0x000002690d03aaa0} 'dispatchEventImpl' '(Ljava/awt/AWTEvent;Ljava/lang/Object;)V' in 'java/awt/EventQueue')}
  0x00000268b4423554: 488b f248 | bf08 4800 | 0e69 0200 | 008b 7608 | 49ba 0000 | 00cc 6802 | 0000 4903 | f248 3bb7 
  0x00000268b4423574: 9003 0000 | 750d 4883 | 8798 0300 | 0001 e960 | 0000 0048 | 3bb7 a003 | 0000 750d | 4883 87a8 
  0x00000268b4423594: 0300 0001 | e94a 0000 | 0048 83bf | 9003 0000 | 0075 1748 | 89b7 9003 | 0000 48c7 | 8798 0300 
  0x00000268b44235b4: 0001 0000 | 00e9 2900 | 0000 4883 | bfa0 0300 | 0000 7517 | 4889 b7a0 | 0300 0048 | c787 a803 
  0x00000268b44235d4: 0000 0100 | 0000 e908 | 0000 0048 | 8387 8803 

  0x00000268b44235e4: ;   {optimized virtual_call}
  0x00000268b44235e4: 0000 01e8 

  0x00000268b44235e8: ; ImmutableOopMap {}
                      ;*invokevirtual dispatchEvent {reexecute=0 rethrow=0 return_oop=0}
                      ; - java.awt.EventQueue::dispatchEventImpl@63 (line 778)
  0x00000268b44235e8: f4b5 0307 

  0x00000268b44235ec: ;   {other}
  0x00000268b44235ec: 0f1f 8400 | e419 000c 

  0x00000268b44235f4: ;   {metadata(method data for {method} {0x000002690d03aaa0} 'dispatchEventImpl' '(Ljava/awt/AWTEvent;Ljava/lang/Object;)V' in 'java/awt/EventQueue')}
  0x00000268b44235f4: 49b8 0848 | 000e 6902 | 0000 41ff | 80b8 0300 | 0048 81c4 | d000 0000 

  0x00000268b442360c: ;   {poll_return}
  0x00000268b442360c: 5d49 3ba7 | 4804 0000 | 0f87 3707 | 0000 c348 

  0x00000268b442361c: ;   {metadata(method data for {method} {0x000002690d03aaa0} 'dispatchEventImpl' '(Ljava/awt/AWTEvent;Ljava/lang/Object;)V' in 'java/awt/EventQueue')}
  0x00000268b442361c: 8bf2 48bf | 0848 000e | 6902 0000 | 4883 8768 | 0100 0001 | 498b f04c 

  0x00000268b4423634: ;   {optimized virtual_call}
  0x00000268b4423634: 8bc6 90e8 

  0x00000268b4423638: ; ImmutableOopMap {[168]=Oop }
                      ;*invokevirtual setCurrentEventAndMostRecentTimeImpl {reexecute=0 rethrow=0 return_oop=0}
                      ; - java.awt.EventQueue::dispatchEventImpl@14 (line 772)
  0x00000268b4423638: 8493 ffff 

  0x00000268b442363c: ;   {other}
  0x00000268b442363c: 0f1f 8400 | 341a 000d | 4c8b 8424 | a800 0000 

  0x00000268b442364c: ;   {metadata(method data for {method} {0x000002690d03aaa0} 'dispatchEventImpl' '(Ljava/awt/AWTEvent;Ljava/lang/Object;)V' in 'java/awt/EventQueue')}
  0x00000268b442364c: 4d85 c048 | bf08 4800 | 0e69 0200 | 0075 0c80 | 8f91 0100 | 0001 e9cb | 0000 0041 | 8b58 0849 
  0x00000268b442366c: ba00 0000 | cc68 0200 | 0049 03da | 483b 9fa0 | 0100 0075 | 0d48 8387 | a801 0000 | 01e9 6000 
  0x00000268b442368c: 0000 483b | 9fb0 0100 | 0075 0d48 | 8387 b801 | 0000 01e9 | 4a00 0000 | 4883 bfa0 | 0100 0000 
  0x00000268b44236ac: 7517 4889 | 9fa0 0100 | 0048 c787 | a801 0000 | 0100 0000 | e929 0000 | 0048 83bf | b001 0000 
  0x00000268b44236cc: 0075 1748 | 899f b001 | 0000 48c7 | 87b8 0100 | 0001 0000 | 00e9 0800 | 0000 4883 | 8798 0100 
  0x00000268b44236ec: ;   {metadata('java/awt/ActiveEvent')}
  0x00000268b44236ec: 0001 48bb | c0ad 06cd | 6802 0000 | 418b 7808 | 49ba 0000 | 00cc 6802 | 0000 4903 | fa48 3b5f 
  0x00000268b442370c: 200f 841f | 0000 0048 | 3bfb 0f84 | 1600 0000 

  0x00000268b442371c: ;   {runtime_call slow_subtype_check Runtime1 stub}
  0x00000268b442371c: 5753 e89d | 0b11 075f | 5f85 ff0f | 843a 0600 | 00e9 0000 | 0000 498b | d048 3b02 

  0x00000268b4423738: ;   {metadata(method data for {method} {0x000002690d03aaa0} 'dispatchEventImpl' '(Ljava/awt/AWTEvent;Ljava/lang/Object;)V' in 'java/awt/EventQueue')}
  0x00000268b4423738: 488b f248 | bf08 4800 | 0e69 0200 | 008b 7608 | 49ba 0000 | 00cc 6802 | 0000 4903 | f248 3bb7 
  0x00000268b4423758: d001 0000 | 750d 4883 | 87d8 0100 | 0001 e960 | 0000 0048 | 3bb7 e001 | 0000 750d | 4883 87e8 
  0x00000268b4423778: 0100 0001 | e94a 0000 | 0048 83bf | d001 0000 | 0075 1748 | 89b7 d001 | 0000 48c7 | 87d8 0100 
  0x00000268b4423798: 0001 0000 | 00e9 2900 | 0000 4883 | bfe0 0100 | 0000 7517 | 4889 b7e0 | 0100 0048 | c787 e801 
  0x00000268b44237b8: 0000 0100 | 0000 e908 | 0000 0048 | 8387 c801 | 0000 0166 | 9048 b8e0 | eac0 1269 

  0x00000268b44237d4: ;   {virtual_call}
  0x00000268b44237d4: 0200 00e8 

  0x00000268b44237d8: ; ImmutableOopMap {}
                      ;*invokeinterface dispatch {reexecute=0 rethrow=0 return_oop=0}
                      ; - java.awt.EventQueue::dispatchEventImpl@21 (line 773)
  0x00000268b44237d8: f4a8 1107 

  0x00000268b44237dc: ;   {other}
  0x00000268b44237dc: 0f1f 8400 | d41b 000e 

  0x00000268b44237e4: ;   {metadata(method data for {method} {0x000002690d03aaa0} 'dispatchEventImpl' '(Ljava/awt/AWTEvent;Ljava/lang/Object;)V' in 'java/awt/EventQueue')}
  0x00000268b44237e4: 48ba 0848 | 000e 6902 | 0000 ff82 | f801 0000 | 4881 c4d0 | 0000 005d 

  0x00000268b44237fc: ;   {poll_return}
  0x00000268b44237fc: 493b a748 | 0400 000f | 876c 0500 | 00c3 660f | 1f44 0000 

  0x00000268b4423810: ;   {no_reloc}
  0x00000268b4423810: e985 0500 | 0000 0000 | 0000 e985 | 0500 0048 

  0x00000268b4423820: ;   {metadata(method data for {method} {0x00000268cc455438} 'lookup' '()Ljava/lang/invoke/MethodHandles$Lookup;' in 'java/lang/invoke/MethodHandles')}
  0x00000268b4423820: 8bd0 48be | 30e4 500d | 6902 0000 | 4883 8648 | 0100 0001 

  0x00000268b4423834: ;   {oop("no caller frame"{0x00000007054efd08})}
  0x00000268b4423834: 49b8 08fd | 4e05 0700 | 0000 488b | d048 8984 | 24c0 0000 | 0066 0f1f 

  0x00000268b442384c: ;   {optimized virtual_call}
  0x00000268b442384c: 4400 00e8 

  0x00000268b4423850: ; ImmutableOopMap {[168]=Oop [192]=Oop }
                      ;*invokespecial <init> {reexecute=0 rethrow=0 return_oop=0}
                      ; - java.lang.invoke.MethodHandles::lookup@14 (line 129)
                      ; - sun.awt.AWTAccessor::ensureClassInitialized@0 (line 1489)
                      ; - sun.awt.AWTAccessor::getInputEventAccessor@10 (line 988)
                      ; - java.awt.AWTEvent::dispatched@7 (line 596)
                      ; - java.awt.EventQueue::dispatchEventImpl@45 (line 776)
  0x00000268b4423850: 8cb3 0307 

  0x00000268b4423854: ;   {other}
  0x00000268b4423854: 0f1f 8400 | 4c1c 000f | 488b 8424 

  0x00000268b4423860: ; ImmutableOopMap {rax=Oop [168]=Oop }
                      ;*athrow {reexecute=1 rethrow=0 return_oop=0}
                      ; - (reexecute) java.lang.invoke.MethodHandles::lookup@17 (line 129)
                      ; - sun.awt.AWTAccessor::ensureClassInitialized@0 (line 1489)
                      ; - sun.awt.AWTAccessor::getInputEventAccessor@10 (line 988)
                      ; - java.awt.AWTEvent::dispatched@7 (line 596)
                      ; - java.awt.EventQueue::dispatchEventImpl@45 (line 776)
  0x00000268b4423860: c000 0000 

  0x00000268b4423864: ;   {section_word}
  0x00000268b4423864: 48ba 6438 | 42b4 6802 

  0x00000268b442386c: ;   {runtime_call handle_exception_nofpu Runtime1 stub}
  0x00000268b442386c: 0000 e86d | e710 0790 | 498b 8700 | 0500 004d | 33d2 4d89 | 9700 0500 | 004d 33d2 | 4d89 9708 
  0x00000268b442388c: ;   {oop(a 'java/lang/Class'{0x0000000704bc0190} = 'sun/awt/AWTAccessor')}
  0x00000268b442388c: 0500 0048 | be90 01bc | 0407 0000 | 008b b684 | 0000 0048 | c1e6 034c | 8b84 24a8 | 0000 004d 
  0x00000268b44238ac: ;   {metadata(method data for {method} {0x000002690d16fcd0} 'dispatched' '()V' in 'java/awt/AWTEvent')}
  0x00000268b44238ac: 85c0 48b8 | 7053 000e | 6902 0000 | 750c 8088 | 7101 0000 | 01e9 b100 | 0000 418b | 5008 49ba 
  0x00000268b44238cc: 0000 00cc | 6802 0000 | 4903 d248 | 3b90 8001 | 0000 750d | 4883 8088 | 0100 0001 | e960 0000 
  0x00000268b44238ec: 0048 3b90 | 9001 0000 | 750d 4883 | 8098 0100 | 0001 e94a | 0000 0048 | 83b8 8001 | 0000 0075 
  0x00000268b442390c: 1748 8990 | 8001 0000 | 48c7 8088 | 0100 0001 | 0000 00e9 | 2900 0000 | 4883 b890 | 0100 0000 
  0x00000268b442392c: 7517 4889 | 9090 0100 | 0048 c780 | 9801 0000 | 0100 0000 | e908 0000 | 0048 8380 | 7801 0000 
  0x00000268b442394c: ;   {metadata('java/awt/event/InputEvent')}
  0x00000268b442394c: 0148 ba28 | f005 cd68 | 0200 0041 | 8b40 0849 | ba00 0000 | cc68 0200 | 0049 03c2 | 483b 5050 
  0x00000268b442396c: 0f85 3f04 | 0000 e900 | 0000 0049 | 8bf8 4885 | f60f 8429 

  0x00000268b4423980: ;   {metadata('java/awt/event/InputEvent$1')}
  0x00000268b4423980: 0000 0048 | b980 fd05 | cd68 0200 | 008b 5608 | 49ba 0000 | 00cc 6802 | 0000 4903 | d248 3b4a 
  0x00000268b44239a0: 380f 8513 | 0400 00e9 | 0000 0000 | 488b de48 

  0x00000268b44239b0: ;   {metadata(method data for {method} {0x000002690d16fcd0} 'dispatched' '()V' in 'java/awt/AWTEvent')}
  0x00000268b44239b0: 3b06 48bb | 7053 000e | 6902 0000 

  0x00000268b44239bc: ;   {metadata('java/awt/event/InputEvent$1')}
  0x00000268b44239bc: 49ba 80fd | 05cd 6802 | 0000 4c89 | 93b0 0100 | 0048 8383 | b801 0000 

  0x00000268b44239d4: ;   {metadata(method data for {method} {0x000002690d173210} 'setCanAccessSystemClipboard' '(Ljava/awt/event/InputEvent;Z)V' in 'java/awt/event/InputEvent$1')}
  0x00000268b44239d4: 0148 be08 | 5700 0e69 | 0200 008b | 9ecc 0000 | 0083 c302 | 899e cc00 | 0000 81e3 | feff 1f00 
  0x00000268b44239f4: 85db 0f84 | c803 0000 

  0x00000268b44239fc: ; implicit exception: dispatches to 0x00000268b4423de5
  0x00000268b44239fc: c647 2c00 

  0x00000268b4423a00: ;   {metadata(method data for {method} {0x000002690d03aaa0} 'dispatchEventImpl' '(Ljava/awt/AWTEvent;Ljava/lang/Object;)V' in 'java/awt/EventQueue')}
  0x00000268b4423a00: 48be 0848 | 000e 6902 | 0000 ff86 | f002 0000 | 4881 c4d0 | 0000 005d 

  0x00000268b4423a18: ;   {poll_return}
  0x00000268b4423a18: 493b a748 | 0400 000f | 87c5 0300 

  0x00000268b4423a24: ;   {metadata({method} {0x000002690d03aaa0} 'dispatchEventImpl' '(Ljava/awt/AWTEvent;Ljava/lang/Object;)V' in 'java/awt/EventQueue')}
  0x00000268b4423a24: 00c3 49ba | 98aa 030d | 6902 0000 | 4c89 5424 | 0848 c704 | 24ff ffff 

  0x00000268b4423a3c: ;   {runtime_call counter_overflow Runtime1 stub}
  0x00000268b4423a3c: ffe8 9e3e 

  0x00000268b4423a40: ; ImmutableOopMap {rdx=Oop r8=Oop r9=Oop [168]=Oop }
                      ;*synchronization entry
                      ; - java.awt.EventQueue::dispatchEventImpl@-1 (line 769)
  0x00000268b4423a40: 1107 e9c7 

  0x00000268b4423a44: ;   {runtime_call throw_null_pointer_exception Runtime1 stub}
  0x00000268b4423a44: e5ff ffe8 

  0x00000268b4423a48: ; ImmutableOopMap {rdx=Oop r8=Oop r9=Oop [168]=Oop }
                      ;*putfield isPosted {reexecute=1 rethrow=0 return_oop=0}
                      ; - (reexecute) java.awt.EventQueue::dispatchEventImpl@2 (line 769)
  0x00000268b4423a48: 94ae 1007 | 4c89 0c24 

  0x00000268b4423a50: ;   {runtime_call throw_class_cast_exception Runtime1 stub}
  0x00000268b4423a50: e88b 0211 

  0x00000268b4423a54: ; ImmutableOopMap {r8=Oop [168]=Oop }
                      ;*checkcast {reexecute=0 rethrow=0 return_oop=0}
                      ; - java.awt.EventQueue::dispatchEventImpl@37 (line 775)
                      ;   {runtime_call throw_null_pointer_exception Runtime1 stub}
  0x00000268b4423a54: 07e8 86ae 

  0x00000268b4423a58: ; ImmutableOopMap {r8=Oop rdx=Oop [168]=Oop }
                      ;*invokevirtual dispatchEvent {reexecute=0 rethrow=0 return_oop=0}
                      ; - java.awt.EventQueue::dispatchEventImpl@41 (line 775)
                      ;   {metadata({method} {0x000002690d15a500} 'dispatchEvent' '(Ljava/awt/AWTEvent;)V' in 'java/awt/Component')}
  0x00000268b4423a58: 1007 49ba | f8a4 150d | 6902 0000 | 4c89 5424 | 0848 c704 | 24ff ffff 

  0x00000268b4423a70: ;   {runtime_call counter_overflow Runtime1 stub}
  0x00000268b4423a70: ffe8 6a3e 

  0x00000268b4423a74: ; ImmutableOopMap {r8=Oop rdx=Oop [168]=Oop }
                      ;*synchronization entry
                      ; - java.awt.Component::dispatchEvent@-1 (line 4828)
                      ; - java.awt.EventQueue::dispatchEventImpl@41 (line 775)
  0x00000268b4423a74: 1107 e9c0 

  0x00000268b4423a78: ;   {metadata({method} {0x000002690d16fcd0} 'dispatched' '()V' in 'java/awt/AWTEvent')}
  0x00000268b4423a78: e8ff ff49 | bac8 fc16 | 0d69 0200 | 004c 8954 | 2408 48c7 | 0424 ffff 

  0x00000268b4423a90: ;   {runtime_call counter_overflow Runtime1 stub}
  0x00000268b4423a90: ffff e849 

  0x00000268b4423a94: ; ImmutableOopMap {[168]=Oop }
                      ;*synchronization entry
                      ; - java.awt.AWTEvent::dispatched@-1 (line 595)
                      ; - java.awt.EventQueue::dispatchEventImpl@45 (line 776)
  0x00000268b4423a94: 3e11 07e9 | 10ea ffff 

  0x00000268b4423a9c: ;   {metadata({method} {0x000002690d040cd0} 'getInputEventAccessor' '()Lsun/awt/AWTAccessor$InputEventAccessor;' in 'sun/awt/AWTAccessor')}
  0x00000268b4423a9c: 49ba c80c | 040d 6902 | 0000 4c89 | 5424 0848 | c704 24ff 

  0x00000268b4423ab0: ;   {runtime_call counter_overflow Runtime1 stub}
  0x00000268b4423ab0: ffff ffe8 

  0x00000268b4423ab4: ; ImmutableOopMap {r8=Oop [168]=Oop }
                      ;*synchronization entry
                      ; - sun.awt.AWTAccessor::getInputEventAccessor@-1 (line 986)
                      ; - java.awt.AWTEvent::dispatched@7 (line 596)
                      ; - java.awt.EventQueue::dispatchEventImpl@45 (line 776)
  0x00000268b4423ab4: 283e 1107 | e930 ebff 

  0x00000268b4423abc: ;   {metadata({method} {0x000002690d043490} 'ensureClassInitialized' '(Ljava/lang/Class;)V' in 'sun/awt/AWTAccessor')}
  0x00000268b4423abc: ff49 ba88 | 3404 0d69 | 0200 004c | 8954 2408 | 48c7 0424 | ffff ffff 

  0x00000268b4423ad4: ;   {runtime_call counter_overflow Runtime1 stub}
  0x00000268b4423ad4: e807 3e11 

  0x00000268b4423ad8: ; ImmutableOopMap {[168]=Oop }
                      ;*synchronization entry
                      ; - sun.awt.AWTAccessor::ensureClassInitialized@-1 (line 1489)
                      ; - sun.awt.AWTAccessor::getInputEventAccessor@10 (line 988)
                      ; - java.awt.AWTEvent::dispatched@7 (line 596)
                      ; - java.awt.EventQueue::dispatchEventImpl@45 (line 776)
  0x00000268b4423ad8: 07e9 87eb 

  0x00000268b4423adc: ;   {metadata({method} {0x00000268cc455438} 'lookup' '()Ljava/lang/invoke/MethodHandles$Lookup;' in 'java/lang/invoke/MethodHandles')}
  0x00000268b4423adc: ffff 49ba | 3054 45cc | 6802 0000 | 4c89 5424 | 0848 c704 | 24ff ffff 

  0x00000268b4423af4: ;   {runtime_call counter_overflow Runtime1 stub}
  0x00000268b4423af4: ffe8 e63d 

  0x00000268b4423af8: ; ImmutableOopMap {[168]=Oop }
                      ;*synchronization entry
                      ; - java.lang.invoke.MethodHandles::lookup@-1 (line 127)
                      ; - sun.awt.AWTAccessor::ensureClassInitialized@0 (line 1489)
                      ; - sun.awt.AWTAccessor::getInputEventAccessor@10 (line 988)
                      ; - java.awt.AWTEvent::dispatched@7 (line 596)
                      ; - java.awt.EventQueue::dispatchEventImpl@45 (line 776)
  0x00000268b4423af8: 1107 e99f | ebff ff48 

  0x00000268b4423b00: ;   {runtime_call fast_new_instance Runtime1 stub}
  0x00000268b4423b00: 8bd2 e859 

  0x00000268b4423b04: ; ImmutableOopMap {r8=Oop [168]=Oop }
                      ;*new {reexecute=0 rethrow=0 return_oop=0}
                      ; - java.lang.invoke.MethodHandles::lookup@18 (line 131)
                      ; - sun.awt.AWTAccessor::ensureClassInitialized@0 (line 1489)
                      ; - sun.awt.AWTAccessor::getInputEventAccessor@10 (line 988)
                      ; - java.awt.AWTEvent::dispatched@7 (line 596)
                      ; - java.awt.EventQueue::dispatchEventImpl@45 (line 776)
  0x00000268b4423b04: c810 07e9 | 3aec ffff 

  0x00000268b4423b0c: ;   {metadata({method} {0x00000268cc44cf28} '<init>' '(Ljava/lang/Class;)V' in 'java/lang/invoke/MethodHandles$Lookup')}
  0x00000268b4423b0c: 49ba 20cf | 44cc 6802 | 0000 4c89 | 5424 0848 | c704 24ff 

  0x00000268b4423b20: ;   {runtime_call counter_overflow Runtime1 stub}
  0x00000268b4423b20: ffff ffe8 

  0x00000268b4423b24: ; ImmutableOopMap {r8=Oop rax=Oop [168]=Oop }
                      ;*synchronization entry
                      ; - java.lang.invoke.MethodHandles$Lookup::<init>@-1 (line 1625)
                      ; - java.lang.invoke.MethodHandles::lookup@23 (line 131)
                      ; - sun.awt.AWTAccessor::ensureClassInitialized@0 (line 1489)
                      ; - sun.awt.AWTAccessor::getInputEventAccessor@10 (line 988)
                      ; - java.awt.AWTEvent::dispatched@7 (line 596)
                      ; - java.awt.EventQueue::dispatchEventImpl@45 (line 776)
  0x00000268b4423b24: b83d 1107 | e957 ecff 

  0x00000268b4423b2c: ;   {metadata({method} {0x000002690d039f80} 'noEvents' '()Z' in 'java/awt/EventQueue')}
  0x00000268b4423b2c: ff49 ba78 | 9f03 0d69 | 0200 004c | 8954 2408 | 48c7 0424 | ffff ffff 

  0x00000268b4423b44: ;   {runtime_call counter_overflow Runtime1 stub}
  0x00000268b4423b44: e897 3d11 

  0x00000268b4423b48: ; ImmutableOopMap {rdx=Oop }
                      ;*synchronization entry
                      ; - java.awt.EventQueue::noEvents@-1 (line 533)
                      ; - java.awt.EventQueue::dispatchEventImpl@95 (line 782)
  0x00000268b4423b48: 07e9 fcef 

  0x00000268b4423b4c: ;   {runtime_call throw_null_pointer_exception Runtime1 stub}
  0x00000268b4423b4c: ffff e88d 

  0x00000268b4423b50: ; ImmutableOopMap {rdx=Oop rdi=Oop }
                      ;*aaload {reexecute=0 rethrow=0 return_oop=0}
                      ; - java.awt.EventQueue::noEvents@12 (line 534)
                      ; - java.awt.EventQueue::dispatchEventImpl@95 (line 782)
                      ;   {runtime_call throw_null_pointer_exception Runtime1 stub}
  0x00000268b4423b50: ad10 07e8 

  0x00000268b4423b54: ; ImmutableOopMap {rdx=Oop rdi=Oop }
                      ;*aaload {reexecute=0 rethrow=0 return_oop=0}
                      ; - java.awt.EventQueue::noEvents@12 (line 534)
                      ; - java.awt.EventQueue::dispatchEventImpl@95 (line 782)
  0x00000268b4423b54: 88ad 1007 | 4889 3424 | 4889 7c24 

  0x00000268b4423b60: ;   {runtime_call throw_range_check_failed Runtime1 stub}
  0x00000268b4423b60: 08e8 7aa4 

  0x00000268b4423b64: ; ImmutableOopMap {rdx=Oop rdi=Oop }
                      ;*aaload {reexecute=0 rethrow=0 return_oop=0}
                      ; - java.awt.EventQueue::noEvents@12 (line 534)
                      ; - java.awt.EventQueue::dispatchEventImpl@95 (line 782)
                      ;   {runtime_call throw_null_pointer_exception Runtime1 stub}
  0x00000268b4423b64: 1007 e875 

  0x00000268b4423b68: ; ImmutableOopMap {rdx=Oop }
                      ;*getfield head {reexecute=1 rethrow=0 return_oop=0}
                      ; - (reexecute) java.awt.EventQueue::noEvents@13 (line 534)
                      ; - java.awt.EventQueue::dispatchEventImpl@95 (line 782)
                      ;   {metadata({method} {0x000002690d039f80} 'noEvents' '()Z' in 'java/awt/EventQueue')}
  0x00000268b4423b68: ad10 0749 | ba78 9f03 | 0d69 0200 | 004c 8954 | 2408 48c7 | 0424 1800 

  0x00000268b4423b80: ;   {runtime_call counter_overflow Runtime1 stub}
  0x00000268b4423b80: 0000 e859 

  0x00000268b4423b84: ; ImmutableOopMap {rdx=Oop }
                      ;*goto {reexecute=1 rethrow=0 return_oop=0}
                      ; - (reexecute) java.awt.EventQueue::noEvents@24 (line 533)
                      ; - java.awt.EventQueue::dispatchEventImpl@95 (line 782)
  0x00000268b4423b84: 3d11 07e9 | 42f0 ffff 

  0x00000268b4423b8c: ;   {metadata({method} {0x000002690d038d50} 'getEventLog' '()Lsun/util/logging/PlatformLogger;' in 'java/awt/EventQueue')}
  0x00000268b4423b8c: 49ba 488d | 030d 6902 | 0000 4c89 | 5424 0848 | c704 24ff 

  0x00000268b4423ba0: ;   {runtime_call counter_overflow Runtime1 stub}
  0x00000268b4423ba0: ffff ffe8 

  0x00000268b4423ba4: ; ImmutableOopMap {[168]=Oop }
                      ;*synchronization entry
                      ; - java.awt.EventQueue::getEventLog@-1 (line 188)
                      ; - java.awt.EventQueue::dispatchEventImpl@111 (line 786)
  0x00000268b4423ba4: 383d 1107 | e9e2 f0ff | ff41 8b50 | 7848 c1e2 | 0348 83fa | 000f 844c | f1ff ff48 

  0x00000268b4423bc0: ;   {runtime_call g1_pre_barrier_slow}
  0x00000268b4423bc0: 8914 24e8 | 9849 1107 | e93e f1ff | ff48 83f8 | 000f 8459 | f1ff ff4c 

  0x00000268b4423bd8: ;   {runtime_call g1_post_barrier_slow}
  0x00000268b4423bd8: 8904 24e8 | 004d 1107 | e94b f1ff 

  0x00000268b4423be4: ;   {runtime_call throw_null_pointer_exception Runtime1 stub}
  0x00000268b4423be4: ffe8 f6ac 

  0x00000268b4423be8: ; ImmutableOopMap {r8=Oop [168]=Oop }
                      ;*invokevirtual isLoggable {reexecute=0 rethrow=0 return_oop=0}
                      ; - java.awt.EventQueue::dispatchEventImpl@117 (line 786)
                      ;   {metadata({method} {0x000002690d0a5f30} 'isLoggable' '(Lsun/util/logging/PlatformLogger$Level;)Z' in 'sun/util/logging/PlatformLogger')}
  0x00000268b4423be8: 1007 49ba | 285f 0a0d | 6902 0000 | 4c89 5424 | 0848 c704 | 24ff ffff 

  0x00000268b4423c00: ;   {runtime_call counter_overflow Runtime1 stub}
  0x00000268b4423c00: ffe8 da3c 

  0x00000268b4423c04: ; ImmutableOopMap {r8=Oop [168]=Oop }
                      ;*synchronization entry
                      ; - sun.util.logging.PlatformLogger::isLoggable@-1 (line 336)
                      ; - java.awt.EventQueue::dispatchEventImpl@117 (line 786)
  0x00000268b4423c04: 1107 e987 

  0x00000268b4423c08: ;   {runtime_call throw_null_pointer_exception Runtime1 stub}
  0x00000268b4423c08: f1ff ffe8 

  0x00000268b4423c0c: ; ImmutableOopMap {rdx=Oop [168]=Oop }
                      ;*invokeinterface isLoggable {reexecute=0 rethrow=0 return_oop=0}
                      ; - sun.util.logging.PlatformLogger::isLoggable@17 (line 340)
                      ; - java.awt.EventQueue::dispatchEventImpl@117 (line 786)
  0x00000268b4423c0c: d0ac 1007 

  0x00000268b4423c10: ;   {metadata({method} {0x000002690d038d50} 'getEventLog' '()Lsun/util/logging/PlatformLogger;' in 'java/awt/EventQueue')}
  0x00000268b4423c10: 49ba 488d | 030d 6902 | 0000 4c89 | 5424 0848 | c704 24ff 

  0x00000268b4423c24: ;   {runtime_call counter_overflow Runtime1 stub}
  0x00000268b4423c24: ffff ffe8 

  0x00000268b4423c28: ; ImmutableOopMap {[168]=Oop }
                      ;*synchronization entry
                      ; - java.awt.EventQueue::getEventLog@-1 (line 188)
                      ; - java.awt.EventQueue::dispatchEventImpl@123 (line 787)
  0x00000268b4423c28: b43c 1107 | e999 f2ff | ff8b 7278 | 48c1 e603 | 4883 fe00 | 0f84 09f3 | ffff 4889 

  0x00000268b4423c44: ;   {runtime_call g1_pre_barrier_slow}
  0x00000268b4423c44: 3424 e815 | 4911 07e9 | fbf2 ffff | 4883 f800 | 0f84 16f3 | ffff 4889 

  0x00000268b4423c5c: ;   {runtime_call g1_post_barrier_slow}
  0x00000268b4423c5c: 1424 e87d | 4c11 07e9 | 08f3 ffff 

  0x00000268b4423c68: ;   {metadata({method} {0x00000268cc48d428} 'valueOf' '(Ljava/lang/Object;)Ljava/lang/String;' in 'java/lang/String')}
  0x00000268b4423c68: 49ba 20d4 | 48cc 6802 | 0000 4c89 | 5424 0848 | c704 24ff 

  0x00000268b4423c7c: ;   {runtime_call counter_overflow Runtime1 stub}
  0x00000268b4423c7c: ffff ffe8 

  0x00000268b4423c80: ; ImmutableOopMap {rsi=Oop r8=Oop [168]=Oop [184]=Oop }
                      ;*synchronization entry
                      ; - java.lang.String::valueOf@-1 (line 4556)
                      ; - java.awt.EventQueue::dispatchEventImpl@127 (line 787)
  0x00000268b4423c80: 5c3c 1107 | e941 f3ff | ff49 b800 | 0000 0000 | 0000 00b8 | 000f 050a 

  0x00000268b4423c98: ;   {runtime_call load_appendix_patching Runtime1 stub}
  0x00000268b4423c98: e8c3 3211 

  0x00000268b4423c9c: ; ImmutableOopMap {rdi=Oop [184]=Oop }
                      ;*invokedynamic {reexecute=1 rethrow=0 return_oop=0}
                      ; - (reexecute) java.awt.EventQueue::dispatchEventImpl@130 (line 787)
  0x00000268b4423c9c: 07e9 1ef4 

  0x00000268b4423ca0: ;   {runtime_call throw_null_pointer_exception Runtime1 stub}
  0x00000268b4423ca0: ffff e839 

  0x00000268b4423ca4: ; ImmutableOopMap {rax=Oop rsi=Oop [184]=Oop }
                      ;*invokevirtual fine {reexecute=0 rethrow=0 return_oop=0}
                      ; - java.awt.EventQueue::dispatchEventImpl@135 (line 787)
                      ;   {metadata({method} {0x000002690d0a6b88} 'fine' '(Ljava/lang/String;)V' in 'sun/util/logging/PlatformLogger')}
  0x00000268b4423ca4: ac10 0749 | ba80 6b0a | 0d69 0200 | 004c 8954 | 2408 48c7 | 0424 ffff 

  0x00000268b4423cbc: ;   {runtime_call counter_overflow Runtime1 stub}
  0x00000268b4423cbc: ffff e81d 

  0x00000268b4423cc0: ; ImmutableOopMap {rax=Oop rsi=Oop [184]=Oop }
                      ;*synchronization entry
                      ; - sun.util.logging.PlatformLogger::fine@-1 (line 449)
                      ; - java.awt.EventQueue::dispatchEventImpl@135 (line 787)
  0x00000268b4423cc0: 3c11 07e9 | 92f4 ffff 

  0x00000268b4423cc8: ;   {runtime_call throw_null_pointer_exception Runtime1 stub}
  0x00000268b4423cc8: e813 ac10 

  0x00000268b4423ccc: ; ImmutableOopMap {rax=Oop rdx=Oop }
                      ;*invokeinterface log {reexecute=0 rethrow=0 return_oop=0}
                      ; - sun.util.logging.PlatformLogger::fine@12 (line 449)
                      ; - java.awt.EventQueue::dispatchEventImpl@135 (line 787)
                      ;   {internal_word}
  0x00000268b4423ccc: 0749 ba34 | 3242 b468 | 0200 004d | 8997 6004 

  0x00000268b4423cdc: ;   {runtime_call SafepointBlob}
  0x00000268b4423cdc: 0000 e9fd 

  0x00000268b4423ce0: ;   {runtime_call throw_null_pointer_exception Runtime1 stub}
  0x00000268b4423ce0: 2a04 07e8 

  0x00000268b4423ce4: ; ImmutableOopMap {r8=Oop }
                      ;*invokevirtual stopDispatching {reexecute=0 rethrow=0 return_oop=0}
                      ; - java.awt.EventQueue::dispatchEventImpl@105 (line 783)
  0x00000268b4423ce4: f8ab 1007 

  0x00000268b4423ce8: ;   {metadata({method} {0x000002690d1e0cd8} 'stopDispatching' '()V' in 'java/awt/EventDispatchThread')}
  0x00000268b4423ce8: 49ba d00c | 1e0d 6902 | 0000 4c89 | 5424 0848 | c704 24ff 

  0x00000268b4423cfc: ;   {runtime_call counter_overflow Runtime1 stub}
  0x00000268b4423cfc: ffff ffe8 

  0x00000268b4423d00: ; ImmutableOopMap {r8=Oop }
                      ;*synchronization entry
                      ; - java.awt.EventDispatchThread::stopDispatching@-1 (line 85)
                      ; - java.awt.EventQueue::dispatchEventImpl@105 (line 783)
  0x00000268b4423d00: dc3b 1107 | e991 f5ff 

  0x00000268b4423d08: ;   {internal_word}
  0x00000268b4423d08: ff49 bac2 | 3242 b468 | 0200 004d | 8997 6004 

  0x00000268b4423d18: ;   {runtime_call SafepointBlob}
  0x00000268b4423d18: 0000 e9c1 | 2a04 074c 

  0x00000268b4423d20: ;   {runtime_call throw_class_cast_exception Runtime1 stub}
  0x00000268b4423d20: 890c 24e8 

  0x00000268b4423d24: ; ImmutableOopMap {r8=Oop [168]=Oop }
                      ;*checkcast {reexecute=0 rethrow=0 return_oop=0}
                      ; - java.awt.EventQueue::dispatchEventImpl@77 (line 780)
  0x00000268b4423d24: b8ff 1007 

  0x00000268b4423d28: ;   {runtime_call throw_null_pointer_exception Runtime1 stub}
  0x00000268b4423d28: e8b3 ab10 

  0x00000268b4423d2c: ; ImmutableOopMap {r8=Oop rdx=Oop [168]=Oop }
                      ;*invokevirtual dispatchEvent {reexecute=0 rethrow=0 return_oop=0}
                      ; - java.awt.EventQueue::dispatchEventImpl@81 (line 780)
                      ;   {internal_word}
  0x00000268b4423d2c: 0749 ba6d | 3442 b468 | 0200 004d | 8997 6004 

  0x00000268b4423d3c: ;   {runtime_call SafepointBlob}
  0x00000268b4423d3c: 0000 e99d | 2a04 074c 

  0x00000268b4423d44: ;   {runtime_call throw_class_cast_exception Runtime1 stub}
  0x00000268b4423d44: 890c 24e8 

  0x00000268b4423d48: ; ImmutableOopMap {r8=Oop [168]=Oop }
                      ;*checkcast {reexecute=0 rethrow=0 return_oop=0}
                      ; - java.awt.EventQueue::dispatchEventImpl@59 (line 778)
  0x00000268b4423d48: 94ff 1007 

  0x00000268b4423d4c: ;   {runtime_call throw_null_pointer_exception Runtime1 stub}
  0x00000268b4423d4c: e88f ab10 

  0x00000268b4423d50: ; ImmutableOopMap {r8=Oop rdx=Oop [168]=Oop }
                      ;*invokevirtual dispatchEvent {reexecute=0 rethrow=0 return_oop=0}
                      ; - java.awt.EventQueue::dispatchEventImpl@63 (line 778)
                      ;   {internal_word}
  0x00000268b4423d50: 0749 ba0d | 3642 b468 | 0200 004d | 8997 6004 

  0x00000268b4423d60: ;   {runtime_call SafepointBlob}
  0x00000268b4423d60: 0000 e979 | 2a04 074c 

  0x00000268b4423d68: ;   {runtime_call throw_class_cast_exception Runtime1 stub}
  0x00000268b4423d68: 8904 24e8 

  0x00000268b4423d6c: ; ImmutableOopMap {}
                      ;*checkcast {reexecute=0 rethrow=0 return_oop=0}
                      ; - java.awt.EventQueue::dispatchEventImpl@18 (line 773)
  0x00000268b4423d6c: 70ff 1007 

  0x00000268b4423d70: ;   {runtime_call throw_null_pointer_exception Runtime1 stub}
  0x00000268b4423d70: e86b ab10 

  0x00000268b4423d74: ; ImmutableOopMap {rdx=Oop }
                      ;*invokeinterface dispatch {reexecute=0 rethrow=0 return_oop=0}
                      ; - java.awt.EventQueue::dispatchEventImpl@21 (line 773)
                      ;   {internal_word}
  0x00000268b4423d74: 0749 bafc | 3742 b468 | 0200 004d | 8997 6004 

  0x00000268b4423d84: ;   {runtime_call SafepointBlob}
  0x00000268b4423d84: 0000 e955 

  0x00000268b4423d88: ;   {metadata(nullptr)}
  0x00000268b4423d88: 2a04 0748 | ba00 0000 | 0000 0000 | 00b8 000f 

  0x00000268b4423d98: ;   {runtime_call load_klass_patching Runtime1 stub}
  0x00000268b4423d98: 050a e8c1 

  0x00000268b4423d9c: ; ImmutableOopMap {[168]=Oop }
                      ;*new {reexecute=1 rethrow=0 return_oop=0}
                      ; - (reexecute) java.lang.invoke.MethodHandles::lookup@8 (line 129)
                      ; - sun.awt.AWTAccessor::ensureClassInitialized@0 (line 1489)
                      ; - sun.awt.AWTAccessor::getInputEventAccessor@10 (line 988)
                      ; - java.awt.AWTEvent::dispatched@7 (line 596)
                      ; - java.awt.EventQueue::dispatchEventImpl@45 (line 776)
  0x00000268b4423d9c: 2411 07e9 | 6cfa ffff 

  0x00000268b4423da4: ;   {runtime_call new_instance Runtime1 stub}
  0x00000268b4423da4: 488b d2e8 

  0x00000268b4423da8: ; ImmutableOopMap {[168]=Oop }
                      ;*new {reexecute=0 rethrow=0 return_oop=0}
                      ; - java.lang.invoke.MethodHandles::lookup@8 (line 129)
                      ; - sun.awt.AWTAccessor::ensureClassInitialized@0 (line 1489)
                      ; - sun.awt.AWTAccessor::getInputEventAccessor@10 (line 988)
                      ; - java.awt.AWTEvent::dispatched@7 (line 596)
                      ; - java.awt.EventQueue::dispatchEventImpl@45 (line 776)
  0x00000268b4423da8: b4bc 1007 | e96e faff | ff4c 8904 

  0x00000268b4423db4: ;   {runtime_call throw_class_cast_exception Runtime1 stub}
  0x00000268b4423db4: 24e8 26ff 

  0x00000268b4423db8: ; ImmutableOopMap {rsi=Oop }
                      ;*checkcast {reexecute=0 rethrow=0 return_oop=0}
                      ; - java.awt.AWTEvent::dispatched@11 (line 596)
                      ; - java.awt.EventQueue::dispatchEventImpl@45 (line 776)
                      ;   {runtime_call throw_incompatible_class_change_error Runtime1 stub}
  0x00000268b4423db8: 1007 e821 

  0x00000268b4423dbc: ; ImmutableOopMap {rsi=Oop rdi=Oop }
                      ;*invokeinterface setCanAccessSystemClipboard {reexecute=0 rethrow=0 return_oop=0}
                      ; - java.awt.AWTEvent::dispatched@15 (line 597)
                      ; - java.awt.EventQueue::dispatchEventImpl@45 (line 776)
                      ;   {runtime_call throw_null_pointer_exception Runtime1 stub}
  0x00000268b4423dbc: 0211 07e8 

  0x00000268b4423dc0: ; ImmutableOopMap {rsi=Oop rdi=Oop }
                      ;*invokeinterface setCanAccessSystemClipboard {reexecute=0 rethrow=0 return_oop=0}
                      ; - java.awt.AWTEvent::dispatched@15 (line 597)
                      ; - java.awt.EventQueue::dispatchEventImpl@45 (line 776)
  0x00000268b4423dc0: 1cab 1007 

  0x00000268b4423dc4: ;   {metadata({method} {0x000002690d173210} 'setCanAccessSystemClipboard' '(Ljava/awt/event/InputEvent;Z)V' in 'java/awt/event/InputEvent$1')}
  0x00000268b4423dc4: 49ba 0832 | 170d 6902 | 0000 4c89 | 5424 0848 | c704 24ff 

  0x00000268b4423dd8: ;   {runtime_call counter_overflow Runtime1 stub}
  0x00000268b4423dd8: ffff ffe8 

  0x00000268b4423ddc: ; ImmutableOopMap {rdi=Oop }
                      ;*synchronization entry
                      ; - java.awt.event.InputEvent$1::setCanAccessSystemClipboard@-1 (line 338)
                      ; - java.awt.AWTEvent::dispatched@15 (line 597)
                      ; - java.awt.EventQueue::dispatchEventImpl@45 (line 776)
  0x00000268b4423ddc: 003b 1107 | e917 fcff 

  0x00000268b4423de4: ;   {runtime_call throw_null_pointer_exception Runtime1 stub}
  0x00000268b4423de4: ffe8 f6aa 

  0x00000268b4423de8: ; ImmutableOopMap {}
                      ;*putfield canAccessSystemClipboard {reexecute=1 rethrow=0 return_oop=0}
                      ; - (reexecute) java.awt.event.InputEvent$1::setCanAccessSystemClipboard@2 (line 338)
                      ; - java.awt.AWTEvent::dispatched@15 (line 597)
                      ; - java.awt.EventQueue::dispatchEventImpl@45 (line 776)
                      ;   {internal_word}
  0x00000268b4423de8: 1007 49ba | 183a 42b4 | 6802 0000 | 4d89 9760 

  0x00000268b4423df8: ;   {runtime_call SafepointBlob}
  0x00000268b4423df8: 0400 00e9 | e029 0407 | 498b 8700 | 0500 0049 | c787 0005 | 0000 0000 | 0000 49c7 | 8708 0500 
  0x00000268b4423e18: 0000 0000 | 0048 81c4 | d000 0000 

  0x00000268b4423e24: ;   {runtime_call unwind_exception Runtime1 stub}
  0x00000268b4423e24: 5de9 b69b | 1007 f4f4 | f4f4 f4f4 
[Stub Code]
  0x00000268b4423e30: ;   {no_reloc}
  0x00000268b4423e30: 0f1f 4400 

  0x00000268b4423e34: ;   {static_stub}
  0x00000268b4423e34: 0048 bb00 | 0000 0000 

  0x00000268b4423e3c: ;   {runtime_call nmethod}
  0x00000268b4423e3c: 0000 00e9 | fbff ffff 

  0x00000268b4423e44: ;   {static_stub}
  0x00000268b4423e44: 9048 bb00 | 0000 0000 

  0x00000268b4423e4c: ;   {runtime_call nmethod}
  0x00000268b4423e4c: 0000 00e9 | fbff ffff 

  0x00000268b4423e54: ;   {static_stub}
  0x00000268b4423e54: 9048 bb00 | 0000 0000 

  0x00000268b4423e5c: ;   {runtime_call nmethod}
  0x00000268b4423e5c: 0000 00e9 | fbff ffff 

  0x00000268b4423e64: ;   {static_stub}
  0x00000268b4423e64: 9048 bb00 | 0000 0000 

  0x00000268b4423e6c: ;   {runtime_call nmethod}
  0x00000268b4423e6c: 0000 00e9 | fbff ffff 

  0x00000268b4423e74: ;   {static_stub}
  0x00000268b4423e74: 9048 bb00 | 0000 0000 

  0x00000268b4423e7c: ;   {runtime_call nmethod}
  0x00000268b4423e7c: 0000 00e9 | fbff ffff 

  0x00000268b4423e84: ;   {static_stub}
  0x00000268b4423e84: 9048 bb00 | 0000 0000 

  0x00000268b4423e8c: ;   {runtime_call nmethod}
  0x00000268b4423e8c: 0000 00e9 | fbff ffff 

  0x00000268b4423e94: ;   {static_stub}
  0x00000268b4423e94: 9048 bb00 | 0000 0000 

  0x00000268b4423e9c: ;   {runtime_call nmethod}
  0x00000268b4423e9c: 0000 00e9 | fbff ffff 

  0x00000268b4423ea4: ;   {static_stub}
  0x00000268b4423ea4: 9048 bb00 | 0000 0000 

  0x00000268b4423eac: ;   {runtime_call nmethod}
  0x00000268b4423eac: 0000 00e9 | fbff ffff 

  0x00000268b4423eb4: ;   {static_stub}
  0x00000268b4423eb4: 9048 bb00 | 0000 0000 

  0x00000268b4423ebc: ;   {runtime_call nmethod}
  0x00000268b4423ebc: 0000 00e9 | fbff ffff 

  0x00000268b4423ec4: ;   {static_stub}
  0x00000268b4423ec4: 48bb 0000 | 0000 0000 

  0x00000268b4423ecc: ;   {runtime_call nmethod}
  0x00000268b4423ecc: 0000 e9fb 

  0x00000268b4423ed0: ;   {static_stub}
  0x00000268b4423ed0: ffff ff48 | bb00 0000 | 0000 0000 

  0x00000268b4423edc: ;   {runtime_call nmethod}
  0x00000268b4423edc: 00e9 fbff 

  0x00000268b4423ee0: ;   {static_stub}
  0x00000268b4423ee0: ffff 48bb | 0000 0000 | 0000 0000 

  0x00000268b4423eec: ;   {runtime_call nmethod}
  0x00000268b4423eec: e9fb ffff 

  0x00000268b4423ef0: ;   {static_stub}
  0x00000268b4423ef0: ff48 bb00 | 0000 0000 

  0x00000268b4423ef8: ;   {runtime_call nmethod}
  0x00000268b4423ef8: 0000 00e9 | fbff ffff 

  0x00000268b4423f00: ;   {static_stub}
  0x00000268b4423f00: 48bb 0000 | 0000 0000 

  0x00000268b4423f08: ;   {runtime_call nmethod}
  0x00000268b4423f08: 0000 e9fb 

  0x00000268b4423f0c: ;   {runtime_call handle_exception_from_callee Runtime1 stub}
  0x00000268b4423f0c: ffff ffe8 | 4cf2 1007 

  0x00000268b4423f14: ;   {external_word}
  0x00000268b4423f14: 48b9 40d5 | a93b fa7f | 0000 4883 

  0x00000268b4423f20: ;   {runtime_call}
  0x00000268b4423f20: e4f0 48b8 | 704a 703b | fa7f 0000 

  0x00000268b4423f2c: ;   {section_word}
  0x00000268b4423f2c: ffd0 f449 | ba2f 3f42 | b468 0200 

  0x00000268b4423f38: ;   {runtime_call DeoptimizationBlob}
  0x00000268b4423f38: 0041 52e9 | c03c 0407 
[/MachCode]


---------------  P R O C E S S  ---------------

Threads class SMR info:
_java_thread_list=0x00000269126b41b0, length=17, elements={
0x00000268caab3a80, 0x00000268caab76f0, 0x00000268caabf7f0, 0x00000268caabcda0,
0x00000268caabd8f0, 0x00000268caac8360, 0x00000268caacc8f0, 0x00000268caace3b0,
0x00000268cb911680, 0x00000268cb9102d0, 0x00000268cb90fc40, 0x00000268cb910960,
0x00000268cb911d10, 0x00000268cb9123a0, 0x00000268cb912a30, 0x00000268cb910ff0,
0x0000026912479820
}

Java Threads: ( => current thread )
  0x00000268caab3a80 JavaThread "Reference Handler"          daemon [_thread_blocked, id=3656, stack(0x000000a74a200000,0x000000a74a300000) (1024K)]
  0x00000268caab76f0 JavaThread "Finalizer"                  daemon [_thread_blocked, id=25380, stack(0x000000a74a300000,0x000000a74a400000) (1024K)]
  0x00000268caabf7f0 JavaThread "Signal Dispatcher"          daemon [_thread_blocked, id=6800, stack(0x000000a74a400000,0x000000a74a500000) (1024K)]
  0x00000268caabcda0 JavaThread "Attach Listener"            daemon [_thread_blocked, id=8552, stack(0x000000a74a500000,0x000000a74a600000) (1024K)]
  0x00000268caabd8f0 JavaThread "Service Thread"             daemon [_thread_blocked, id=23412, stack(0x000000a74a600000,0x000000a74a700000) (1024K)]
  0x00000268caac8360 JavaThread "Monitor Deflation Thread"   daemon [_thread_blocked, id=22980, stack(0x000000a74a700000,0x000000a74a800000) (1024K)]
  0x00000268caacc8f0 JavaThread "C2 CompilerThread0"         daemon [_thread_blocked, id=19212, stack(0x000000a74a800000,0x000000a74a900000) (1024K)]
  0x00000268caace3b0 JavaThread "C1 CompilerThread0"         daemon [_thread_blocked, id=17100, stack(0x000000a74a900000,0x000000a74aa00000) (1024K)]
  0x00000268cb911680 JavaThread "Notification Thread"        daemon [_thread_blocked, id=21524, stack(0x000000a74ac00000,0x000000a74ad00000) (1024K)]
  0x00000268cb9102d0 JavaThread "Common-Cleaner"             daemon [_thread_blocked, id=20612, stack(0x000000a74ad00000,0x000000a74ae00000) (1024K)]
  0x00000268cb90fc40 JavaThread "Java2D Disposer"            daemon [_thread_blocked, id=21784, stack(0x000000a74b000000,0x000000a74b100000) (1024K)]
  0x00000268cb910960 JavaThread "AWT-Shutdown"                      [_thread_blocked, id=5456, stack(0x000000a74b100000,0x000000a74b200000) (1024K)]
  0x00000268cb911d10 JavaThread "AWT-Windows"                daemon [_thread_in_native, id=5424, stack(0x000000a74b200000,0x000000a74b300000) (1024K)]
=>0x00000268cb9123a0 JavaThread "AWT-EventQueue-0"                  [_thread_in_native, id=11200, stack(0x000000a74b300000,0x000000a74b400000) (1024K)]
  0x00000268cb912a30 JavaThread "DestroyJavaVM"                     [_thread_blocked, id=10140, stack(0x000000a749a00000,0x000000a749b00000) (1024K)]
  0x00000268cb910ff0 JavaThread "TimerQueue"                 daemon [_thread_blocked, id=26096, stack(0x000000a74b500000,0x000000a74b600000) (1024K)]
  0x0000026912479820 JavaThread "mysql-cj-abandoned-connection-cleanup" daemon [_thread_blocked, id=22744, stack(0x000000a74b800000,0x000000a74b900000) (1024K)]
Total: 17

Other Threads:
  0x00000268caa99d10 VMThread "VM Thread"                           [id=12372, stack(0x000000a74a100000,0x000000a74a200000) (1024K)]
  0x00000268caa86140 WatcherThread "VM Periodic Task Thread"        [id=8092, stack(0x000000a74a000000,0x000000a74a100000) (1024K)]
  0x00000268ab8f4bb0 WorkerThread "GC Thread#0"                     [id=26408, stack(0x000000a749b00000,0x000000a749c00000) (1024K)]
  0x00000269117c9b90 WorkerThread "GC Thread#1"                     [id=15472, stack(0x000000a74b900000,0x000000a74ba00000) (1024K)]
  0x00000269117ca350 WorkerThread "GC Thread#2"                     [id=24300, stack(0x000000a74ba00000,0x000000a74bb00000) (1024K)]
  0x00000269117ca700 WorkerThread "GC Thread#3"                     [id=21176, stack(0x000000a74bb00000,0x000000a74bc00000) (1024K)]
  0x00000269117cb2c0 WorkerThread "GC Thread#4"                     [id=21160, stack(0x000000a74bc00000,0x000000a74bd00000) (1024K)]
  0x0000026912992d10 WorkerThread "GC Thread#5"                     [id=21844, stack(0x000000a74bd00000,0x000000a74be00000) (1024K)]
  0x00000269129938d0 WorkerThread "GC Thread#6"                     [id=16576, stack(0x000000a74be00000,0x000000a74bf00000) (1024K)]
  0x0000026912a3da30 WorkerThread "GC Thread#7"                     [id=26124, stack(0x000000a74bf00000,0x000000a74c000000) (1024K)]
  0x00000269129b0570 WorkerThread "GC Thread#8"                     [id=14448, stack(0x000000a74c000000,0x000000a74c100000) (1024K)]
  0x0000026912af9a40 WorkerThread "GC Thread#9"                     [id=3492, stack(0x000000a74c100000,0x000000a74c200000) (1024K)]
  0x0000026912af8f30 WorkerThread "GC Thread#10"                    [id=18164, stack(0x000000a74c200000,0x000000a74c300000) (1024K)]
  0x0000026912af8420 WorkerThread "GC Thread#11"                    [id=8776, stack(0x000000a74c300000,0x000000a74c400000) (1024K)]
  0x0000026912c02cd0 WorkerThread "GC Thread#12"                    [id=25800, stack(0x000000a74ab00000,0x000000a74ac00000) (1024K)]
  0x00000268ab948010 ConcurrentGCThread "G1 Main Marker"            [id=13628, stack(0x000000a749c00000,0x000000a749d00000) (1024K)]
  0x00000268ab948b20 WorkerThread "G1 Conc#0"                       [id=10624, stack(0x000000a749d00000,0x000000a749e00000) (1024K)]
  0x00000268ca957a00 ConcurrentGCThread "G1 Refine#0"               [id=25240, stack(0x000000a749e00000,0x000000a749f00000) (1024K)]
  0x00000268ca958420 ConcurrentGCThread "G1 Service"                [id=1924, stack(0x000000a749f00000,0x000000a74a000000) (1024K)]
Total: 19

Threads with active compile tasks:
Total: 0

VM state: not at safepoint (normal execution)

VM Mutex/Monitor currently owned by a thread: None

Heap address: 0x0000000704a00000, size: 4022 MB, Compressed Oops mode: Zero based, Oop shift amount: 3

CDS archive(s) mapped at: [0x00000268cc000000-0x00000268ccd70000-0x00000268ccd70000), size 14090240, SharedBaseAddress: 0x00000268cc000000, ArchiveRelocationMode: 1.
Compressed class space mapped at: 0x00000268cd000000-0x000002690d000000, reserved size: 1073741824
Narrow klass base: 0x00000268cc000000, Narrow klass shift: 0, Narrow klass range: 0x41000000

GC Precious Log:
 CardTable entry size: 512
 Card Set container configuration: InlinePtr #cards 4 size 8 Array Of Cards #cards 16 size 48 Howl #buckets 8 coarsen threshold 3686 Howl Bitmap #cards 512 size 80 coarsen threshold 460 Card regions per heap region 1 cards per card region 4096
 CPUs: 16 total, 16 available
 Memory: 16085M
 Large Page Support: Disabled
 NUMA Support: Disabled
 Compressed Oops: Enabled (Zero based)
 Heap Region Size: 2M
 Heap Min Capacity: 8M
 Heap Initial Capacity: 252M
 Heap Max Capacity: 4022M
 Pre-touch: Disabled
 Parallel Workers: 13
 Concurrent Workers: 3
 Concurrent Refinement Workers: 13
 Periodic GC: Disabled

Heap:
 garbage-first heap   total reserved 4118528K, committed 258048K, used 18178K [0x0000000704a00000, 0x0000000800000000)
  region size 2048K, 4 young (8192K), 2 survivors (4096K)
 Metaspace       used 19139K, committed 19456K, reserved 1114112K
  class space    used 2161K, committed 2304K, reserved 1048576K

Heap Regions: E=young(eden), S=young(survivor), O=old, HS=humongous(starts), HC=humongous(continues), CS=collection set, F=free, TAMS=top-at-mark-start, PB=parsable bottom
|   0|0x0000000704a00000, 0x0000000704c00000, 0x0000000704c00000|100%| O|  |TAMS 0x0000000704a00000| PB 0x0000000704a00000| Untracked |  0
|   1|0x0000000704c00000, 0x0000000704e00000, 0x0000000704e00000|100%|HS|  |TAMS 0x0000000704c00000| PB 0x0000000704c00000| Complete |  0
|   2|0x0000000704e00000, 0x0000000705000000, 0x0000000705000000|100%|HC|  |TAMS 0x0000000704e00000| PB 0x0000000704e00000| Complete |  0
|   3|0x0000000705000000, 0x0000000705200000, 0x0000000705200000|100%|HS|  |TAMS 0x0000000705000000| PB 0x0000000705000000| Complete |  0
|   4|0x0000000705200000, 0x0000000705400000, 0x0000000705400000|100%| O|  |TAMS 0x0000000705200000| PB 0x0000000705200000| Untracked |  0
|   5|0x0000000705400000, 0x00000007055faaf8, 0x0000000705600000| 98%| O|  |TAMS 0x0000000705400000| PB 0x0000000705400000| Untracked |  0
|   6|0x0000000705600000, 0x0000000705600000, 0x0000000705800000|  0%| F|  |TAMS 0x0000000705600000| PB 0x0000000705600000| Untracked |  0
|   7|0x0000000705800000, 0x0000000705800000, 0x0000000705a00000|  0%| F|  |TAMS 0x0000000705800000| PB 0x0000000705800000| Untracked |  0
|   8|0x0000000705a00000, 0x0000000705a00000, 0x0000000705c00000|  0%| F|  |TAMS 0x0000000705a00000| PB 0x0000000705a00000| Untracked |  0
|   9|0x0000000705c00000, 0x0000000705c00000, 0x0000000705e00000|  0%| F|  |TAMS 0x0000000705c00000| PB 0x0000000705c00000| Untracked |  0
|  10|0x0000000705e00000, 0x0000000705e00000, 0x0000000706000000|  0%| F|  |TAMS 0x0000000705e00000| PB 0x0000000705e00000| Untracked |  0
|  11|0x0000000706000000, 0x0000000706000000, 0x0000000706200000|  0%| F|  |TAMS 0x0000000706000000| PB 0x0000000706000000| Untracked |  0
|  12|0x0000000706200000, 0x0000000706200000, 0x0000000706400000|  0%| F|  |TAMS 0x0000000706200000| PB 0x0000000706200000| Untracked |  0
|  13|0x0000000706400000, 0x0000000706400000, 0x0000000706600000|  0%| F|  |TAMS 0x0000000706400000| PB 0x0000000706400000| Untracked |  0
|  14|0x0000000706600000, 0x0000000706600000, 0x0000000706800000|  0%| F|  |TAMS 0x0000000706600000| PB 0x0000000706600000| Untracked |  0
|  15|0x0000000706800000, 0x0000000706800000, 0x0000000706a00000|  0%| F|  |TAMS 0x0000000706800000| PB 0x0000000706800000| Untracked |  0
|  16|0x0000000706a00000, 0x0000000706a00000, 0x0000000706c00000|  0%| F|  |TAMS 0x0000000706a00000| PB 0x0000000706a00000| Untracked |  0
|  17|0x0000000706c00000, 0x0000000706c00000, 0x0000000706e00000|  0%| F|  |TAMS 0x0000000706c00000| PB 0x0000000706c00000| Untracked |  0
|  18|0x0000000706e00000, 0x0000000706e00000, 0x0000000707000000|  0%| F|  |TAMS 0x0000000706e00000| PB 0x0000000706e00000| Untracked |  0
|  19|0x0000000707000000, 0x0000000707000000, 0x0000000707200000|  0%| F|  |TAMS 0x0000000707000000| PB 0x0000000707000000| Untracked |  0
|  20|0x0000000707200000, 0x0000000707200000, 0x0000000707400000|  0%| F|  |TAMS 0x0000000707200000| PB 0x0000000707200000| Untracked |  0
|  21|0x0000000707400000, 0x0000000707400000, 0x0000000707600000|  0%| F|  |TAMS 0x0000000707400000| PB 0x0000000707400000| Untracked |  0
|  22|0x0000000707600000, 0x0000000707600000, 0x0000000707800000|  0%| F|  |TAMS 0x0000000707600000| PB 0x0000000707600000| Untracked |  0
|  23|0x0000000707800000, 0x0000000707800000, 0x0000000707a00000|  0%| F|  |TAMS 0x0000000707800000| PB 0x0000000707800000| Untracked |  0
|  24|0x0000000707a00000, 0x0000000707a00000, 0x0000000707c00000|  0%| F|  |TAMS 0x0000000707a00000| PB 0x0000000707a00000| Untracked |  0
|  25|0x0000000707c00000, 0x0000000707c00000, 0x0000000707e00000|  0%| F|  |TAMS 0x0000000707c00000| PB 0x0000000707c00000| Untracked |  0
|  26|0x0000000707e00000, 0x0000000707e00000, 0x0000000708000000|  0%| F|  |TAMS 0x0000000707e00000| PB 0x0000000707e00000| Untracked |  0
|  27|0x0000000708000000, 0x0000000708000000, 0x0000000708200000|  0%| F|  |TAMS 0x0000000708000000| PB 0x0000000708000000| Untracked |  0
|  28|0x0000000708200000, 0x0000000708200000, 0x0000000708400000|  0%| F|  |TAMS 0x0000000708200000| PB 0x0000000708200000| Untracked |  0
|  29|0x0000000708400000, 0x0000000708400000, 0x0000000708600000|  0%| F|  |TAMS 0x0000000708400000| PB 0x0000000708400000| Untracked |  0
|  30|0x0000000708600000, 0x0000000708600000, 0x0000000708800000|  0%| F|  |TAMS 0x0000000708600000| PB 0x0000000708600000| Untracked |  0
|  31|0x0000000708800000, 0x0000000708800000, 0x0000000708a00000|  0%| F|  |TAMS 0x0000000708800000| PB 0x0000000708800000| Untracked |  0
|  32|0x0000000708a00000, 0x0000000708a00000, 0x0000000708c00000|  0%| F|  |TAMS 0x0000000708a00000| PB 0x0000000708a00000| Untracked |  0
|  33|0x0000000708c00000, 0x0000000708c00000, 0x0000000708e00000|  0%| F|  |TAMS 0x0000000708c00000| PB 0x0000000708c00000| Untracked |  0
|  34|0x0000000708e00000, 0x0000000708e00000, 0x0000000709000000|  0%| F|  |TAMS 0x0000000708e00000| PB 0x0000000708e00000| Untracked |  0
|  35|0x0000000709000000, 0x0000000709000000, 0x0000000709200000|  0%| F|  |TAMS 0x0000000709000000| PB 0x0000000709000000| Untracked |  0
|  36|0x0000000709200000, 0x0000000709200000, 0x0000000709400000|  0%| F|  |TAMS 0x0000000709200000| PB 0x0000000709200000| Untracked |  0
|  37|0x0000000709400000, 0x0000000709400000, 0x0000000709600000|  0%| F|  |TAMS 0x0000000709400000| PB 0x0000000709400000| Untracked |  0
|  38|0x0000000709600000, 0x0000000709600000, 0x0000000709800000|  0%| F|  |TAMS 0x0000000709600000| PB 0x0000000709600000| Untracked |  0
|  39|0x0000000709800000, 0x0000000709800000, 0x0000000709a00000|  0%| F|  |TAMS 0x0000000709800000| PB 0x0000000709800000| Untracked |  0
|  40|0x0000000709a00000, 0x0000000709a00000, 0x0000000709c00000|  0%| F|  |TAMS 0x0000000709a00000| PB 0x0000000709a00000| Untracked |  0
|  41|0x0000000709c00000, 0x0000000709c00000, 0x0000000709e00000|  0%| F|  |TAMS 0x0000000709c00000| PB 0x0000000709c00000| Untracked |  0
|  42|0x0000000709e00000, 0x0000000709e00000, 0x000000070a000000|  0%| F|  |TAMS 0x0000000709e00000| PB 0x0000000709e00000| Untracked |  0
|  43|0x000000070a000000, 0x000000070a000000, 0x000000070a200000|  0%| F|  |TAMS 0x000000070a000000| PB 0x000000070a000000| Untracked |  0
|  44|0x000000070a200000, 0x000000070a200000, 0x000000070a400000|  0%| F|  |TAMS 0x000000070a200000| PB 0x000000070a200000| Untracked |  0
|  45|0x000000070a400000, 0x000000070a400000, 0x000000070a600000|  0%| F|  |TAMS 0x000000070a400000| PB 0x000000070a400000| Untracked |  0
|  46|0x000000070a600000, 0x000000070a600000, 0x000000070a800000|  0%| F|  |TAMS 0x000000070a600000| PB 0x000000070a600000| Untracked |  0
|  47|0x000000070a800000, 0x000000070a800000, 0x000000070aa00000|  0%| F|  |TAMS 0x000000070a800000| PB 0x000000070a800000| Untracked |  0
|  48|0x000000070aa00000, 0x000000070aa00000, 0x000000070ac00000|  0%| F|  |TAMS 0x000000070aa00000| PB 0x000000070aa00000| Untracked |  0
|  49|0x000000070ac00000, 0x000000070ac00000, 0x000000070ae00000|  0%| F|  |TAMS 0x000000070ac00000| PB 0x000000070ac00000| Untracked |  0
|  50|0x000000070ae00000, 0x000000070ae00000, 0x000000070b000000|  0%| F|  |TAMS 0x000000070ae00000| PB 0x000000070ae00000| Untracked |  0
|  51|0x000000070b000000, 0x000000070b000000, 0x000000070b200000|  0%| F|  |TAMS 0x000000070b000000| PB 0x000000070b000000| Untracked |  0
|  52|0x000000070b200000, 0x000000070b200000, 0x000000070b400000|  0%| F|  |TAMS 0x000000070b200000| PB 0x000000070b200000| Untracked |  0
|  53|0x000000070b400000, 0x000000070b400000, 0x000000070b600000|  0%| F|  |TAMS 0x000000070b400000| PB 0x000000070b400000| Untracked |  0
|  54|0x000000070b600000, 0x000000070b600000, 0x000000070b800000|  0%| F|  |TAMS 0x000000070b600000| PB 0x000000070b600000| Untracked |  0
|  55|0x000000070b800000, 0x000000070b800000, 0x000000070ba00000|  0%| F|  |TAMS 0x000000070b800000| PB 0x000000070b800000| Untracked |  0
|  56|0x000000070ba00000, 0x000000070ba00000, 0x000000070bc00000|  0%| F|  |TAMS 0x000000070ba00000| PB 0x000000070ba00000| Untracked |  0
|  57|0x000000070bc00000, 0x000000070bc00000, 0x000000070be00000|  0%| F|  |TAMS 0x000000070bc00000| PB 0x000000070bc00000| Untracked |  0
|  58|0x000000070be00000, 0x000000070be00000, 0x000000070c000000|  0%| F|  |TAMS 0x000000070be00000| PB 0x000000070be00000| Untracked |  0
|  59|0x000000070c000000, 0x000000070c000000, 0x000000070c200000|  0%| F|  |TAMS 0x000000070c000000| PB 0x000000070c000000| Untracked |  0
|  60|0x000000070c200000, 0x000000070c200000, 0x000000070c400000|  0%| F|  |TAMS 0x000000070c200000| PB 0x000000070c200000| Untracked |  0
|  61|0x000000070c400000, 0x000000070c400000, 0x000000070c600000|  0%| F|  |TAMS 0x000000070c400000| PB 0x000000070c400000| Untracked |  0
|  62|0x000000070c600000, 0x000000070c600000, 0x000000070c800000|  0%| F|  |TAMS 0x000000070c600000| PB 0x000000070c600000| Untracked |  0
|  63|0x000000070c800000, 0x000000070c800000, 0x000000070ca00000|  0%| F|  |TAMS 0x000000070c800000| PB 0x000000070c800000| Untracked |  0
|  64|0x000000070ca00000, 0x000000070ca00000, 0x000000070cc00000|  0%| F|  |TAMS 0x000000070ca00000| PB 0x000000070ca00000| Untracked |  0
|  65|0x000000070cc00000, 0x000000070cc00000, 0x000000070ce00000|  0%| F|  |TAMS 0x000000070cc00000| PB 0x000000070cc00000| Untracked |  0
|  66|0x000000070ce00000, 0x000000070ce00000, 0x000000070d000000|  0%| F|  |TAMS 0x000000070ce00000| PB 0x000000070ce00000| Untracked |  0
|  67|0x000000070d000000, 0x000000070d000000, 0x000000070d200000|  0%| F|  |TAMS 0x000000070d000000| PB 0x000000070d000000| Untracked |  0
|  68|0x000000070d200000, 0x000000070d200000, 0x000000070d400000|  0%| F|  |TAMS 0x000000070d200000| PB 0x000000070d200000| Untracked |  0
|  69|0x000000070d400000, 0x000000070d400000, 0x000000070d600000|  0%| F|  |TAMS 0x000000070d400000| PB 0x000000070d400000| Untracked |  0
|  70|0x000000070d600000, 0x000000070d600000, 0x000000070d800000|  0%| F|  |TAMS 0x000000070d600000| PB 0x000000070d600000| Untracked |  0
|  71|0x000000070d800000, 0x000000070d800000, 0x000000070da00000|  0%| F|  |TAMS 0x000000070d800000| PB 0x000000070d800000| Untracked |  0
|  72|0x000000070da00000, 0x000000070da00000, 0x000000070dc00000|  0%| F|  |TAMS 0x000000070da00000| PB 0x000000070da00000| Untracked |  0
|  73|0x000000070dc00000, 0x000000070dc00000, 0x000000070de00000|  0%| F|  |TAMS 0x000000070dc00000| PB 0x000000070dc00000| Untracked |  0
|  74|0x000000070de00000, 0x000000070de00000, 0x000000070e000000|  0%| F|  |TAMS 0x000000070de00000| PB 0x000000070de00000| Untracked |  0
|  75|0x000000070e000000, 0x000000070e000000, 0x000000070e200000|  0%| F|  |TAMS 0x000000070e000000| PB 0x000000070e000000| Untracked |  0
|  76|0x000000070e200000, 0x000000070e200000, 0x000000070e400000|  0%| F|  |TAMS 0x000000070e200000| PB 0x000000070e200000| Untracked |  0
|  77|0x000000070e400000, 0x000000070e400000, 0x000000070e600000|  0%| F|  |TAMS 0x000000070e400000| PB 0x000000070e400000| Untracked |  0
|  78|0x000000070e600000, 0x000000070e600000, 0x000000070e800000|  0%| F|  |TAMS 0x000000070e600000| PB 0x000000070e600000| Untracked |  0
|  79|0x000000070e800000, 0x000000070e800000, 0x000000070ea00000|  0%| F|  |TAMS 0x000000070e800000| PB 0x000000070e800000| Untracked |  0
|  80|0x000000070ea00000, 0x000000070ea00000, 0x000000070ec00000|  0%| F|  |TAMS 0x000000070ea00000| PB 0x000000070ea00000| Untracked |  0
|  81|0x000000070ec00000, 0x000000070ec00000, 0x000000070ee00000|  0%| F|  |TAMS 0x000000070ec00000| PB 0x000000070ec00000| Untracked |  0
|  82|0x000000070ee00000, 0x000000070ee00000, 0x000000070f000000|  0%| F|  |TAMS 0x000000070ee00000| PB 0x000000070ee00000| Untracked |  0
|  83|0x000000070f000000, 0x000000070f000000, 0x000000070f200000|  0%| F|  |TAMS 0x000000070f000000| PB 0x000000070f000000| Untracked |  0
|  84|0x000000070f200000, 0x000000070f200000, 0x000000070f400000|  0%| F|  |TAMS 0x000000070f200000| PB 0x000000070f200000| Untracked |  0
|  85|0x000000070f400000, 0x000000070f400000, 0x000000070f600000|  0%| F|  |TAMS 0x000000070f400000| PB 0x000000070f400000| Untracked |  0
|  86|0x000000070f600000, 0x000000070f600000, 0x000000070f800000|  0%| F|  |TAMS 0x000000070f600000| PB 0x000000070f600000| Untracked |  0
|  87|0x000000070f800000, 0x000000070f800000, 0x000000070fa00000|  0%| F|  |TAMS 0x000000070f800000| PB 0x000000070f800000| Untracked |  0
|  88|0x000000070fa00000, 0x000000070fa00000, 0x000000070fc00000|  0%| F|  |TAMS 0x000000070fa00000| PB 0x000000070fa00000| Untracked |  0
|  89|0x000000070fc00000, 0x000000070fc00000, 0x000000070fe00000|  0%| F|  |TAMS 0x000000070fc00000| PB 0x000000070fc00000| Untracked |  0
|  90|0x000000070fe00000, 0x000000070fe00000, 0x0000000710000000|  0%| F|  |TAMS 0x000000070fe00000| PB 0x000000070fe00000| Untracked |  0
|  91|0x0000000710000000, 0x0000000710000000, 0x0000000710200000|  0%| F|  |TAMS 0x0000000710000000| PB 0x0000000710000000| Untracked |  0
|  92|0x0000000710200000, 0x0000000710200000, 0x0000000710400000|  0%| F|  |TAMS 0x0000000710200000| PB 0x0000000710200000| Untracked |  0
|  93|0x0000000710400000, 0x0000000710400000, 0x0000000710600000|  0%| F|  |TAMS 0x0000000710400000| PB 0x0000000710400000| Untracked |  0
|  94|0x0000000710600000, 0x0000000710600000, 0x0000000710800000|  0%| F|  |TAMS 0x0000000710600000| PB 0x0000000710600000| Untracked |  0
|  95|0x0000000710800000, 0x0000000710800000, 0x0000000710a00000|  0%| F|  |TAMS 0x0000000710800000| PB 0x0000000710800000| Untracked |  0
|  96|0x0000000710a00000, 0x0000000710a00000, 0x0000000710c00000|  0%| F|  |TAMS 0x0000000710a00000| PB 0x0000000710a00000| Untracked |  0
|  97|0x0000000710c00000, 0x0000000710c00000, 0x0000000710e00000|  0%| F|  |TAMS 0x0000000710c00000| PB 0x0000000710c00000| Untracked |  0
|  98|0x0000000710e00000, 0x0000000710e00000, 0x0000000711000000|  0%| F|  |TAMS 0x0000000710e00000| PB 0x0000000710e00000| Untracked |  0
|  99|0x0000000711000000, 0x0000000711000000, 0x0000000711200000|  0%| F|  |TAMS 0x0000000711000000| PB 0x0000000711000000| Untracked |  0
| 100|0x0000000711200000, 0x0000000711200000, 0x0000000711400000|  0%| F|  |TAMS 0x0000000711200000| PB 0x0000000711200000| Untracked |  0
| 101|0x0000000711400000, 0x0000000711400000, 0x0000000711600000|  0%| F|  |TAMS 0x0000000711400000| PB 0x0000000711400000| Untracked |  0
| 102|0x0000000711600000, 0x0000000711600000, 0x0000000711800000|  0%| F|  |TAMS 0x0000000711600000| PB 0x0000000711600000| Untracked |  0
| 103|0x0000000711800000, 0x0000000711800000, 0x0000000711a00000|  0%| F|  |TAMS 0x0000000711800000| PB 0x0000000711800000| Untracked |  0
| 104|0x0000000711a00000, 0x0000000711a00000, 0x0000000711c00000|  0%| F|  |TAMS 0x0000000711a00000| PB 0x0000000711a00000| Untracked |  0
| 105|0x0000000711c00000, 0x0000000711c00000, 0x0000000711e00000|  0%| F|  |TAMS 0x0000000711c00000| PB 0x0000000711c00000| Untracked |  0
| 106|0x0000000711e00000, 0x0000000711e00000, 0x0000000712000000|  0%| F|  |TAMS 0x0000000711e00000| PB 0x0000000711e00000| Untracked |  0
| 107|0x0000000712000000, 0x0000000712000000, 0x0000000712200000|  0%| F|  |TAMS 0x0000000712000000| PB 0x0000000712000000| Untracked |  0
| 108|0x0000000712200000, 0x0000000712200000, 0x0000000712400000|  0%| F|  |TAMS 0x0000000712200000| PB 0x0000000712200000| Untracked |  0
| 109|0x0000000712400000, 0x0000000712400000, 0x0000000712600000|  0%| F|  |TAMS 0x0000000712400000| PB 0x0000000712400000| Untracked |  0
| 110|0x0000000712600000, 0x0000000712600000, 0x0000000712800000|  0%| F|  |TAMS 0x0000000712600000| PB 0x0000000712600000| Untracked |  0
| 111|0x0000000712800000, 0x0000000712800000, 0x0000000712a00000|  0%| F|  |TAMS 0x0000000712800000| PB 0x0000000712800000| Untracked |  0
| 112|0x0000000712a00000, 0x0000000712a00000, 0x0000000712c00000|  0%| F|  |TAMS 0x0000000712a00000| PB 0x0000000712a00000| Untracked |  0
| 113|0x0000000712c00000, 0x0000000712c00000, 0x0000000712e00000|  0%| F|  |TAMS 0x0000000712c00000| PB 0x0000000712c00000| Untracked |  0
| 114|0x0000000712e00000, 0x0000000712fc5dc8, 0x0000000713000000| 88%| S|CS|TAMS 0x0000000712e00000| PB 0x0000000712e00000| Complete |  0
| 115|0x0000000713000000, 0x0000000713200000, 0x0000000713200000|100%| S|CS|TAMS 0x0000000713000000| PB 0x0000000713000000| Complete |  0
| 116|0x0000000713200000, 0x0000000713200000, 0x0000000713400000|  0%| F|  |TAMS 0x0000000713200000| PB 0x0000000713200000| Untracked |  0
| 117|0x0000000713400000, 0x0000000713400000, 0x0000000713600000|  0%| F|  |TAMS 0x0000000713400000| PB 0x0000000713400000| Untracked |  0
| 118|0x0000000713600000, 0x0000000713600000, 0x0000000713800000|  0%| F|  |TAMS 0x0000000713600000| PB 0x0000000713600000| Untracked |  0
| 119|0x0000000713800000, 0x0000000713800000, 0x0000000713a00000|  0%| F|  |TAMS 0x0000000713800000| PB 0x0000000713800000| Untracked |  0
| 120|0x0000000713a00000, 0x0000000713a00000, 0x0000000713c00000|  0%| F|  |TAMS 0x0000000713a00000| PB 0x0000000713a00000| Untracked |  0
| 121|0x0000000713c00000, 0x0000000713c00000, 0x0000000713e00000|  0%| F|  |TAMS 0x0000000713c00000| PB 0x0000000713c00000| Untracked |  0
| 122|0x0000000713e00000, 0x0000000713e00000, 0x0000000714000000|  0%| F|  |TAMS 0x0000000713e00000| PB 0x0000000713e00000| Untracked |  0
| 123|0x0000000714000000, 0x0000000714000000, 0x0000000714200000|  0%| F|  |TAMS 0x0000000714000000| PB 0x0000000714000000| Untracked |  0
| 124|0x0000000714200000, 0x0000000714306868, 0x0000000714400000| 51%| E|  |TAMS 0x0000000714200000| PB 0x0000000714200000| Complete |  0
| 125|0x0000000714400000, 0x0000000714600000, 0x0000000714600000|100%| E|CS|TAMS 0x0000000714400000| PB 0x0000000714400000| Complete |  0

Card table byte_map: [0x00000268c4030000,0x00000268c4810000] _byte_map_base: 0x00000268c080b000

Marking Bits: (CMBitMap*) 0x00000268ab8f52c0
 Bits: [0x00000268c4810000, 0x00000268c86e8000)

Polling page: 0x00000268a9660000

Metaspace:

Usage:
  Non-class:     16.58 MB used.
      Class:      2.11 MB used.
       Both:     18.69 MB used.

Virtual space:
  Non-class space:       64.00 MB reserved,      16.75 MB ( 26%) committed,  1 nodes.
      Class space:        1.00 GB reserved,       2.25 MB ( <1%) committed,  1 nodes.
             Both:        1.06 GB reserved,      19.00 MB (  2%) committed. 

Chunk freelists:
   Non-Class:  14.98 MB
       Class:  13.66 MB
        Both:  28.64 MB

MaxMetaspaceSize: unlimited
CompressedClassSpaceSize: 1.00 GB
Initial GC threshold: 21.00 MB
Current GC threshold: 21.00 MB
CDS: on
 - commit_granule_bytes: 65536.
 - commit_granule_words: 8192.
 - virtual_space_node_default_size: 8388608.
 - enlarge_chunks_in_place: 1.
 - use_allocation_guard: 0.


Internal statistics:

num_allocs_failed_limit: 0.
num_arena_births: 186.
num_arena_deaths: 0.
num_vsnodes_births: 2.
num_vsnodes_deaths: 0.
num_space_committed: 304.
num_space_uncommitted: 0.
num_chunks_returned_to_freelist: 0.
num_chunks_taken_from_freelist: 447.
num_chunk_merges: 0.
num_chunk_splits: 297.
num_chunks_enlarged: 201.
num_inconsistent_stats: 0.

CodeHeap 'non-profiled nmethods': size=119232Kb used=1079Kb max_used=1079Kb free=118152Kb
 bounds [0x00000268bbb50000, 0x00000268bbdc0000, 0x00000268c2fc0000]
CodeHeap 'profiled nmethods': size=119104Kb used=5343Kb max_used=5343Kb free=113760Kb
 bounds [0x00000268b3fc0000, 0x00000268b4500000, 0x00000268bb410000]
CodeHeap 'non-nmethods': size=7424Kb used=1972Kb max_used=3674Kb free=5451Kb
 bounds [0x00000268bb410000, 0x00000268bb7b0000, 0x00000268bbb50000]
CodeCache: size=245760Kb, used=8394Kb, max_used=10096Kb, free=237363Kb
 total_blobs=4318, nmethods=3492, adapters=729, full_count=0
Compilation: enabled, stopped_count=0, restarted_count=0

Compilation events (20 events):
Event: 28.124 Thread 0x00000268caacc8f0 3483       4       java.security.AccessController::getContext (23 bytes)
Event: 28.125 Thread 0x00000268caace3b0 3484       3       javax.swing.plaf.metal.MetalLookAndFeel::getCurrentTheme (88 bytes)
Event: 28.125 Thread 0x00000268caace3b0 nmethod 3484 0x00000268b44f4a88 code [0x00000268b44f4d40, 0x00000268b44f5dc0]
Event: 28.128 Thread 0x00000268caacc8f0 nmethod 3483 0x00000268bbc5d088 code [0x00000268bbc5d200, 0x00000268bbc5d938]
Event: 28.637 Thread 0x00000268caace3b0 3485       3       sun.java2d.SunGraphics2D::getFont (19 bytes)
Event: 28.637 Thread 0x00000268caace3b0 nmethod 3485 0x00000268b44f5e88 code [0x00000268b44f5fa0, 0x00000268b44f6160]
Event: 29.234 Thread 0x00000268caace3b0 3486       3       java.util.IdentityHashMap$IdentityHashMapIterator::<init> (63 bytes)
Event: 29.235 Thread 0x00000268caace3b0 nmethod 3486 0x00000268b44f6188 code [0x00000268b44f62c0, 0x00000268b44f6580]
Event: 29.235 Thread 0x00000268caace3b0 3487       3       javax.swing.SwingUtilities::getWindowAncestor (31 bytes)
Event: 29.235 Thread 0x00000268caace3b0 nmethod 3487 0x00000268b44f6608 code [0x00000268b44f6760, 0x00000268b44f6ce8]
Event: 29.235 Thread 0x00000268caace3b0 3488       3       sun.java2d.SunGraphics2D::setDevClip (45 bytes)
Event: 29.235 Thread 0x00000268caace3b0 nmethod 3488 0x00000268b44f6d88 code [0x00000268b44f6ee0, 0x00000268b44f71c8]
Event: 29.235 Thread 0x00000268caace3b0 3489       3       java.util.concurrent.atomic.AtomicBoolean::set (14 bytes)
Event: 29.235 Thread 0x00000268caace3b0 nmethod 3489 0x00000268b44f7208 code [0x00000268b44f7320, 0x00000268b44f7480]
Event: 29.235 Thread 0x00000268caace3b0 3490       3       javax.swing.text.Utilities::getTabbedTextWidth (17 bytes)
Event: 29.235 Thread 0x00000268caace3b0 nmethod 3490 0x00000268b44f7508 code [0x00000268b44f7620, 0x00000268b44f7768]
Event: 29.235 Thread 0x00000268caace3b0 3492       3       java.awt.Window::isOpaque (29 bytes)
Event: 29.235 Thread 0x00000268caace3b0 nmethod 3492 0x00000268b44f7808 code [0x00000268b44f7960, 0x00000268b44f7f08]
Event: 29.235 Thread 0x00000268caace3b0 3491       1       javax.swing.JTextField::getHorizontalAlignment (5 bytes)
Event: 29.235 Thread 0x00000268caace3b0 nmethod 3491 0x00000268bbc5da08 code [0x00000268bbc5db20, 0x00000268bbc5dbf0]

GC Heap History (4 events):
Event: 0.479 GC heap before
{Heap before GC invocations=0 (full 0):
 garbage-first heap   total reserved 4118528K, committed 258048K, used 24576K [0x0000000704a00000, 0x0000000800000000)
  region size 2048K, 12 young (24576K), 0 survivors (0K)
 Metaspace       used 13124K, committed 13376K, reserved 1114112K
  class space    used 1538K, committed 1664K, reserved 1048576K
}
Event: 0.482 GC heap after
{Heap after GC invocations=1 (full 0):
 garbage-first heap   total reserved 4118528K, committed 258048K, used 5831K [0x0000000704a00000, 0x0000000800000000)
  region size 2048K, 2 young (4096K), 2 survivors (4096K)
 Metaspace       used 13124K, committed 13376K, reserved 1114112K
  class space    used 1538K, committed 1664K, reserved 1048576K
}
Event: 4.061 GC heap before
{Heap before GC invocations=1 (full 0):
 garbage-first heap   total reserved 4118528K, committed 258048K, used 32455K [0x0000000704a00000, 0x0000000800000000)
  region size 2048K, 12 young (24576K), 2 survivors (4096K)
 Metaspace       used 18692K, committed 18944K, reserved 1114112K
  class space    used 2116K, committed 2240K, reserved 1048576K
}
Event: 4.065 GC heap after
{Heap after GC invocations=2 (full 0):
 garbage-first heap   total reserved 4118528K, committed 258048K, used 16130K [0x0000000704a00000, 0x0000000800000000)
  region size 2048K, 2 young (4096K), 2 survivors (4096K)
 Metaspace       used 18692K, committed 18944K, reserved 1114112K
  class space    used 2116K, committed 2240K, reserved 1048576K
}

Dll operation events (11 events):
Event: 0.005 Loaded shared library C:\Program Files\Java\jdk-23\bin\java.dll
Event: 0.025 Loaded shared library C:\Program Files\Java\jdk-23\bin\jsvml.dll
Event: 0.056 Loaded shared library C:\Program Files\Java\jdk-23\bin\jimage.dll
Event: 0.058 Loaded shared library C:\Program Files\Java\jdk-23\bin\awt.dll
Event: 0.075 Loaded shared library C:\Program Files\Java\jdk-23\bin\net.dll
Event: 0.076 Loaded shared library C:\Program Files\Java\jdk-23\bin\nio.dll
Event: 0.078 Loaded shared library C:\Program Files\Java\jdk-23\bin\zip.dll
Event: 0.211 Loaded shared library C:\Program Files\Java\jdk-23\bin\verify.dll
Event: 0.261 Loaded shared library C:\Program Files\Java\jdk-23\bin\freetype.dll
Event: 0.261 Loaded shared library C:\Program Files\Java\jdk-23\bin\fontmanager.dll
Event: 0.513 Loaded shared library C:\Program Files\Java\jdk-23\bin\extnet.dll

Deoptimization events (20 events):
Event: 2.500 Thread 0x00000268cb9123a0 DEOPT PACKING pc=0x00000268bbb82304 sp=0x000000a74b3fde80
Event: 2.500 Thread 0x00000268cb9123a0 DEOPT UNPACKING pc=0x00000268bb467982 sp=0x000000a74b3fde08 mode 2
Event: 2.733 Thread 0x00000268cb911d10 Uncommon trap: trap_request=0xffffff45 fr.pc=0x00000268bbc401b0 relative=0x00000000000000b0
Event: 2.733 Thread 0x00000268cb911d10 Uncommon trap: reason=unstable_if action=reinterpret pc=0x00000268bbc401b0 method=java.util.concurrent.locks.AbstractQueuedSynchronizer.signalNext(Ljava/util/concurrent/locks/AbstractQueuedSynchronizer$Node;)V @ 10 c2
Event: 2.733 Thread 0x00000268cb911d10 DEOPT PACKING pc=0x00000268bbc401b0 sp=0x000000a74b2fe0f0
Event: 2.733 Thread 0x00000268cb911d10 DEOPT UNPACKING pc=0x00000268bb467982 sp=0x000000a74b2fdfe0 mode 2
Event: 3.105 Thread 0x00000268cb9123a0 DEOPT PACKING pc=0x00000268b4434b7d sp=0x000000a74b3fcad0
Event: 3.105 Thread 0x00000268cb9123a0 DEOPT UNPACKING pc=0x00000268bb4684c2 sp=0x000000a74b3fbfa0 mode 0
Event: 3.105 Thread 0x00000268cb9123a0 DEOPT PACKING pc=0x00000268b4434b7d sp=0x000000a74b3fcad0
Event: 3.105 Thread 0x00000268cb9123a0 DEOPT UNPACKING pc=0x00000268bb4684c2 sp=0x000000a74b3fbfa0 mode 0
Event: 3.106 Thread 0x00000268cb9123a0 DEOPT PACKING pc=0x00000268b4434b7d sp=0x000000a74b3fcad0
Event: 3.106 Thread 0x00000268cb9123a0 DEOPT UNPACKING pc=0x00000268bb4684c2 sp=0x000000a74b3fbfa0 mode 0
Event: 3.106 Thread 0x00000268cb9123a0 DEOPT PACKING pc=0x00000268b4434b7d sp=0x000000a74b3fcad0
Event: 3.106 Thread 0x00000268cb9123a0 DEOPT UNPACKING pc=0x00000268bb4684c2 sp=0x000000a74b3fbfa0 mode 0
Event: 3.106 Thread 0x00000268cb9123a0 DEOPT PACKING pc=0x00000268b4434b7d sp=0x000000a74b3fcad0
Event: 3.106 Thread 0x00000268cb9123a0 DEOPT UNPACKING pc=0x00000268bb4684c2 sp=0x000000a74b3fbfa0 mode 0
Event: 4.623 Thread 0x00000268cb9123a0 Uncommon trap: trap_request=0xffffffde fr.pc=0x00000268bbbc4c3c relative=0x0000000000000fdc
Event: 4.623 Thread 0x00000268cb9123a0 Uncommon trap: reason=class_check action=maybe_recompile pc=0x00000268bbbc4c3c method=java.util.concurrent.ConcurrentHashMap.putVal(Ljava/lang/Object;Ljava/lang/Object;Z)Ljava/lang/Object; @ 242 c2
Event: 4.623 Thread 0x00000268cb9123a0 DEOPT PACKING pc=0x00000268bbbc4c3c sp=0x000000a74b3fbd40
Event: 4.623 Thread 0x00000268cb9123a0 DEOPT UNPACKING pc=0x00000268bb467982 sp=0x000000a74b3fbcb0 mode 2

Classes loaded (20 events):
Event: 4.620 Loading class java/awt/WaitDispatchSupport$4
Event: 4.620 Loading class java/awt/WaitDispatchSupport$4 done
Event: 6.119 Loading class java/awt/Canvas
Event: 6.119 Loading class java/awt/Canvas done
Event: 6.119 Loading class java/awt/Scrollbar
Event: 6.119 Loading class java/awt/Scrollbar done
Event: 6.198 Loading class java/awt/LightweightDispatcher$2
Event: 6.198 Loading class java/awt/LightweightDispatcher$2 done
Event: 7.342 Loading class javax/swing/Autoscroller
Event: 7.342 Loading class javax/swing/Autoscroller done
Event: 9.838 Loading class java/awt/Window$1DisposeAction
Event: 9.838 Loading class java/awt/Window$1DisposeAction done
Event: 9.840 Loading class java/awt/KeyboardFocusManager$2
Event: 9.840 Loading class java/awt/KeyboardFocusManager$2 done
Event: 9.840 Loading class sun/awt/SunToolkit$1
Event: 9.840 Loading class sun/awt/SunToolkit$1 done
Event: 37.325 Loading class java/awt/desktop/SystemSleepListener
Event: 37.325 Loading class java/awt/desktop/SystemEventListener
Event: 37.325 Loading class java/awt/desktop/SystemEventListener done
Event: 37.325 Loading class java/awt/desktop/SystemSleepListener done

Classes unloaded (0 events):
No events

Classes redefined (0 events):
No events

Internal exceptions (15 events):
Event: 0.050 Thread 0x00000268a94a7670 Exception <a 'java/lang/ClassNotFoundException'{0x00000007145bc998}: sun/awt/resources/spi/awtProvider> (0x00000007145bc998) 
thrown [s\open\src\hotspot\share\classfile\systemDictionary.cpp, line 313]
Event: 0.064 Thread 0x00000268a94a7670 Exception <a 'java/io/FileNotFoundException'{0x0000000714321660}> (0x0000000714321660) 
thrown [s\open\src\hotspot\share\prims\jni.cpp, line 520]
Event: 0.069 Thread 0x00000268a94a7670 Exception <a 'java/io/FileNotFoundException'{0x000000071434fad8}> (0x000000071434fad8) 
thrown [s\open\src\hotspot\share\prims\jni.cpp, line 520]
Event: 0.167 Thread 0x00000268cb9123a0 Exception <a 'java/lang/NoSuchMethodError'{0x0000000713cb82d8}: 'void java.lang.invoke.DirectMethodHandle$Holder.invokeSpecial(java.lang.Object, java.lang.Object, java.lang.Object)'> (0x0000000713cb82d8) 
thrown [s\open\src\hotspot\share\interpreter\linkResolver.cpp, line 796]
Event: 0.174 Thread 0x00000268cb9123a0 Exception <a 'java/lang/NoSuchMethodError'{0x0000000713d07d88}: 'java.lang.Object java.lang.invoke.DirectMethodHandle$Holder.invokeStatic(java.lang.Object, int, java.lang.Object)'> (0x0000000713d07d88) 
thrown [s\open\src\hotspot\share\interpreter\linkResolver.cpp, line 796]
Event: 0.185 Thread 0x00000268cb9123a0 Exception <a 'java/lang/ClassNotFoundException'{0x0000000713daa6b0}: com/sun/swing/internal/plaf/metal/resources/spi/metalProvider> (0x0000000713daa6b0) 
thrown [s\open\src\hotspot\share\classfile\systemDictionary.cpp, line 313]
Event: 0.186 Thread 0x00000268cb9123a0 Exception <a 'java/lang/ClassNotFoundException'{0x0000000713dae6f0}: com/sun/swing/internal/plaf/basic/resources/spi/basicProvider> (0x0000000713dae6f0) 
thrown [s\open\src\hotspot\share\classfile\systemDictionary.cpp, line 313]
Event: 0.191 Thread 0x00000268cb9123a0 Exception <a 'java/lang/NoSuchMethodError'{0x0000000713dce750}: 'int java.lang.invoke.Invokers$Holder.invokeExact_MT(java.lang.Object, java.lang.Object)'> (0x0000000713dce750) 
thrown [s\open\src\hotspot\share\interpreter\linkResolver.cpp, line 796]
Event: 0.329 Thread 0x00000268cb90f5b0 Exception <a 'java/lang/NoSuchMethodError'{0x0000000713709288}: 'java.lang.Object java.lang.invoke.DirectMethodHandle$Holder.newInvokeSpecial(java.lang.Object, java.lang.Object, java.lang.Object, int, int, int, int, int)'> (0x0000000713709288) 
thrown [s\open\src\hotspot\share\interpreter\linkResolver.cpp, line 796]
Event: 0.395 Thread 0x00000268cb9123a0 Exception <a 'java/lang/NoSuchMethodError'{0x00000007133c44a0}: 'java.lang.Object java.lang.invoke.DirectMethodHandle$Holder.invokeInterface(java.lang.Object, java.lang.Object)'> (0x00000007133c44a0) 
thrown [s\open\src\hotspot\share\interpreter\linkResolver.cpp, line 796]
Event: 0.434 Thread 0x00000268cb9123a0 Exception <a 'java/lang/NoSuchMethodError'{0x0000000713189ae8}: 'void java.lang.invoke.DirectMethodHandle$Holder.invokeStatic(java.lang.Object, java.lang.Object)'> (0x0000000713189ae8) 
thrown [s\open\src\hotspot\share\interpreter\linkResolver.cpp, line 796]
Event: 0.464 Thread 0x00000268cb9123a0 Exception <a 'java/lang/NoSuchMethodError'{0x0000000712ef03f8}: 'java.lang.Object java.lang.invoke.DirectMethodHandle$Holder.invokeVirtual(java.lang.Object, java.lang.Object, java.lang.Object)'> (0x0000000712ef03f8) 
thrown [s\open\src\hotspot\share\interpreter\linkResolver.cpp, line 796]
Event: 0.689 Thread 0x00000268cb911d10 Exception <a 'java/lang/NoSuchMethodError'{0x00000007134083c8}: 'void java.lang.invoke.DirectMethodHandle$Holder.invokeVirtual(java.lang.Object, java.lang.Object)'> (0x00000007134083c8) 
thrown [s\open\src\hotspot\share\interpreter\linkResolver.cpp, line 796]
Event: 0.698 Thread 0x00000268cb9123a0 Exception <a 'java/lang/NoSuchMethodError'{0x0000000713449da8}: 'void java.lang.invoke.DirectMethodHandle$Holder.invokeStaticInit(java.lang.Object)'> (0x0000000713449da8) 
thrown [s\open\src\hotspot\share\interpreter\linkResolver.cpp, line 796]
Event: 4.620 Thread 0x00000268cb9123a0 Exception <a 'java/lang/NoSuchMethodError'{0x0000000714442618}: 'int java.lang.invoke.DirectMethodHandle$Holder.invokeStatic(java.lang.Object)'> (0x0000000714442618) 
thrown [s\open\src\hotspot\share\interpreter\linkResolver.cpp, line 796]

VM Operations (20 events):
Event: 0.479 Executing VM operation: G1CollectForAllocation (G1 Evacuation Pause)
Event: 0.482 Executing VM operation: G1CollectForAllocation (G1 Evacuation Pause) done
Event: 0.527 Executing VM operation: HandshakeAllThreads (Deoptimize)
Event: 0.527 Executing VM operation: HandshakeAllThreads (Deoptimize) done
Event: 0.545 Executing VM operation: HandshakeAllThreads (Deoptimize)
Event: 0.545 Executing VM operation: HandshakeAllThreads (Deoptimize) done
Event: 0.612 Executing VM operation: HandshakeAllThreads (Deoptimize)
Event: 0.612 Executing VM operation: HandshakeAllThreads (Deoptimize) done
Event: 0.665 Executing VM operation: HandshakeAllThreads (Deoptimize)
Event: 0.665 Executing VM operation: HandshakeAllThreads (Deoptimize) done
Event: 0.683 Executing VM operation: HandshakeAllThreads (Deoptimize)
Event: 0.683 Executing VM operation: HandshakeAllThreads (Deoptimize) done
Event: 0.691 Executing VM operation: HandshakeAllThreads (Deoptimize)
Event: 0.691 Executing VM operation: HandshakeAllThreads (Deoptimize) done
Event: 0.771 Executing VM operation: HandshakeAllThreads (Deoptimize)
Event: 0.771 Executing VM operation: HandshakeAllThreads (Deoptimize) done
Event: 0.830 Executing VM operation: HandshakeAllThreads (Deoptimize)
Event: 0.830 Executing VM operation: HandshakeAllThreads (Deoptimize) done
Event: 4.061 Executing VM operation: G1CollectForAllocation (G1 Evacuation Pause)
Event: 4.065 Executing VM operation: G1CollectForAllocation (G1 Evacuation Pause) done

Memory protections (0 events):
No events

Nmethod flushes (0 events):
No events

Events (20 events):
Event: 0.113 Thread 0x00000268a94a7670 Thread added: 0x00000268cb90fc40
Event: 0.114 Thread 0x00000268a94a7670 Thread added: 0x00000268cb910960
Event: 0.114 Thread 0x00000268a94a7670 Thread added: 0x00000268cb911d10
Event: 0.147 Thread 0x00000268a94a7670 Thread added: 0x00000268cb9123a0
Event: 0.147 Thread 0x00000268a94a7670 Thread exited: 0x00000268a94a7670
Event: 0.147 Thread 0x00000268cb912a30 Thread added: 0x00000268cb912a30
Event: 0.203 Thread 0x00000268cbb48320 Thread exited: 0x00000268cbb48320
Event: 0.231 Thread 0x00000268cb898b00 Thread added: 0x00000269111a5780
Event: 0.256 Thread 0x00000268caace3b0 Thread added: 0x000002691125c810
Event: 0.278 Thread 0x00000268cb9123a0 Thread added: 0x00000268cb910ff0
Event: 0.326 Thread 0x00000268cb9123a0 Thread added: 0x00000268cb90f5b0
Event: 0.362 Thread 0x00000268cb898b00 Thread added: 0x0000026912649eb0
Event: 0.441 Thread 0x00000268cb9123a0 Thread added: 0x0000026912479820
Event: 0.935 Thread 0x0000026912649eb0 Thread exited: 0x0000026912649eb0
Event: 0.935 Thread 0x000002691125c810 Thread exited: 0x000002691125c810
Event: 1.191 Thread 0x00000268cbb47c60 Thread exited: 0x00000268cbb47c60
Event: 2.366 Thread 0x00000269111a5780 Thread exited: 0x00000269111a5780
Event: 2.367 Thread 0x00000268cb898b00 Thread exited: 0x00000268cb898b00
Event: 5.332 Thread 0x00000268cb90f5b0 Thread exited: 0x00000268cb90f5b0
Event: 16.859 Thread 0x00000268cb898440 Thread exited: 0x00000268cb898440


Dynamic libraries:
0x00007ff7b4510000 - 0x00007ff7b4520000 	C:\Program Files\Java\jdk-23\bin\javaw.exe
0x00007ffad7e00000 - 0x00007ffad8067000 	C:\WINDOWS\SYSTEM32\ntdll.dll
0x00007ffad6ad0000 - 0x00007ffad6b99000 	C:\WINDOWS\System32\KERNEL32.DLL
0x00007ffad4b50000 - 0x00007ffad4f41000 	C:\WINDOWS\System32\KERNELBASE.dll
0x00007ffad4790000 - 0x00007ffad48db000 	C:\WINDOWS\System32\ucrtbase.dll
0x00007ffaa8b20000 - 0x00007ffaa8b37000 	C:\Program Files\Java\jdk-23\bin\jli.dll
0x00007ffabc970000 - 0x00007ffabc98b000 	C:\Program Files\Java\jdk-23\bin\VCRUNTIME140.dll
0x00007ffad6d80000 - 0x00007ffad6f45000 	C:\WINDOWS\System32\USER32.dll
0x00007ffad4b20000 - 0x00007ffad4b47000 	C:\WINDOWS\System32\win32u.dll
0x00007ffabd100000 - 0x00007ffabd393000 	C:\WINDOWS\WinSxS\amd64_microsoft.windows.common-controls_6595b64144ccf1df_6.0.26100.7922_none_3e089e1ee3342171\COMCTL32.dll
0x00007ffad5dc0000 - 0x00007ffad5deb000 	C:\WINDOWS\System32\GDI32.dll
0x00007ffad7100000 - 0x00007ffad71a9000 	C:\WINDOWS\System32\msvcrt.dll
0x00007ffad5a70000 - 0x00007ffad5b9a000 	C:\WINDOWS\System32\gdi32full.dll
0x00007ffad4f50000 - 0x00007ffad4ff3000 	C:\WINDOWS\System32\msvcp_win.dll
0x00007ffad6020000 - 0x00007ffad6051000 	C:\WINDOWS\System32\IMM32.DLL
0x00007ffaa8b10000 - 0x00007ffaa8b1c000 	C:\Program Files\Java\jdk-23\bin\vcruntime140_1.dll
0x00007ffa644b0000 - 0x00007ffa6453e000 	C:\Program Files\Java\jdk-23\bin\msvcp140.dll
0x00007ffa3b0d0000 - 0x00007ffa3be1f000 	C:\Program Files\Java\jdk-23\bin\server\jvm.dll
0x00007ffad6fc0000 - 0x00007ffad707b000 	C:\WINDOWS\System32\ADVAPI32.dll
0x00007ffad5ee0000 - 0x00007ffad5f87000 	C:\WINDOWS\System32\sechost.dll
0x00007ffad5ba0000 - 0x00007ffad5cb8000 	C:\WINDOWS\System32\RPCRT4.dll
0x00007ffad7080000 - 0x00007ffad70f4000 	C:\WINDOWS\System32\WS2_32.dll
0x00007ffad4540000 - 0x00007ffad459e000 	C:\WINDOWS\SYSTEM32\POWRPROF.dll
0x00007ffac27b0000 - 0x00007ffac27e5000 	C:\WINDOWS\SYSTEM32\WINMM.dll
0x00007ffaca410000 - 0x00007ffaca41b000 	C:\WINDOWS\SYSTEM32\VERSION.dll
0x00007ffad4520000 - 0x00007ffad4534000 	C:\WINDOWS\SYSTEM32\UMPDC.dll
0x00007ffad3470000 - 0x00007ffad348b000 	C:\WINDOWS\SYSTEM32\kernel.appcore.dll
0x00007ffaa8790000 - 0x00007ffaa879a000 	C:\Program Files\Java\jdk-23\bin\jimage.dll
0x00007ffad2620000 - 0x00007ffad2862000 	C:\WINDOWS\SYSTEM32\DBGHELP.DLL
0x00007ffad6740000 - 0x00007ffad6ac2000 	C:\WINDOWS\System32\combase.dll
0x00007ffad6ba0000 - 0x00007ffad6c77000 	C:\WINDOWS\System32\OLEAUT32.dll
0x00007ffaad770000 - 0x00007ffaad7ab000 	C:\WINDOWS\SYSTEM32\dbgcore.DLL
0x00007ffad46e0000 - 0x00007ffad4785000 	C:\WINDOWS\System32\bcryptPrimitives.dll
0x00007ffaa8770000 - 0x00007ffaa878e000 	C:\Program Files\Java\jdk-23\bin\java.dll
0x00007ffad7ac0000 - 0x00007ffad7c55000 	C:\WINDOWS\System32\ole32.dll
0x00007ffad71b0000 - 0x00007ffad790f000 	C:\WINDOWS\System32\SHELL32.dll
0x00007ffad5870000 - 0x00007ffad59da000 	C:\WINDOWS\System32\wintypes.dll
0x00007ffad5000000 - 0x00007ffad5864000 	C:\WINDOWS\System32\windows.storage.dll
0x00007ffad7930000 - 0x00007ffad7a27000 	C:\WINDOWS\System32\SHCORE.dll
0x00007ffad6f50000 - 0x00007ffad6fb7000 	C:\WINDOWS\System32\shlwapi.dll
0x00007ffad4600000 - 0x00007ffad4629000 	C:\WINDOWS\SYSTEM32\profapi.dll
0x00007ffa43ee0000 - 0x00007ffa43fb7000 	C:\Program Files\Java\jdk-23\bin\jsvml.dll
0x00007ffa59860000 - 0x00007ffa599ee000 	C:\Program Files\Java\jdk-23\bin\awt.dll
0x00007ffacf510000 - 0x00007ffacf5af000 	C:\WINDOWS\SYSTEM32\apphelp.dll
0x00007ffaa8760000 - 0x00007ffaa8770000 	C:\Program Files\Java\jdk-23\bin\net.dll
0x00007ffad39e0000 - 0x00007ffad3a4b000 	C:\WINDOWS\system32\mswsock.dll
0x00007ffa98480000 - 0x00007ffa98496000 	C:\Program Files\Java\jdk-23\bin\nio.dll
0x00007ffa95b00000 - 0x00007ffa95b17000 	C:\Program Files\Java\jdk-23\bin\zip.dll
0x00007ffad1bb0000 - 0x00007ffad1c5a000 	C:\WINDOWS\system32\uxtheme.dll
0x00007ffa4e8e0000 - 0x00007ffa4ea13000 	C:\ProgramData\A-Volute\A-Volute.Nahimic\Modules\Scheduled\x64\AudioDevProps2.dll
0x00007ffad7c60000 - 0x00007ffad7dbd000 	C:\WINDOWS\System32\MSCTF.dll
0x00007ffad1e50000 - 0x00007ffad1e7e000 	C:\WINDOWS\system32\DWMAPI.DLL
0x00007ffa9bc70000 - 0x00007ffa9bd7e000 	C:\WINDOWS\system32\opengl32.dll
0x00007ffa9e170000 - 0x00007ffa9e19d000 	C:\WINDOWS\SYSTEM32\GLU32.dll
0x00007ffad1c90000 - 0x00007ffad1cd3000 	C:\WINDOWS\SYSTEM32\dxcore.dll
0x00007ffabc770000 - 0x00007ffabc780000 	C:\Program Files\Java\jdk-23\bin\verify.dll
0x00007ffa597d0000 - 0x00007ffa59857000 	C:\Program Files\Java\jdk-23\bin\freetype.dll
0x00007ffa59370000 - 0x00007ffa59447000 	C:\Program Files\Java\jdk-23\bin\fontmanager.dll
0x00007ffad2ec0000 - 0x00007ffad2fea000 	C:\WINDOWS\SYSTEM32\DNSAPI.dll
0x00007ffad2da0000 - 0x00007ffad2dd3000 	C:\WINDOWS\SYSTEM32\IPHLPAPI.DLL
0x00007ffad7ab0000 - 0x00007ffad7aba000 	C:\WINDOWS\System32\NSI.dll
0x00007ffac1f80000 - 0x00007ffac1f8b000 	C:\Windows\System32\rasadhlp.dll
0x00007ffac6670000 - 0x00007ffac66f6000 	C:\WINDOWS\System32\fwpuclnt.dll
0x00007ffa390a0000 - 0x00007ffa390a9000 	C:\Program Files\Java\jdk-23\bin\extnet.dll
0x00007ffad5d00000 - 0x00007ffad5dae000 	C:\WINDOWS\System32\clbcatq.dll
0x00007ffacd7c0000 - 0x00007ffacd9ed000 	C:\WINDOWS\SYSTEM32\WindowsCodecs.dll
0x00007ffa9e0e0000 - 0x00007ffa9e13a000 	C:\WINDOWS\system32\dataexchange.dll
0x00007ffac6030000 - 0x00007ffac6274000 	C:\WINDOWS\system32\twinapi.appcore.dll
0x00007ffa9b380000 - 0x00007ffa9b4c8000 	C:\WINDOWS\SYSTEM32\textinputframework.dll
0x00007ffacf0f0000 - 0x00007ffacf217000 	C:\WINDOWS\SYSTEM32\CoreMessaging.dll
0x00007ffacc850000 - 0x00007ffaccb32000 	C:\WINDOWS\SYSTEM32\CoreUIComponents.dll
0x00007ffad3ce0000 - 0x00007ffad3cec000 	C:\WINDOWS\SYSTEM32\CRYPTBASE.DLL

dbghelp: loaded successfully - version: 4.0.5 - missing functions: none
symbol engine: initialized successfully - sym options: 0x614 - pdb path: .;C:\Program Files\Java\jdk-23\bin;C:\WINDOWS\SYSTEM32;C:\WINDOWS\WinSxS\amd64_microsoft.windows.common-controls_6595b64144ccf1df_6.0.26100.7922_none_3e089e1ee3342171;C:\Program Files\Java\jdk-23\bin\server;C:\ProgramData\A-Volute\A-Volute.Nahimic\Modules\Scheduled\x64

VM Arguments:
jvm_args: -Dfile.encoding=UTF-8 -Dstdout.encoding=UTF-8 -Dstderr.encoding=UTF-8 -XX:+ShowCodeDetailsInExceptionMessages 
java_command: com.nctu.quanlynhatro.main.Main
java_class_path (initial): D:\Documents_II\N4\Ky_Nang_Nghe_Nghiep\TH\QLNhaTro\QLNhaTro\QLNhaTro\bin;D:\Documents_II\N4\Ky_Nang_Nghe_Nghiep\TH\QLNhaTro\QLNhaTro\QLNhaTro\JDBCdriver for MySQL\JDBCdriver for MySQL\mysql-connector-java-8.0.25.jar;D:\Documents_II\N4\Ky_Nang_Nghe_Nghiep\TH\QLNhaTro\QLNhaTro\QLNhaTro\JDBCdriver for MySQL\JDBCdriver for MySQL\protobuf-java-3.11.4.jar;D:\Documents_II\N4\Ky_Nang_Nghe_Nghiep\TH\QLNhaTro\QLNhaTro\QLNhaTro\lib\com.ibm.icu_77.1.0.jar;D:\Documents_II\N4\Ky_Nang_Nghe_Nghiep\TH\QLNhaTro\QLNhaTro\QLNhaTro\lib\jakarta.annotation-api_2.1.1.jar;D:\Documents_II\N4\Ky_Nang_Nghe_Nghiep\TH\QLNhaTro\QLNhaTro\QLNhaTro\lib\org.eclipse.core.commands_3.12.200.v20240627-1019.jar;D:\Documents_II\N4\Ky_Nang_Nghe_Nghiep\TH\QLNhaTro\QLNhaTro\QLNhaTro\lib\org.eclipse.core.runtime_3.32.0.v20241003-0436.jar;D:\Documents_II\N4\Ky_Nang_Nghe_Nghiep\TH\QLNhaTro\QLNhaTro\QLNhaTro\lib\org.eclipse.e4.ui.di_1.5.400.v20240321-1245.jar;D:\Documents_II\N4\Ky_Nang_Nghe_Nghiep\TH\QLNhaTro\QLNhaTro\QLNhaTro\lib\org.eclipse.equinox.common_3.19.200.v20241004-0654.jar;D:\Documents_II\N4\Ky_Nang_Nghe_Nghiep\TH\QLNhaTro\QLNhaTro\QLNhaTro\lib\org.eclipse.equinox.registry_3.12.200.v20241004-0654.jar;D:\Documents_II\N4\Ky_Nang_Nghe_Nghiep\TH\QLNhaTro\QLNhaTro\QLNhaTro\lib\org.eclipse.jface_3.35.100.v20241003-1431.jar;D:\Documents_II\N4\Ky_Nang_Nghe_Nghiep\TH\QLNhaTro\QLNhaTro\QLNhaTro\lib\org.eclipse.jface.text_3.26.0.v20241101-1729.jar;D:\Documents_II\N4\Ky_Nang_Nghe_Nghiep\TH\QLNhaTro\QLNhaTro\QLNhaTro\lib\org.eclipse.osgi_3.22.0.v20241030-2121.jar;D:\Documents_II\N4\Ky_Nang_Nghe_Nghiep\TH\QLNhaTro\QLNhaTro\QLNhaTro\lib\org.eclipse.swt.win32.win32.x86_64_3.128.0.v20241113-2009.jar;D:\Documents_II\N4\Ky_Nang_Nghe_Nghiep\TH\QLNhaTro\QLNhaTro\QLNhaTro\lib\org.eclipse.text_3.14.200.v20240915-0736.jar;D:\Documents_II\N4\Ky_Nang_Nghe_Nghiep\TH\QLNhaTro\QLNhaTro\QLNhaTro\lib\org.eclipse.ui.forms_3.13.400.v20240905-1138.jar;D:\Documents_II\N4\Ky_Nang_Nghe_Nghiep\TH\QLNhaTro\QLNhaTro\QLNhaTro\lib\org.eclipse.ui.workbench_3.134.0.v20241107-2150.jar;D:\Documents_II\N4\Ky_Nang_Nghe_Nghiep\TH\QLNhaTro\QLNhaTro\QLNhaTro\lib\jcalendar-1.4.jar;D:\Documents_II\N4\Ky_Nang_Nghe_Nghiep\TH\QLNhaTro\QLNhaTro\QLNhaTro\lib\jcommon-1.0.23.jar;D:\Documents_II\N4\Ky_Nang_Nghe_Nghiep\TH\QLNhaTro\QLNhaTro\QLNhaTro\lib\jfreechart-1.0.19.jar;D:\Documents_II\N4\Ky_Nang_Nghe_Nghiep\TH\QLNhaTro\QLNhaTro\QLNhaTro\lib\jgoodies-common-1.2.0.jar;D:\Documents_II\N4\Ky_Nang_Nghe_Nghiep\TH\QLNhaTro\QLNhaTro\QLNhaTro\lib\jgoodies-looks-2.4.1.jar
Launcher Type: SUN_STANDARD

[Global flags]
     intx CICompilerCount                          = 12                                        {product} {ergonomic}
     uint ConcGCThreads                            = 3                                         {product} {ergonomic}
     uint G1ConcRefinementThreads                  = 13                                        {product} {ergonomic}
   size_t G1HeapRegionSize                         = 2097152                                   {product} {ergonomic}
   size_t InitialHeapSize                          = 264241152                                 {product} {ergonomic}
   size_t MarkStackSize                            = 4194304                                   {product} {ergonomic}
   size_t MarkStackSizeMax                         = 536870912                                 {product} {ergonomic}
   size_t MaxHeapSize                              = 4217372672                                {product} {ergonomic}
   size_t MaxNewSize                               = 2529165312                                {product} {ergonomic}
   size_t MinHeapDeltaBytes                        = 2097152                                   {product} {ergonomic}
   size_t MinHeapSize                              = 8388608                                   {product} {ergonomic}
    uintx NonNMethodCodeHeapSize                   = 7602176                                {pd product} {ergonomic}
    uintx NonProfiledCodeHeapSize                  = 122093568                              {pd product} {ergonomic}
    uintx ProfiledCodeHeapSize                     = 121962496                              {pd product} {ergonomic}
    uintx ReservedCodeCacheSize                    = 251658240                              {pd product} {ergonomic}
     bool SegmentedCodeCache                       = true                                      {product} {ergonomic}
     bool ShowCodeDetailsInExceptionMessages       = true                                   {manageable} {command line}
   size_t SoftMaxHeapSize                          = 4217372672                             {manageable} {ergonomic}
     bool UseCompressedOops                        = true                           {product lp64_product} {ergonomic}
     bool UseG1GC                                  = true                                      {product} {ergonomic}
     bool UseLargePagesIndividualAllocation        = false                                  {pd product} {ergonomic}

Logging:
Log output configuration:
 #0: stdout all=warning uptime,level,tags foldmultilines=false
 #1: stderr all=off uptime,level,tags foldmultilines=false

Environment Variables:
PATH=C:\Program Files\Eclipse Adoptium\jdk-21.0.5.11-hotspot\bin;C:\Program Files\Common Files\Oracle\Java\javapath;C:\Program Files\Microsoft MPI\Bin\;C:\Windows\system32;C:\Windows;C:\Windows\System32\Wbem;C:\Windows\System32\WindowsPowerShell\v1.0\;C:\Windows\System32\OpenSSH\;C:\Program Files\NVIDIA Corporation\NVIDIA NvDLISR;C:\Program Files\Microsoft SQL Server\Client SDK\ODBC\170\Tools\Binn\;C:\Program Files\dotnet\;C:\Program Files (x86)\Microsoft SQL Server\160\Tools\Binn\;C:\Program Files\Microsoft SQL Server\160\Tools\Binn\;C:\Program Files\Microsoft SQL Server\160\DTS\Binn\;C:\Program Files (x86)\Microsoft SQL Server\160\DTS\Binn\;C:\WINDOWS\system32;C:\WINDOWS;C:\WINDOWS\System32\Wbem;C:\WINDOWS\System32\WindowsPowerShell\v1.0\;C:\WINDOWS\System32\OpenSSH\;C:\Program Files\Java\jdk-23\bin;D:\File_Setting\apache-maven-3.9.9\bin;C:\Program Files (x86)\NVIDIA Corporation\PhysX\Common;C:\Program Files\Git\cmd;C:\Users\Nguyen Trong Nghia\AppData\Local\nvm;C:\nvm4w\nodejs;C:\Users\Nguyen Trong Nghia\AppData\Local\Microsoft\WindowsApps;C:\Users\Nguyen Trong Nghia\AppData\Local\Programs\Microsoft VS Code\bin;C:\Users\Nguyen Trong Nghia\.dotnet\tools;C:\Users\Nguyen Trong Nghia\AppData\Local\GitHubDesktop\bin;D:\File_Setting\PyCharm 2024.3.5\bin;;C:\Program Files\JetBrains\PyCharm Community Edition 2024.3.5\bin;;C:\Users\Nguyen Trong Nghia\AppData\Local\nvm;C:\nvm4w\nodejs
USERNAME=Nguyen Trong Nghia
OS=Windows_NT
PROCESSOR_IDENTIFIER=Intel64 Family 6 Model 141 Stepping 1, GenuineIntel
TMP=C:\Users\NGUYEN~1\AppData\Local\Temp
TEMP=C:\Users\NGUYEN~1\AppData\Local\Temp




Periodic native trim disabled

---------------  S Y S T E M  ---------------

OS:
 Windows 11 , 64 bit Build 26100 (10.0.26100.7920)
OS uptime: 0 days 17:17 hours

CPU: total 16 (initial active 16) (8 cores per cpu, 2 threads per core) family 6 model 141 stepping 1 microcode 0x34, cx8, cmov, fxsr, ht, mmx, 3dnowpref, sse, sse2, sse3, ssse3, sse4.1, sse4.2, popcnt, lzcnt, tsc, tscinvbit, avx, avx2, aes, erms, clmul, bmi1, bmi2, adx, avx512f, avx512dq, avx512cd, avx512bw, avx512vl, sha, fma, vzeroupper, avx512_vpopcntdq, avx512_vpclmulqdq, avx512_vaes, avx512_vnni, clflush, clflushopt, clwb, avx512_vbmi2, avx512_vbmi, rdtscp, rdpid, fsrm, gfni, avx512_bitalg, f16c, pku, cet_ibt, cet_ss, avx512_ifma
Processor Information for the first 16 processors :
  Max Mhz: 2304, Current Mhz: 2304, Mhz Limit: 2304

Memory: 4k page, system-wide physical 16085M (5279M free)
TotalPageFile size 19797M (AvailPageFile size 4416M)
current process WorkingSet (physical memory assigned to process): 136M, peak: 150M
current process commit charge ("private bytes"): 392M, peak: 406M

vm_info: Java HotSpot(TM) 64-Bit Server VM (23.0.1+11-39) for windows-amd64 JRE (23.0.1+11-39), built on 2024-09-30T07:20:43Z with MS VC++ 17.6 (VS2022)

END.
