#
# A fatal error has been detected by the Java Runtime Environment:
#
#  EXCEPTION_ACCESS_VIOLATION (0xc0000005) at pc=0x00007ffa5993b149, pid=14976, tid=23272
#
# JRE version: Java(TM) SE Runtime Environment (23.0.1+11) (build 23.0.1+11-39)
# Java VM: Java HotSpot(TM) 64-Bit Server VM (23.0.1+11-39, mixed mode, sharing, tiered, compressed oops, compressed class ptrs, g1 gc, windows-amd64)
# Problematic frame:
# C  [awt.dll+0xdb149]
#
# No core dump will be written. Minidumps are not enabled by default on client versions of Windows
#
# If you would like to submit a bug report, please visit:
#   https://bugreport.java.com/bugreport/crash.jsp
# The crash happened outside the Java Virtual Machine in native code.
# See problematic frame for where to report the bug.
#

---------------  S U M M A R Y ------------

Command Line: -Dfile.encoding=UTF-8 -Dstdout.encoding=UTF-8 -Dstderr.encoding=UTF-8 -XX:+ShowCodeDetailsInExceptionMessages com.nctu.quanlynhatro.main.Main

Host: 11th Gen Intel(R) Core(TM) i7-11800H @ 2.30GHz, 16 cores, 15G,  Windows 11 , 64 bit Build 26100 (10.0.26100.7920)
Time: Wed Mar  4 06:51:26 2026 SE Asia Standard Time elapsed time: 2959.706234 seconds (0d 0h 49m 19s)

---------------  T H R E A D  ---------------

Current thread (0x0000022d4566d660):  JavaThread "AWT-EventQueue-0"        [_thread_in_native, id=23272, stack(0x000000b321200000,0x000000b321300000) (1024K)]

Stack: [0x000000b321200000,0x000000b321300000],  sp=0x000000b3212fef20,  free space=1019k
Native frames: (J=compiled Java code, j=interpreted, Vv=VM code, C=native code)
C  [awt.dll+0xdb149]  (no source info available)
C  [awt.dll+0xda508]  (no source info available)
C  0x0000022d5812d307  (no source info available)

The last pc belongs to native method entry point (kind = native) (printed below).
Java frames: (J=compiled Java code, j=interpreted, Vv=VM code)
j  sun.awt.Win32GraphicsConfig.getBounds(I)Ljava/awt/Rectangle;+0 java.desktop@23.0.1
j  sun.awt.Win32GraphicsConfig.getBounds()Ljava/awt/Rectangle;+8 java.desktop@23.0.1
j  sun.awt.Win32GraphicsDevice.displayChanged()V+23 java.desktop@23.0.1
j  sun.awt.Win32GraphicsEnvironment.displayChanged()V+271 java.desktop@23.0.1
j  sun.awt.windows.WToolkit.lambda$displayChanged$4()V+15 java.desktop@23.0.1
j  sun.awt.windows.WToolkit$$Lambda+0x0000022d01244670.run()V+0 java.desktop@23.0.1
J 3086 c1 java.awt.event.InvocationEvent.dispatch()V java.desktop@23.0.1 (69 bytes) @ 0x0000022d5116079c [0x0000022d51160580+0x000000000000021c]
J 3012 c1 java.awt.EventQueue.dispatchEventImpl(Ljava/awt/AWTEvent;Ljava/lang/Object;)V java.desktop@23.0.1 (139 bytes) @ 0x0000022d5113f1dc [0x0000022d5113d9a0+0x000000000000183c]
J 3011 c1 java.awt.EventQueue$4.run()Ljava/lang/Void; java.desktop@23.0.1 (60 bytes) @ 0x0000022d5113be3c [0x0000022d5113bd00+0x000000000000013c]
J 3006 c1 java.awt.EventQueue.dispatchEvent(Ljava/awt/AWTEvent;)V java.desktop@23.0.1 (80 bytes) @ 0x0000022d5113c944 [0x0000022d5113c380+0x00000000000005c4]
J 3013 c1 java.awt.EventDispatchThread.pumpOneEventForFilters(I)V java.desktop@23.0.1 (106 bytes) @ 0x0000022d5114106c [0x0000022d51140840+0x000000000000082c]
j  java.awt.EventDispatchThread.pumpEventsForFilter(ILjava/awt/Conditional;Ljava/awt/EventFilter;)V+35 java.desktop@23.0.1
j  java.awt.EventDispatchThread.pumpEventsForHierarchy(ILjava/awt/Conditional;Ljava/awt/Component;)V+11 java.desktop@23.0.1
j  java.awt.EventDispatchThread.pumpEvents(ILjava/awt/Conditional;)V+4 java.desktop@23.0.1
j  java.awt.EventDispatchThread.pumpEvents(Ljava/awt/Conditional;)V+3 java.desktop@23.0.1
j  java.awt.EventDispatchThread.run()V+9 java.desktop@23.0.1
v  ~StubRoutines::call_stub 0x0000022d58120fcd

siginfo: EXCEPTION_ACCESS_VIOLATION (0xc0000005), reading address 0x0000000000000028


Registers:
RAX=0x0000000000000000, RBX=0x0000022d696bf350, RCX=0x0000000000000000, RDX=0x0000000000000000
RSP=0x000000b3212fef20, RBP=0x0000000000000000, RSI=0x0000000000000000, RDI=0x0000000000000000
R8 =0x0000000000000001, R9 =0x000000b31f53c000, R10=0x0000022d4566d420, R11=0x0000022d4127aae8
R12=0x0000000000000000, R13=0x0000022d453ced50, R14=0x0000022d45656730, R15=0x0000000000000000
RIP=0x00007ffa5993b149, EFLAGS=0x0000000000010246


Register to memory mapping:

RAX=0x0 is null
RBX=0x0000022d696bf350 points into unknown readable memory: 0x0000022d692d97f0 | f0 97 2d 69 2d 02 00 00
RCX=0x0 is null
RDX=0x0 is null
RSP=0x000000b3212fef20 is pointing into the stack for thread: 0x0000022d4566d660
RBP=0x0 is null
RSI=0x0 is null
RDI=0x0 is null
R8 =0x0000000000000001 is an unknown value
R9 =0x000000b31f53c000 points into unknown readable memory: 0x0000000000000000 | 00 00 00 00 00 00 00 00
R10=0x0000022d4566d420 points into unknown readable memory: 0x0000004000000003 | 03 00 00 00 40 00 00 00
R11={method} {0x0000022d4127aaf0} '<init>' '(IIII)V' in 'java/awt/Rectangle'
R12=0x0 is null
R13=0x0000022d453ced50 points into unknown readable memory: 0x0000022d4127aae8 | e8 aa 27 41 2d 02 00 00
R14=0x0000022d45656730 points into unknown readable memory: 0x000000070530ecc0 | c0 ec 30 05 07 00 00 00
R15=0x0 is null

Top of Stack: (sp=0x000000b3212fef20)
0x000000b3212fef20:   00007ffa59999838 0000022d696bf350
0x000000b3212fef30:   0000022d4566da20 0000022d696bf350
0x000000b3212fef40:   0000022d4566da20 00007ffa5993a508
0x000000b3212fef50:   0000022d696bf350 0000022d696bf350
0x000000b3212fef60:   0000000000000203 0000022d4566da20
0x000000b3212fef70:   0000000704b53ed0 0000022d41269550
0x000000b3212fef80:   0000000000000000 000000b3212fefa0
0x000000b3212fef90:   0000000000000000 0000000000000000
0x000000b3212fefa0:   00008aac6bacfbe2 0000000704a1aeb0
0x000000b3212fefb0:   0000022d4566d660 000000b3212ff098
0x000000b3212fefc0:   0000022d412735f8 0000000000000000
0x000000b3212fefd0:   0000000000000128 0000000000000203
0x000000b3212fefe0:   000000b3212ff070 0000022d5812d307
0x000000b3212feff0:   000000b3212ff008 0000022d412735f8
0x000000b3212ff000:   0000022d58128700 0000000000000000
0x000000b3212ff010:   0000000704a1aeb0 00000007145a44d0
0x000000b3212ff020:   00000007145a44d0 fffffffffffffff7
0x000000b3212ff030:   0000000000000000 0000000000000005
0x000000b3212ff040:   0000022d41275dc0 0000000000000000
0x000000b3212ff050:   0000000704b4a160 0000022d412735f8
0x000000b3212ff060:   0000000000000000 000000b3212ff090
0x000000b3212ff070:   000000b3212ff0e8 0000022d5812889a
0x000000b3212ff080:   0000000000000000 0000022d5812a5da
0x000000b3212ff090:   0000000000000000 00000007145a44d0
0x000000b3212ff0a0:   fffffffffffffff7 0000022d412736a0
0x000000b3212ff0b0:   0000000000000002 0000022d41275dc0
0x000000b3212ff0c0:   0000000000000000 0000000704b4a160
0x000000b3212ff0d0:   0000022d412736b8 fffffffffffffff5
0x000000b3212ff0e0:   000000b3212ff0f8 000000b3212ff148
0x000000b3212ff0f0:   0000022d5812889a 00000007145a44d0
0x000000b3212ff100:   fffffffffffffff7 0000022d412693a7
0x000000b3212ff110:   0000000000000003 0000022d4126ab80 

Instructions: (pc=0x00007ffa5993b149)
0x00007ffa5993b049:   cc cc cc cc cc cc cc 48 89 5c 24 08 48 89 6c 24
0x00007ffa5993b059:   10 48 89 74 24 18 57 48 83 ec 20 41 8b f8 0f b6
0x00007ffa5993b069:   f2 48 8b e9 e8 2e cc f4 ff 48 8b d8 48 89 44 24
0x00007ffa5993b079:   48 41 b8 01 00 00 00 8b d7 48 8b c8 e8 96 cb f4
0x00007ffa5993b089:   ff 48 8b c8 44 0f b6 c6 48 8b d5 e8 97 fa ff ff
0x00007ffa5993b099:   48 8b f8 48 8b cb e8 bc cd f4 ff 90 48 8b c7 48
0x00007ffa5993b0a9:   8b 5c 24 30 48 8b 6c 24 38 48 8b 74 24 40 48 83
0x00007ffa5993b0b9:   c4 20 5f c3 cc cc cc 48 8b 49 28 e9 07 07 00 00
0x00007ffa5993b0c9:   cc cc cc cc cc cc cc 48 89 5c 24 08 57 48 83 ec
0x00007ffa5993b0d9:   20 8b f9 e8 bf cb f4 ff 48 8b d8 48 89 44 24 38
0x00007ffa5993b0e9:   41 b8 01 00 00 00 8b d7 48 8b c8 e8 27 cb f4 ff
0x00007ffa5993b0f9:   48 8b 08 8b 39 48 8b cb e8 5a cd f4 ff 90 8b c7
0x00007ffa5993b109:   48 8b 5c 24 30 48 83 c4 20 5f c3 cc cc cc cc cc
0x00007ffa5993b119:   cc cc cc cc cc cc cc 48 89 5c 24 08 57 48 83 ec
0x00007ffa5993b129:   20 8b f9 e8 6f cb f4 ff 48 8b d8 48 89 44 24 38
0x00007ffa5993b139:   41 b8 01 00 00 00 8b d7 48 8b c8 e8 d7 ca f4 ff
0x00007ffa5993b149:   48 8b 78 28 48 8b cb e8 0b cd f4 ff 90 48 8b c7
0x00007ffa5993b159:   48 8b 5c 24 30 48 83 c4 20 5f c3 cc cc cc cc cc
0x00007ffa5993b169:   cc cc cc cc cc cc cc 48 89 5c 24 08 57 48 83 ec
0x00007ffa5993b179:   20 8b f9 e8 1f cb f4 ff 48 8b d8 48 89 44 24 38
0x00007ffa5993b189:   41 b8 01 00 00 00 8b d7 48 8b c8 e8 87 ca f4 ff
0x00007ffa5993b199:   48 8b 78 30 48 8b cb e8 bb cc f4 ff 90 48 8b c7
0x00007ffa5993b1a9:   48 8b 5c 24 30 48 83 c4 20 5f c3 cc cc cc cc cc
0x00007ffa5993b1b9:   cc cc cc cc cc cc cc 48 89 5c 24 08 57 48 83 ec
0x00007ffa5993b1c9:   20 8b f9 e8 cf ca f4 ff 48 8b d8 48 89 44 24 38
0x00007ffa5993b1d9:   41 b8 01 00 00 00 8b d7 48 8b c8 e8 37 ca f4 ff
0x00007ffa5993b1e9:   48 8b 78 08 48 85 ff 74 07 48 8b bf 08 0c 00 00
0x00007ffa5993b1f9:   48 8b cb e8 5f cc f4 ff 90 48 8b c7 48 8b 5c 24
0x00007ffa5993b209:   30 48 83 c4 20 5f c3 f3 0f 10 41 48 c3 cc cc cc
0x00007ffa5993b219:   cc cc cc cc cc cc cc f3 0f 10 41 4c c3 cc cc cc
0x00007ffa5993b229:   cc cc cc cc cc cc cc 48 89 5c 24 10 48 89 74 24
0x00007ffa5993b239:   18 55 57 41 56 48 8d 6c 24 e0 48 81 ec 20 01 00 


Stack slot to memory mapping:

stack at sp + 0 slots: 0x00007ffa59999838 awt.dll
stack at sp + 1 slots: 0x0000022d696bf350 points into unknown readable memory: 0x0000022d692d97f0 | f0 97 2d 69 2d 02 00 00
stack at sp + 2 slots: 0x0000022d4566da20 points into unknown readable memory: 0x00007ffa3bcb5e00 | 00 5e cb 3b fa 7f 00 00
stack at sp + 3 slots: 0x0000022d696bf350 points into unknown readable memory: 0x0000022d692d97f0 | f0 97 2d 69 2d 02 00 00
stack at sp + 4 slots: 0x0000022d4566da20 points into unknown readable memory: 0x00007ffa3bcb5e00 | 00 5e cb 3b fa 7f 00 00
stack at sp + 5 slots: 0x00007ffa5993a508 awt.dll
stack at sp + 6 slots: 0x0000022d696bf350 points into unknown readable memory: 0x0000022d692d97f0 | f0 97 2d 69 2d 02 00 00
stack at sp + 7 slots: 0x0000022d696bf350 points into unknown readable memory: 0x0000022d692d97f0 | f0 97 2d 69 2d 02 00 00

Lock stack of current Java thread (top to bottom):

native method entry point (kind = native)  [0x0000022d5812cee0, 0x0000022d5812db38]  3160 bytes
[MachCode]
  0x0000022d5812cee0: 488b 4b08 | 0fb7 492e | 584c 8d74 | ccf8 6800 | 0000 0068 | 0000 0000 | 5055 488b | ec41 5568 
  0x0000022d5812cf00: 0000 0000 | 4c8b 6b08 | 4d8d 6d38 | 5348 8b53 | 0848 8b52 | 0848 8b52 | 1848 8b52 | 7048 8b12 
  0x0000022d5812cf20: 5248 8b53 | 1048 85d2 | 0f84 0700 | 0000 4881 | c210 0100 | 0052 488b | 5308 488b | 5208 488b 
  0x0000022d5812cf40: 5210 5249 | 8bc6 482b | c548 c1e8 | 0350 6800 | 0000 0068 | f7ff ffff | 41c6 8771 | 0400 0001 
  0x0000022d5812cf60: 488b 4310 | 4885 c074 | 208b 88cc | 0000 0083 | c102 8988 | cc00 0000 | 2388 e000 | 0000 0f84 
  0x0000022d5812cf80: 000b 0000 | e9cf 0000 | 0048 8b43 | 1848 85c0 | 0f85 b000 | 0000 e805 | 0000 00e9 | 9900 0000 
  0x0000022d5812cfa0: 488b d348 | 8d44 2408 | 4c89 6dc0 | 498b cfc5 | f877 4989 | afb0 0300 | 0049 8987 | a003 0000 
  0x0000022d5812cfc0: 4883 ec20 | 40f6 c40f | 0f84 1900 | 0000 4883 | ec08 48b8 | 9026 4a3b | fa7f 0000 | ffd0 4883 
  0x0000022d5812cfe0: c408 e90c | 0000 0048 | b890 264a | 3bfa 7f00 | 00ff d048 | 83c4 2049 | c787 a003 | 0000 0000 
  0x0000022d5812d000: 0000 49c7 | 87b0 0300 | 0000 0000 | 0049 c787 | a803 0000 | 0000 0000 | c5f8 7749 | 837f 0800 
  0x0000022d5812d020: 0f84 0500 | 0000 e995 | 3eff ff4c | 8b6d c04c | 8b75 c84e | 8d74 f500 | c348 8b43 | 1848 85c0 
  0x0000022d5812d040: 0f84 1200 | 0000 8b48 | 0883 c102 | 8948 0823 | 481c 0f84 | 2c0a 0000 | 493b a7e8 | 0400 000f 
  0x0000022d5812d060: 8748 0000 | 0089 8424 | 00f0 ffff | 8984 2400 | e0ff ff89 | 8424 00d0 | ffff 8984 | 2400 c0ff 
  0x0000022d5812d080: ff89 8424 | 00b0 ffff | 8984 2400 | a0ff ff89 | 8424 0090 | ffff 8984 | 2400 80ff | ff49 3ba7 
  0x0000022d5812d0a0: e004 0000 | 7607 4989 | a7e8 0400 | 0041 c687 | 7104 0000 | 0049 ba41 | add1 3bfa | 7f00 0041 
  0x0000022d5812d0c0: 803a 000f | 843e 0000 | 0048 8b55 | e849 8bcf | 4883 ec20 | 40f6 c40f | 0f84 1900 | 0000 4883 
  0x0000022d5812d0e0: ec08 48b8 | 10ee 813b | fa7f 0000 | ffd0 4883 | c408 e90c | 0000 0048 | b810 ee81 | 3bfa 7f00 
  0x0000022d5812d100: 00ff d048 | 83c4 2048 | 8b5d e84c | 8b5b 0845 | 0fb7 5b2e | 41c1 e303 | 492b e348 | 83ec 2048 
  0x0000022d5812d120: 83e4 f04c | 8b5b 604d | 85db 0f85 | ab00 0000 | e805 0000 | 00e9 9900 | 0000 488b | d348 8d44 
  0x0000022d5812d140: 2408 4c89 | 6dc0 498b | cfc5 f877 | 4989 afb0 | 0300 0049 | 8987 a003 | 0000 4883 | ec20 40f6 
  0x0000022d5812d160: c40f 0f84 | 1900 0000 | 4883 ec08 | 48b8 f04d | 4a3b fa7f | 0000 ffd0 | 4883 c408 | e90c 0000 
  0x0000022d5812d180: 0048 b8f0 | 4d4a 3bfa | 7f00 00ff | d048 83c4 | 2049 c787 | a003 0000 | 0000 0000 | 49c7 87b0 
  0x0000022d5812d1a0: 0300 0000 | 0000 0049 | c787 a803 | 0000 0000 | 0000 c5f8 | 7749 837f | 0800 0f84 | 0500 0000 
  0x0000022d5812d1c0: e9fb 3cff | ff4c 8b6d | c04c 8b75 | c84e 8d74 | f500 c348 | 8b5d e84c | 8b5b 6041 | ffd3 488b 
  0x0000022d5812d1e0: 5de8 4889 | 4518 448b | 5b28 41f6 | c308 0f84 | 1b00 0000 | 4c8b 5b08 | 4d8b 5b08 | 4d8b 5b18 
  0x0000022d5812d200: 4d8b 5b70 | 4d8b 1b4c | 895d 1048 | 8d55 1048 | 8b43 5849 | ba60 3c82 | 3bfa 7f00 | 0049 3bc2 
  0x0000022d5812d220: 0f85 ab00 | 0000 e805 | 0000 00e9 | 9900 0000 | 488b d348 | 8d44 2408 | 4c89 6dc0 | 498b cfc5 
  0x0000022d5812d240: f877 4989 | afb0 0300 | 0049 8987 | a003 0000 | 4883 ec20 | 40f6 c40f | 0f84 1900 | 0000 4883 
  0x0000022d5812d260: ec08 48b8 | f04d 4a3b | fa7f 0000 | ffd0 4883 | c408 e90c | 0000 0048 | b8f0 4d4a | 3bfa 7f00 
  0x0000022d5812d280: 00ff d048 | 83c4 2049 | c787 a003 | 0000 0000 | 0000 49c7 | 87b0 0300 | 0000 0000 | 0049 c787 
  0x0000022d5812d2a0: a803 0000 | 0000 0000 | c5f8 7749 | 837f 0800 | 0f84 0500 | 0000 e905 | 3cff ff4c | 8b6d c04c 
  0x0000022d5812d2c0: 8b75 c84e | 8d74 f500 | c348 8b5d | e848 8b43 | 5849 8d8f | c003 0000 | c5f8 7749 | 89af b003 
  0x0000022d5812d2e0: 0000 49ba | d8d2 1258 | 2d02 0000 | 4d89 97a8 | 0300 0049 | 89a7 a003 | 0000 41c7 | 8744 0400 
  0x0000022d5812d300: 0004 0000 | 00ff d0c5 | f877 4883 | ec10 c5fb | 1104 2448 | 83ec 1048 | 8904 2448 | c744 2408 
  0x0000022d5812d320: 0000 0000 | 41c7 8744 | 0400 0005 | 0000 00f0 | 8344 24c0 | 0049 3baf | 4804 0000 | 0f87 0e00 
  0x0000022d5812d340: 0000 4183 | bf40 0400 | 0000 0f84 | 2000 0000 | 498b cf4c | 8be4 4883 | ec20 4883 | e4f0 48b8 
  0x0000022d5812d360: 90a9 4b3b | fa7f 0000 | ffd0 498b | e44d 33e4 | 41c7 8744 | 0400 0008 | 0000 0049 | c787 a003 
  0x0000022d5812d380: 0000 0000 | 0000 49c7 | 87b0 0300 | 0000 0000 | 0049 c787 | a803 0000 | 0000 0000 | c5f8 774d 
  0x0000022d5812d3a0: 8b9f 3004 | 0000 41c7 | 8300 0100 | 0000 0000 | 0049 bbda | a512 582d | 0200 004c | 3b5d 180f 
  0x0000022d5812d3c0: 8524 0300 | 0048 8b04 | 2448 83c4 | 1048 85c0 | 0f84 fe02 | 0000 a803 | 0f85 0800 | 0000 488b 
  0x0000022d5812d3e0: 00e9 ee02 | 0000 a801 | 0f85 0900 | 0000 488b | 40fe e9dd | 0200 0048 | 8b40 ff41 | 807f 3800 
  0x0000022d5812d400: 0f84 ce02 | 0000 4883 | f800 0f84 | c402 0000 | 4d8b 5f28 | 4983 fb00 | 0f84 1400 | 0000 4983 
  0x0000022d5812d420: eb08 4d89 | 5f28 4d03 | 5f30 4989 | 03e9 a202 | 0000 4881 | ec50 0100 | 0048 8904 | 2448 894c 
  0x0000022d5812d440: 2408 4889 | 5424 1048 | 8974 2418 | 4889 7c24 | 204c 8944 | 2428 4c89 | 4c24 304c | 8954 2438 
  0x0000022d5812d460: 4c89 5c24 | 40c5 fb11 | 4424 50c5 | fb11 4c24 | 58c5 fb11 | 5424 60c5 | fb11 5c24 | 68c5 fb11 
  0x0000022d5812d480: 6424 70c5 | fb11 6c24 | 78c5 fb11 | b424 8000 | 0000 c5fb | 11bc 2488 | 0000 00c5 | 7b11 8424 
  0x0000022d5812d4a0: 9000 0000 | c57b 118c | 2498 0000 | 00c5 7b11 | 9424 a000 | 0000 c57b | 119c 24a8 | 0000 00c5 
  0x0000022d5812d4c0: 7b11 a424 | b000 0000 | c57b 11ac | 24b8 0000 | 00c5 7b11 | b424 c000 | 0000 c57b | 11bc 24c8 
  0x0000022d5812d4e0: 0000 0062 | e1ff 0811 | 4424 1a62 | e1ff 0811 | 4c24 1b62 | e1ff 0811 | 5424 1c62 | e1ff 0811 
  0x0000022d5812d500: 5c24 1d62 | e1ff 0811 | 6424 1e62 | e1ff 0811 | 6c24 1f62 | e1ff 0811 | 7424 2062 | e1ff 0811 
  0x0000022d5812d520: 7c24 2162 | 61ff 0811 | 4424 2262 | 61ff 0811 | 4c24 2362 | 61ff 0811 | 5424 2462 | 61ff 0811 
  0x0000022d5812d540: 5c24 2562 | 61ff 0811 | 6424 2662 | 61ff 0811 | 6c24 2762 | 61ff 0811 | 7424 2862 | 61ff 0811 
  0x0000022d5812d560: 7c24 2949 | 8bd7 488b | c848 83ec | 2040 f6c4 | 0f0f 8419 | 0000 0048 | 83ec 0848 | b8e0 073f 
  0x0000022d5812d580: 3bfa 7f00 | 00ff d048 | 83c4 08e9 | 0c00 0000 | 48b8 e007 | 3f3b fa7f | 0000 ffd0 | 4883 c420 
  0x0000022d5812d5a0: 6261 ff08 | 107c 2429 | 6261 ff08 | 1074 2428 | 6261 ff08 | 106c 2427 | 6261 ff08 | 1064 2426 
  0x0000022d5812d5c0: 6261 ff08 | 105c 2425 | 6261 ff08 | 1054 2424 | 6261 ff08 | 104c 2423 | 6261 ff08 | 1044 2422 
  0x0000022d5812d5e0: 62e1 ff08 | 107c 2421 | 62e1 ff08 | 1074 2420 | 62e1 ff08 | 106c 241f | 62e1 ff08 | 1064 241e 
  0x0000022d5812d600: 62e1 ff08 | 105c 241d | 62e1 ff08 | 1054 241c | 62e1 ff08 | 104c 241b | 62e1 ff08 | 1044 241a 
  0x0000022d5812d620: c57b 10bc | 24c8 0000 | 00c5 7b10 | b424 c000 | 0000 c57b | 10ac 24b8 | 0000 00c5 | 7b10 a424 
  0x0000022d5812d640: b000 0000 | c57b 109c | 24a8 0000 | 00c5 7b10 | 9424 a000 | 0000 c57b | 108c 2498 | 0000 00c5 
  0x0000022d5812d660: 7b10 8424 | 9000 0000 | c5fb 10bc | 2488 0000 | 00c5 fb10 | b424 8000 | 0000 c5fb | 106c 2478 
  0x0000022d5812d680: c5fb 1064 | 2470 c5fb | 105c 2468 | c5fb 1054 | 2460 c5fb | 104c 2458 | c5fb 1044 | 2450 4c8b 
  0x0000022d5812d6a0: 5c24 404c | 8b54 2438 | 4c8b 4c24 | 304c 8b44 | 2428 488b | 7c24 2048 | 8b74 2418 | 488b 5424 
  0x0000022d5812d6c0: 1048 8b4c | 2408 488b | 0424 4881 | c450 0100 | 00c5 f877 | 4889 4510 | 4883 ec10 | 4889 0424 
  0x0000022d5812d6e0: 48c7 4424 | 0800 0000 | 0041 83bf | c804 0000 | 020f 85bf | 0000 0048 | 81ec 8000 | 0000 4889 
  0x0000022d5812d700: 4424 7848 | 894c 2470 | 4889 5424 | 6848 895c | 2460 4889 | 6c24 5048 | 8974 2448 | 4889 7c24 
  0x0000022d5812d720: 404c 8944 | 2438 4c89 | 4c24 304c | 8954 2428 | 4c89 5c24 | 204c 8964 | 2418 4c89 | 6c24 104c 
  0x0000022d5812d740: 8974 2408 | 4c89 3c24 | 4c8b e448 | 83ec 2048 | 83e4 f048 | b8c0 2282 | 3bfa 7f00 | 00ff d049 
  0x0000022d5812d760: 8be4 4c8b | 3c24 4c8b | 7424 084c | 8b6c 2410 | 4c8b 6424 | 184c 8b5c | 2420 4c8b | 5424 284c 
  0x0000022d5812d780: 8b4c 2430 | 4c8b 4424 | 3848 8b7c | 2440 488b | 7424 4848 | 8b6c 2450 | 488b 5c24 | 6048 8b54 
  0x0000022d5812d7a0: 2468 488b | 4c24 7048 | 8b44 2478 | 4881 c480 | 0000 004d | 33e4 488b | 5de8 4c8b | 6b08 4d8d 
  0x0000022d5812d7c0: 6d38 4983 | 7f08 000f | 84bb 0000 | 00e8 0500 | 0000 e996 | 0000 0048 | 8d44 2408 | 4c89 6dc0 
  0x0000022d5812d7e0: 498b cfc5 | f877 4989 | afb0 0300 | 0049 8987 | a003 0000 | 4883 ec20 | 40f6 c40f | 0f84 1900 
  0x0000022d5812d800: 0000 4883 | ec08 48b8 | 006c 4a3b | fa7f 0000 | ffd0 4883 | c408 e90c | 0000 0048 | b800 6c4a 
  0x0000022d5812d820: 3bfa 7f00 | 00ff d048 | 83c4 2049 | c787 a003 | 0000 0000 | 0000 49c7 | 87b0 0300 | 0000 0000 
  0x0000022d5812d840: 0049 c787 | a803 0000 | 0000 0000 | c5f8 7749 | 837f 0800 | 0f84 0500 | 0000 e961 | 36ff ff4c 
  0x0000022d5812d860: 8b6d c04c | 8b75 c84e | 8d74 f500 | c348 b940 | d5a9 3bfa | 7f00 0048 | 83e4 f048 | b870 4a70 
  0x0000022d5812d880: 3bfa 7f00 | 00ff d0f4 | 448b 5b28 | 41f6 c320 | 0f84 7901 | 0000 488d | 55a8 4c8b | 5a08 4d85 
  0x0000022d5812d8a0: db0f 85bb | 0000 00e8 | 0500 0000 | e996 0000 | 0048 8d44 | 2408 4c89 | 6dc0 498b | cfc5 f877 
  0x0000022d5812d8c0: 4989 afb0 | 0300 0049 | 8987 a003 | 0000 4883 | ec20 40f6 | c40f 0f84 | 1900 0000 | 4883 ec08 
  0x0000022d5812d8e0: 48b8 306b | 4a3b fa7f | 0000 ffd0 | 4883 c408 | e90c 0000 | 0048 b830 | 6b4a 3bfa | 7f00 00ff 
  0x0000022d5812d900: d048 83c4 | 2049 c787 | a003 0000 | 0000 0000 | 49c7 87b0 | 0300 0000 | 0000 0049 | c787 a803 
  0x0000022d5812d920: 0000 0000 | 0000 c5f8 | 7749 837f | 0800 0f84 | 0500 0000 | e987 35ff | ff4c 8b6d | c04c 8b75 
  0x0000022d5812d940: c84e 8d74 | f500 c348 | b940 d5a9 | 3bfa 7f00 | 0048 83e4 | f048 b870 | 4a70 3bfa | 7f00 00ff 
  0x0000022d5812d960: d0f4 4c89 | 6dc0 4c8b | 4a08 48c7 | 4208 0000 | 0000 458b | 8718 0600 | 004f 3b4c | 07f8 0f85 
  0x0000022d5812d980: 4900 0000 | 4183 af18 | 0600 0008 | 4f3b 4c07 | f00f 842a | 0000 0049 | 8b01 a802 | 0f85 1200 
  0x0000022d5812d9a0: 0000 4c8b | c049 83c8 | 01f0 4d0f | b101 0f84 | 0d00 0000 | 4183 8718 | 0600 0008 | e90c 0000 
  0x0000022d5812d9c0: 0049 ff8f | 5005 0000 | e93e 0000 | 004c 894a | 0848 8bca | 4883 ec20 | 40f6 c40f | 0f84 1900 
  0x0000022d5812d9e0: 0000 4883 | ec08 48b8 | f03d 4a3b | fa7f 0000 | ffd0 4883 | c408 e90c | 0000 0048 | b8f0 3d4a 
  0x0000022d5812da00: 3bfa 7f00 | 00ff d048 | 83c4 204c | 8b6d c049 | ba41 add1 | 3bfa 7f00 | 0041 803a | 000f 843e 
  0x0000022d5812da20: 0000 0048 | 8b55 e849 | 8bcf 4883 | ec20 40f6 | c40f 0f84 | 1900 0000 | 4883 ec08 | 48b8 10ee 
  0x0000022d5812da40: 813b fa7f | 0000 ffd0 | 4883 c408 | e90c 0000 | 0048 b810 | ee81 3bfa | 7f00 00ff | d048 83c4 
  0x0000022d5812da60: 2048 8b04 | 2448 83c4 | 10c5 fb10 | 0424 4883 | c410 4c8b | 5d18 41ff | d34c 8b5d | f8c9 5f49 
  0x0000022d5812da80: 8be3 ffe7 | ba00 0000 | 00e8 0500 | 0000 e996 | 0000 0048 | 8d44 2408 | 4c89 6dc0 | 498b cfc5 
  0x0000022d5812daa0: f877 4989 | afb0 0300 | 0049 8987 | a003 0000 | 4883 ec20 | 40f6 c40f | 0f84 1900 | 0000 4883 
  0x0000022d5812dac0: ec08 48b8 | a031 4a3b | fa7f 0000 | ffd0 4883 | c408 e90c | 0000 0048 | b8a0 314a | 3bfa 7f00 
  0x0000022d5812dae0: 00ff d048 | 83c4 2049 | c787 a003 | 0000 0000 | 0000 49c7 | 87b0 0300 | 0000 0000 | 0049 c787 
  0x0000022d5812db00: a803 0000 | 0000 0000 | c5f8 7749 | 837f 0800 | 0f84 0500 | 0000 e9a5 | 33ff ff4c | 8b6d c04c 
  0x0000022d5812db20: 8b75 c84e | 8d74 f500 | c348 8b5d | e8e9 26f5 | ffff 660f | 1f44 0000 
[/MachCode]

Compiled method (c1) 2959894 3086   !   3       java.awt.event.InvocationEvent::dispatch (69 bytes)
 total in heap  [0x0000022d51160408,0x0000022d51160c00] = 2040
 relocation     [0x0000022d511604e0,0x0000022d51160570] = 144
 main code      [0x0000022d51160580,0x0000022d51160b90] = 1552
 stub code      [0x0000022d51160b90,0x0000022d51160bf8] = 104
 metadata       [0x0000022d51160bf8,0x0000022d51160c00] = 8
 immutable data [0x0000022d69b89d80,0x0000022d69b89f28] = 424
 dependencies   [0x0000022d69b89d80,0x0000022d69b89d88] = 8
 nul chk table  [0x0000022d69b89d88,0x0000022d69b89da0] = 24
 handler table  [0x0000022d69b89da0,0x0000022d69b89e30] = 144
 scopes pcs     [0x0000022d69b89e30,0x0000022d69b89ed0] = 160
 scopes data    [0x0000022d69b89ed0,0x0000022d69b89f28] = 88

[Constant Pool (empty)]

[MachCode]
[Instructions begin]
  0x0000022d51160580: 6666 660f | 1f84 0000 | 0000 0066 | 6666 9066 | 6690 448b | 5208 443b 

  0x0000022d51160598: ;   {runtime_call ic_miss_stub}
  0x0000022d51160598: 5008 0f85 | 40e1 0007 
[Verified Entry Point]
  0x0000022d511605a0: 8984 2400 | 80ff ff55 | 4883 ec30 | 4181 7f20 | 0100 0000 

  0x0000022d511605b4: ;   {runtime_call StubRoutines (final stubs)}
  0x0000022d511605b4: 7405 e8a5 | 9dff 0648 | 8954 2418 

  0x0000022d511605c0: ;   {metadata(method data for {method} {0x0000022d411dea60} 'dispatch' '()V' in 'java/awt/event/InvocationEvent')}
  0x0000022d511605c0: 48be 88a0 | 0142 2d02 | 0000 8bbe | cc00 0000 | 83c7 0289 | becc 0000 | 0081 e7fe | 0700 0085 
  0x0000022d511605e0: ff0f 84c7 | 0400 000f | be72 2985 

  0x0000022d511605ec: ;   {metadata(method data for {method} {0x0000022d411dea60} 'dispatch' '()V' in 'java/awt/event/InvocationEvent')}
  0x0000022d511605ec: f648 be88 | a001 422d | 0200 00bf | 1801 0000 | 7405 bf28 | 0100 0048 | 8b1c 3e48 | 8d5b 0148 
  0x0000022d5116060c: 891c 3e0f | 84d1 0000 | 008b 722c | 48c1 e603 

  0x0000022d5116061c: ; implicit exception: dispatches to 0x0000022d51160acf
  0x0000022d5116061c: 483b 0648 

  0x0000022d51160620: ;   {metadata(method data for {method} {0x0000022d411dea60} 'dispatch' '()V' in 'java/awt/event/InvocationEvent')}
  0x0000022d51160620: 8bfe 48bb | 88a0 0142 | 2d02 0000 | 8b7f 0849 | ba00 0000 | 002d 0200 | 0049 03fa | 483b bb40 
  0x0000022d51160640: 0100 0075 | 0d48 8383 | 4801 0000 | 01e9 6000 | 0000 483b | bb50 0100 | 0075 0d48 | 8383 5801 
  0x0000022d51160660: 0000 01e9 | 4a00 0000 | 4883 bb40 | 0100 0000 | 7517 4889 | bb40 0100 | 0048 c783 | 4801 0000 
  0x0000022d51160680: 0100 0000 | e929 0000 | 0048 83bb | 5001 0000 | 0075 1748 | 89bb 5001 | 0000 48c7 | 8358 0100 
  0x0000022d511606a0: 0001 0000 | 00e9 0800 | 0000 4883 | 8338 0100 | 0001 488b | d648 b8f0 | 6203 6a2d 

  0x0000022d511606bc: ;   {virtual_call}
  0x0000022d511606bc: 0200 00e8 

  0x0000022d511606c0: ; ImmutableOopMap {[24]=Oop }
                      ;*invokeinterface run {reexecute=0 rethrow=0 return_oop=0}
                      ; - java.awt.event.InvocationEvent::dispatch@11 (line 308)
  0x0000022d511606c0: 1cea 0007 

  0x0000022d511606c4: ;   {other}
  0x0000022d511606c4: 0f1f 8400 | bc02 0000 

  0x0000022d511606cc: ;   {metadata(method data for {method} {0x0000022d411dea60} 'dispatch' '()V' in 'java/awt/event/InvocationEvent')}
  0x0000022d511606cc: 48ba 88a0 | 0142 2d02 | 0000 ff82 | 6801 0000 | 488b 5424 | 18e9 1f03 | 0000 8b72 | 2c48 c1e6 
  0x0000022d511606ec: 0348 3b06 

  0x0000022d511606f0: ;   {metadata(method data for {method} {0x0000022d411dea60} 'dispatch' '()V' in 'java/awt/event/InvocationEvent')}
  0x0000022d511606f0: 488b fe48 | bb88 a001 | 422d 0200 | 008b 7f08 | 49ba 0000 | 0000 2d02 | 0000 4903 | fa48 3bbb 
  0x0000022d51160710: 2002 0000 | 750d 4883 | 8328 0200 | 0001 e960 | 0000 0048 | 3bbb 3002 | 0000 750d | 4883 8338 
  0x0000022d51160730: 0200 0001 | e94a 0000 | 0048 83bb | 2002 0000 | 0075 1748 | 89bb 2002 | 0000 48c7 | 8328 0200 
  0x0000022d51160750: 0001 0000 | 00e9 2900 | 0000 4883 | bb30 0200 | 0000 7517 | 4889 bb30 | 0200 0048 | c783 3802 
  0x0000022d51160770: 0000 0100 | 0000 e908 | 0000 0048 | 8383 1802 | 0000 0148 | 8bd6 0f1f | 8000 0000 | 0048 b818 
  0x0000022d51160790: 6303 6a2d 

  0x0000022d51160794: ;   {virtual_call}
  0x0000022d51160794: 0200 00e8 

  0x0000022d51160798: ; ImmutableOopMap {[24]=Oop }
                      ;*invokeinterface run {reexecute=0 rethrow=0 return_oop=0}
                      ; - java.awt.event.InvocationEvent::dispatch@47 (line 318)
  0x0000022d51160798: 34bf 0e07 

  0x0000022d5116079c: ;   {other}
  0x0000022d5116079c: 0f1f 8400 | 9403 0001 | 488b 5424 | 18e9 5702 | 0000 498b | 8700 0500 | 004d 33d2 | 4d89 9700 
  0x0000022d511607bc: 0500 004d | 33d2 4d89 | 9708 0500 | 0048 85c0 

  0x0000022d511607cc: ;   {metadata(method data for {method} {0x0000022d411dea60} 'dispatch' '()V' in 'java/awt/event/InvocationEvent')}
  0x0000022d511607cc: 48be 88a0 | 0142 2d02 | 0000 750c | 808e 7901 | 0000 01e9 | af00 0000 | 8b78 0849 | ba00 0000 
  0x0000022d511607ec: 002d 0200 | 0049 03fa | 483b be88 | 0100 0075 | 0d48 8386 | 9001 0000 | 01e9 6000 | 0000 483b 
  0x0000022d5116080c: be98 0100 | 0075 0d48 | 8386 a001 | 0000 01e9 | 4a00 0000 | 4883 be88 | 0100 0000 | 7517 4889 
  0x0000022d5116082c: be88 0100 | 0048 c786 | 9001 0000 | 0100 0000 | e929 0000 | 0048 83be | 9801 0000 | 0075 1748 
  0x0000022d5116084c: 89be 9801 | 0000 48c7 | 86a0 0100 | 0001 0000 | 00e9 0800 | 0000 4883 | 8680 0100 

  0x0000022d51160868: ;   {metadata('java/lang/Exception')}
  0x0000022d51160868: 0001 48bf | c0e5 1600 | 2d02 0000 | 8b70 0849 | ba00 0000 | 002d 0200 | 0049 03f2 | 483b 7e40 
  0x0000022d51160888: 0f85 0500 | 0000 e905 | 0000 004d | 33c0 eb06 | 41b8 0100 | 0000 4585 

  0x0000022d511608a0: ;   {metadata(method data for {method} {0x0000022d411dea60} 'dispatch' '()V' in 'java/awt/event/InvocationEvent')}
  0x0000022d511608a0: c049 b888 | a001 422d | 0200 00ba | b001 0000 | 7405 bac0 | 0100 0049 | 8b34 1048 | 8d76 0149 
  0x0000022d511608c0: 8934 1048 | 8b54 2418 | 0f84 f900 | 0000 4885 

  0x0000022d511608d0: ;   {metadata(method data for {method} {0x0000022d411dea60} 'dispatch' '()V' in 'java/awt/event/InvocationEvent')}
  0x0000022d511608d0: c048 bf88 | a001 422d | 0200 0075 | 0c80 8fc9 | 0100 0001 | e9af 0000 | 008b 5808 | 49ba 0000 
  0x0000022d511608f0: 0000 2d02 | 0000 4903 | da48 3b9f | d801 0000 | 750d 4883 | 87e0 0100 | 0001 e960 | 0000 0048 
  0x0000022d51160910: 3b9f e801 | 0000 750d | 4883 87f0 | 0100 0001 | e94a 0000 | 0048 83bf | d801 0000 | 0075 1748 
  0x0000022d51160930: 899f d801 | 0000 48c7 | 87e0 0100 | 0001 0000 | 00e9 2900 | 0000 4883 | bfe8 0100 | 0000 7517 
  0x0000022d51160950: 4889 9fe8 | 0100 0048 | c787 f001 | 0000 0100 | 0000 e908 | 0000 0048 | 8387 d001 

  0x0000022d5116096c: ;   {metadata('java/lang/Exception')}
  0x0000022d5116096c: 0000 0148 | bbc0 e516 | 002d 0200 | 008b 7808 | 49ba 0000 | 0000 2d02 | 0000 4903 | fa48 3b5f 
  0x0000022d5116098c: 400f 8546 | 0100 00e9 | 0000 0000 | 4c8b c041 | 0fbe 7738 | 85f6 0f85 | 3a01 0000 | 4d8b d049 
  0x0000022d511609ac: c1ea 0344 | 8952 3848 | 8bf2 4933 | f048 c1ee | 1548 83fe | 000f 853a | 0100 0045 | 0fbe 4738 
  0x0000022d511609cc: 4585 c00f | 8544 0100 | 004c 8bd0 | 49c1 ea03 | 4489 523c | 4c8b c24c | 33c0 49c1 | e815 4983 
  0x0000022d511609ec: f800 0f85 | 4501 0000 

  0x0000022d511609f4: ;   {metadata(method data for {method} {0x0000022d411dea60} 'dispatch' '()V' in 'java/awt/event/InvocationEvent')}
  0x0000022d511609f4: 49b8 88a0 | 0142 2d02 | 0000 41ff | 8000 0200 | 004c 8bc2 

  0x0000022d51160a08: ;   {metadata(method data for {method} {0x0000022d411dea60} 'dispatch' '()V' in 'java/awt/event/InvocationEvent')}
  0x0000022d51160a08: 48be 88a0 | 0142 2d02 | 0000 4883 | 8648 0200 | 0001 41b8 | 0100 0000 | 0f1f 8000 

  0x0000022d51160a24: ;   {optimized virtual_call}
  0x0000022d51160a24: 0000 00e8 

  0x0000022d51160a28: ; ImmutableOopMap {}
                      ;*invokevirtual finishedDispatching {reexecute=0 rethrow=0 return_oop=0}
                      ; - java.awt.event.InvocationEvent::dispatch@54 (line 321)
  0x0000022d51160a28: 34f2 0300 

  0x0000022d51160a2c: ;   {other}
  0x0000022d51160a2c: 0f1f 8400 | 2406 0002 

  0x0000022d51160a34: ;   {metadata(method data for {method} {0x0000022d411dea60} 'dispatch' '()V' in 'java/awt/event/InvocationEvent')}
  0x0000022d51160a34: 48b8 88a0 | 0142 2d02 | 0000 ff80 | 7802 0000 | 4883 c430 

  0x0000022d51160a48: ;   {poll_return}
  0x0000022d51160a48: 5d49 3ba7 | 4804 0000 | 0f87 fb00 | 0000 c348 | 8b54 2418 | 498b 8700 | 0500 004d | 33d2 4d89 
  0x0000022d51160a68: 9700 0500 | 004d 33d2 | 4d89 9708 | 0500 004c 

  0x0000022d51160a78: ;   {metadata(method data for {method} {0x0000022d411dea60} 'dispatch' '()V' in 'java/awt/event/InvocationEvent')}
  0x0000022d51160a78: 8bc2 48be | 88a0 0142 | 2d02 0000 | 4883 8690 | 0200 0001 | 41b8 0100 | 0000 4889 

  0x0000022d51160a94: ;   {optimized virtual_call}
  0x0000022d51160a94: 4424 20e8 

  0x0000022d51160a98: ; ImmutableOopMap {[32]=Oop }
                      ;*invokevirtual finishedDispatching {reexecute=0 rethrow=0 return_oop=0}
                      ; - java.awt.event.InvocationEvent::dispatch@63 (line 321)
  0x0000022d51160a98: 44e1 0007 

  0x0000022d51160a9c: ;   {other}
  0x0000022d51160a9c: 0f1f 8400 | 9406 0003 | 488b 4424 | 20e9 d600 

  0x0000022d51160aac: ;   {metadata({method} {0x0000022d411dea60} 'dispatch' '()V' in 'java/awt/event/InvocationEvent')}
  0x0000022d51160aac: 0000 49ba | 58ea 1d41 | 2d02 0000 | 4c89 5424 | 0848 c704 | 24ff ffff 

  0x0000022d51160ac4: ;   {runtime_call counter_overflow Runtime1 stub}
  0x0000022d51160ac4: ffe8 9679 

  0x0000022d51160ac8: ; ImmutableOopMap {rdx=Oop [24]=Oop }
                      ;*synchronization entry
                      ; - java.awt.event.InvocationEvent::dispatch@-1 (line 306)
  0x0000022d51160ac8: 0e07 e918 

  0x0000022d51160acc: ;   {runtime_call throw_null_pointer_exception Runtime1 stub}
  0x0000022d51160acc: fbff ffe8 

  0x0000022d51160ad0: ; ImmutableOopMap {rdx=Oop rsi=Oop [24]=Oop }
                      ;*invokeinterface run {reexecute=0 rethrow=0 return_oop=0}
                      ; - java.awt.event.InvocationEvent::dispatch@11 (line 308)
  0x0000022d51160ad0: 0cf4 0d07 

  0x0000022d51160ad4: ;   {runtime_call throw_null_pointer_exception Runtime1 stub}
  0x0000022d51160ad4: e807 f40d 

  0x0000022d51160ad8: ; ImmutableOopMap {rdx=Oop rsi=Oop [24]=Oop }
                      ;*invokeinterface run {reexecute=0 rethrow=0 return_oop=0}
                      ; - java.awt.event.InvocationEvent::dispatch@47 (line 318)
  0x0000022d51160ad8: 0748 8904 

  0x0000022d51160adc: ;   {runtime_call throw_class_cast_exception Runtime1 stub}
  0x0000022d51160adc: 24e8 7e37 

  0x0000022d51160ae0: ; ImmutableOopMap {rax=Oop rdx=Oop [24]=Oop }
                      ;*checkcast {reexecute=0 rethrow=0 return_oop=0}
                      ; - java.awt.event.InvocationEvent::dispatch@29 (line 312)
  0x0000022d51160ae0: 0e07 8b72 | 3848 c1e6 | 0348 83fe | 000f 84b5 | feff ff48 

  0x0000022d51160af4: ;   {runtime_call g1_pre_barrier_slow}
  0x0000022d51160af4: 8934 24e8 | 6486 0e07 | e9a7 feff | ff49 83f8 | 000f 84bc | feff ff48 

  0x0000022d51160b0c: ;   {runtime_call g1_post_barrier_slow}
  0x0000022d51160b0c: 8914 24e8 | cc89 0e07 | e9ae feff | ff44 8b42 | 3c49 c1e0 | 0349 83f8 | 000f 84aa | feff ff4c 
  0x0000022d51160b2c: ;   {runtime_call g1_pre_barrier_slow}
  0x0000022d51160b2c: 8904 24e8 | 2c86 0e07 | e99c feff | ff48 83f8 | 000f 84b1 | feff ff48 

  0x0000022d51160b44: ;   {runtime_call g1_post_barrier_slow}
  0x0000022d51160b44: 8914 24e8 | 9489 0e07 | e9a3 feff 

  0x0000022d51160b50: ;   {internal_word}
  0x0000022d51160b50: ff49 ba49 | 0a16 512d | 0200 004d | 8997 6004 

  0x0000022d51160b60: ;   {runtime_call SafepointBlob}
  0x0000022d51160b60: 0000 e979 | 5c01 0749 | 8b87 0005 | 0000 49c7 | 8700 0500 | 0000 0000 | 0049 c787 | 0805 0000 
  0x0000022d51160b80: 0000 0000 | 4883 c430 

  0x0000022d51160b88: ;   {runtime_call unwind_exception Runtime1 stub}
  0x0000022d51160b88: 5de9 d2de | 0d07 f4f4 
[Stub Code]
  0x0000022d51160b90: ;   {no_reloc}
  0x0000022d51160b90: 0f1f 4400 

  0x0000022d51160b94: ;   {static_stub}
  0x0000022d51160b94: 0048 bb00 | 0000 0000 

  0x0000022d51160b9c: ;   {runtime_call nmethod}
  0x0000022d51160b9c: 0000 00e9 | fbff ffff 

  0x0000022d51160ba4: ;   {static_stub}
  0x0000022d51160ba4: 9048 bb00 | 0000 0000 

  0x0000022d51160bac: ;   {runtime_call nmethod}
  0x0000022d51160bac: 0000 00e9 | fbff ffff 

  0x0000022d51160bb4: ;   {static_stub}
  0x0000022d51160bb4: 48bb 58ee | 1d41 2d02 

  0x0000022d51160bbc: ;   {runtime_call I2C/C2I adapters}
  0x0000022d51160bbc: 0000 e9f3 

  0x0000022d51160bc0: ;   {runtime_call handle_exception_from_callee Runtime1 stub}
  0x0000022d51160bc0: 3a01 07e8 | 9830 0e07 

  0x0000022d51160bc8: ;   {external_word}
  0x0000022d51160bc8: 48b9 40d5 | a93b fa7f | 0000 4883 

  0x0000022d51160bd4: ;   {runtime_call}
  0x0000022d51160bd4: e4f0 48b8 | 704a 703b | fa7f 0000 

  0x0000022d51160be0: ;   {section_word}
  0x0000022d51160be0: ffd0 f449 | bae3 0b16 | 512d 0200 

  0x0000022d51160bec: ;   {runtime_call DeoptimizationBlob}
  0x0000022d51160bec: 0041 52e9 | 0c70 0107 | f4f4 f4f4 
[/MachCode]


Compiled method (c1) 2959911 3012       3       java.awt.EventQueue::dispatchEventImpl (139 bytes)
 total in heap  [0x0000022d5113d608,0x0000022d5113fa20] = 9240
 relocation     [0x0000022d5113d6e0,0x0000022d5113d988] = 680
 main code      [0x0000022d5113d9a0,0x0000022d5113f830] = 7824
 stub code      [0x0000022d5113f830,0x0000022d5113f940] = 272
 oops           [0x0000022d5113f940,0x0000022d5113f950] = 16
 metadata       [0x0000022d5113f950,0x0000022d5113fa20] = 208
 immutable data [0x0000022d697aa790,0x0000022d697aaf00] = 1904
 dependencies   [0x0000022d697aa790,0x0000022d697aa7d0] = 64
 nul chk table  [0x0000022d697aa7d0,0x0000022d697aa850] = 128
 handler table  [0x0000022d697aa850,0x0000022d697aa910] = 192
 scopes pcs     [0x0000022d697aa910,0x0000022d697aace0] = 976
 scopes data    [0x0000022d697aace0,0x0000022d697aaf00] = 544

[Constant Pool (empty)]

[MachCode]
[Instructions begin]
  0x0000022d5113d9a0: 6666 660f | 1f84 0000 | 0000 0066 | 6666 9066 | 6690 448b | 5208 443b 

  0x0000022d5113d9b8: ;   {runtime_call ic_miss_stub}
  0x0000022d5113d9b8: 5008 0f85 | 200d 0307 
[Verified Entry Point]
  0x0000022d5113d9c0: 8984 2400 | 80ff ff55 | 4881 ecd0 | 0000 0090 | 4181 7f20 | 0100 0000 

  0x0000022d5113d9d8: ;   {runtime_call StubRoutines (final stubs)}
  0x0000022d5113d9d8: 7405 e881 | c901 074c | 8984 24a8 

  0x0000022d5113d9e4: ;   {metadata(method data for {method} {0x0000022d4103b598} 'dispatchEventImpl' '(Ljava/awt/AWTEvent;Ljava/lang/Object;)V' in 'java/awt/EventQueue')}
  0x0000022d5113d9e4: 0000 0048 | bef0 8800 | 422d 0200 | 008b becc | 0000 0083 | c702 89be | cc00 0000 | 81e7 fe07 
  0x0000022d5113da04: 0000 85ff | 0f84 181a | 0000 41c6 | 4016 014d 

  0x0000022d5113da14: ;   {metadata(method data for {method} {0x0000022d4103b598} 'dispatchEventImpl' '(Ljava/awt/AWTEvent;Ljava/lang/Object;)V' in 'java/awt/EventQueue')}
  0x0000022d5113da14: 85c0 48bb | f088 0042 | 2d02 0000 | 750c 808b | 1101 0000 | 01e9 cb00 | 0000 418b | 4008 49ba 
  0x0000022d5113da34: 0000 0000 | 2d02 0000 | 4903 c248 | 3b83 2001 | 0000 750d | 4883 8328 | 0100 0001 | e960 0000 
  0x0000022d5113da54: 0048 3b83 | 3001 0000 | 750d 4883 | 8338 0100 | 0001 e94a | 0000 0048 | 83bb 2001 | 0000 0075 
  0x0000022d5113da74: 1748 8983 | 2001 0000 | 48c7 8328 | 0100 0001 | 0000 00e9 | 2900 0000 | 4883 bb30 | 0100 0000 
  0x0000022d5113da94: 7517 4889 | 8330 0100 | 0048 c783 | 3801 0000 | 0100 0000 | e908 0000 | 0048 8383 | 1801 0000 
  0x0000022d5113dab4: ;   {metadata('java/awt/ActiveEvent')}
  0x0000022d5113dab4: 0148 b8c0 | ad06 012d | 0200 0041 | 8b58 0849 | ba00 0000 | 002d 0200 | 0049 03da | 483b 4320 
  0x0000022d5113dad4: 0f84 2400 | 0000 483b | d80f 841b | 0000 0053 

  0x0000022d5113dae4: ;   {runtime_call slow_subtype_check Runtime1 stub}
  0x0000022d5113dae4: 50e8 566d | 1007 5b5b | 85db 0f84 | 0500 0000 | e905 0000 | 0048 33f6 | eb05 be01 | 0000 0085 
  0x0000022d5113db04: ;   {metadata(method data for {method} {0x0000022d4103b598} 'dispatchEventImpl' '(Ljava/awt/AWTEvent;Ljava/lang/Object;)V' in 'java/awt/EventQueue')}
  0x0000022d5113db04: f648 bef0 | 8800 422d | 0200 00bf | 5801 0000 | 7505 bf48 | 0100 0048 | 8b1c 3e48 | 8d5b 0148 
  0x0000022d5113db24: 891c 3e0f | 85ee 1400 | 004d 85c9 

  0x0000022d5113db30: ;   {metadata(method data for {method} {0x0000022d4103b598} 'dispatchEventImpl' '(Ljava/awt/AWTEvent;Ljava/lang/Object;)V' in 'java/awt/EventQueue')}
  0x0000022d5113db30: 48bb f088 | 0042 2d02 | 0000 750c | 808b 0902 | 0000 01e9 | b100 0000 | 418b 4108 | 49ba 0000 
  0x0000022d5113db50: 0000 2d02 | 0000 4903 | c248 3b83 | 1802 0000 | 750d 4883 | 8320 0200 | 0001 e960 | 0000 0048 
  0x0000022d5113db70: 3b83 2802 | 0000 750d | 4883 8330 | 0200 0001 | e94a 0000 | 0048 83bb | 1802 0000 | 0075 1748 
  0x0000022d5113db90: 8983 1802 | 0000 48c7 | 8320 0200 | 0001 0000 | 00e9 2900 | 0000 4883 | bb28 0200 | 0000 7517 
  0x0000022d5113dbb0: 4889 8328 | 0200 0048 | c783 3002 | 0000 0100 | 0000 e908 | 0000 0048 | 8383 1002 

  0x0000022d5113dbcc: ;   {metadata('java/awt/Component')}
  0x0000022d5113dbcc: 0000 0148 | b858 dc05 | 012d 0200 | 0041 8b59 | 0849 ba00 | 0000 002d | 0200 0049 | 03da 483b 
  0x0000022d5113dbec: 4338 0f85 | 0500 0000 | e905 0000 | 0048 33f6 | eb05 be01 | 0000 0085 

  0x0000022d5113dc04: ;   {metadata(method data for {method} {0x0000022d4103b598} 'dispatchEventImpl' '(Ljava/awt/AWTEvent;Ljava/lang/Object;)V' in 'java/awt/EventQueue')}
  0x0000022d5113dc04: f648 bef0 | 8800 422d | 0200 00bf | 4002 0000 | 7405 bf50 | 0200 0048 | 8b1c 3e48 | 8d5b 0148 
  0x0000022d5113dc24: 891c 3e0f | 84e4 0500 | 004d 85c9 

  0x0000022d5113dc30: ;   {metadata(method data for {method} {0x0000022d4103b598} 'dispatchEventImpl' '(Ljava/awt/AWTEvent;Ljava/lang/Object;)V' in 'java/awt/EventQueue')}
  0x0000022d5113dc30: 48bf f088 | 0042 2d02 | 0000 750c | 808f 5902 | 0000 01e9 | b100 0000 | 418b 5908 | 49ba 0000 
  0x0000022d5113dc50: 0000 2d02 | 0000 4903 | da48 3b9f | 6802 0000 | 750d 4883 | 8770 0200 | 0001 e960 | 0000 0048 
  0x0000022d5113dc70: 3b9f 7802 | 0000 750d | 4883 8780 | 0200 0001 | e94a 0000 | 0048 83bf | 6802 0000 | 0075 1748 
  0x0000022d5113dc90: 899f 6802 | 0000 48c7 | 8770 0200 | 0001 0000 | 00e9 2900 | 0000 4883 | bf78 0200 | 0000 7517 
  0x0000022d5113dcb0: 4889 9f78 | 0200 0048 | c787 8002 | 0000 0100 | 0000 e908 | 0000 0048 | 8387 6002 

  0x0000022d5113dccc: ;   {metadata('java/awt/Component')}
  0x0000022d5113dccc: 0000 0148 | bb58 dc05 | 012d 0200 | 0041 8b79 | 0849 ba00 | 0000 002d | 0200 0049 | 03fa 483b 
  0x0000022d5113dcec: 5f38 0f85 | 5817 0000 | e900 0000 | 0049 8bd1 

  0x0000022d5113dcfc: ; implicit exception: dispatches to 0x0000022d5113f455
  0x0000022d5113dcfc: 483b 0248 

  0x0000022d5113dd00: ;   {metadata(method data for {method} {0x0000022d4103b598} 'dispatchEventImpl' '(Ljava/awt/AWTEvent;Ljava/lang/Object;)V' in 'java/awt/EventQueue')}
  0x0000022d5113dd00: 8bf2 48bf | f088 0042 | 2d02 0000 | 4883 8790 | 0200 0001 

  0x0000022d5113dd14: ;   {metadata(method data for {method} {0x0000022d4115ac70} 'dispatchEvent' '(Ljava/awt/AWTEvent;)V' in 'java/awt/Component')}
  0x0000022d5113dd14: 48be a8b8 | 9841 2d02 | 0000 8bbe | cc00 0000 | 83c7 0289 | becc 0000 | 0081 e7fe | ff1f 0085 
  0x0000022d5113dd34: ff0f 841f | 1700 0048 

  0x0000022d5113dd3c: ;   {metadata(method data for {method} {0x0000022d4115ac70} 'dispatchEvent' '(Ljava/awt/AWTEvent;)V' in 'java/awt/Component')}
  0x0000022d5113dd3c: 8bf2 48bf | a8b8 9841 | 2d02 0000 | 8b76 0849 | ba00 0000 | 002d 0200 | 0049 03f2 | 483b b720 
  0x0000022d5113dd5c: 0100 0075 | 0d48 8387 | 2801 0000 | 01e9 6000 | 0000 483b | b730 0100 | 0075 0d48 | 8387 3801 
  0x0000022d5113dd7c: 0000 01e9 | 4a00 0000 | 4883 bf20 | 0100 0000 | 7517 4889 | b720 0100 | 0048 c787 | 2801 0000 
  0x0000022d5113dd9c: 0100 0000 | e929 0000 | 0048 83bf | 3001 0000 | 0075 1748 | 89b7 3001 | 0000 48c7 | 8738 0100 
  0x0000022d5113ddbc: 0001 0000 | 00e9 0800 | 0000 4883 | 8718 0100 | 0001 498b | f04c 8bc6 | 9048 b830 | bb8c 692d 
  0x0000022d5113dddc: ;   {virtual_call}
  0x0000022d5113dddc: 0200 00e8 

  0x0000022d5113dde0: ; ImmutableOopMap {[168]=Oop }
                      ;*invokevirtual dispatchEventImpl {reexecute=0 rethrow=0 return_oop=0}
                      ; - java.awt.Component::dispatchEvent@2 (line 4828)
                      ; - java.awt.EventQueue::dispatchEventImpl@41 (line 775)
  0x0000022d5113dde0: 2cd3 3707 

  0x0000022d5113dde4: ;   {other}
  0x0000022d5113dde4: 0f1f 8400 | dc07 0000 | 4c8b 8424 | a800 0000 

  0x0000022d5113ddf4: ;   {metadata(method data for {method} {0x0000022d4103b598} 'dispatchEventImpl' '(Ljava/awt/AWTEvent;Ljava/lang/Object;)V' in 'java/awt/EventQueue')}
  0x0000022d5113ddf4: 48be f088 | 0042 2d02 | 0000 458b | 4008 49ba | 0000 0000 | 2d02 0000 | 4d03 c24c | 3b86 c802 
  0x0000022d5113de14: 0000 750d | 4883 86d0 | 0200 0001 | e960 0000 | 004c 3b86 | d802 0000 | 750d 4883 | 86e0 0200 
  0x0000022d5113de34: 0001 e94a | 0000 0048 | 83be c802 | 0000 0075 | 174c 8986 | c802 0000 | 48c7 86d0 | 0200 0001 
  0x0000022d5113de54: 0000 00e9 | 2900 0000 | 4883 bed8 | 0200 0000 | 7517 4c89 | 86d8 0200 | 0048 c786 | e002 0000 
  0x0000022d5113de74: 0100 0000 | e908 0000 | 0048 8386 | c002 0000 

  0x0000022d5113de84: ;   {metadata(method data for {method} {0x0000022d41170440} 'dispatched' '()V' in 'java/awt/AWTEvent')}
  0x0000022d5113de84: 0148 bed0 | 9200 422d | 0200 008b | becc 0000 | 0083 c702 | 89be cc00 | 0000 81e7 | feff 1f00 
  0x0000022d5113dea4: 85ff 0f84 | cf15 0000 | 4c8b 8424 | a800 0000 

  0x0000022d5113deb4: ;   {metadata(method data for {method} {0x0000022d41170440} 'dispatched' '()V' in 'java/awt/AWTEvent')}
  0x0000022d5113deb4: 4d85 c048 | bbd0 9200 | 422d 0200 | 0075 0c80 | 8b11 0100 | 0001 e9b1 | 0000 0041 | 8b40 0849 
  0x0000022d5113ded4: ba00 0000 | 002d 0200 | 0049 03c2 | 483b 8320 | 0100 0075 | 0d48 8383 | 2801 0000 | 01e9 6000 
  0x0000022d5113def4: 0000 483b | 8330 0100 | 0075 0d48 | 8383 3801 | 0000 01e9 | 4a00 0000 | 4883 bb20 | 0100 0000 
  0x0000022d5113df14: 7517 4889 | 8320 0100 | 0048 c783 | 2801 0000 | 0100 0000 | e929 0000 | 0048 83bb | 3001 0000 
  0x0000022d5113df34: 0075 1748 | 8983 3001 | 0000 48c7 | 8338 0100 | 0001 0000 | 00e9 0800 | 0000 4883 | 8318 0100 
  0x0000022d5113df54: ;   {metadata('java/awt/event/InputEvent')}
  0x0000022d5113df54: 0001 48b8 | 28f0 0501 | 2d02 0000 | 418b 5808 | 49ba 0000 | 0000 2d02 | 0000 4903 | da48 3b43 
  0x0000022d5113df74: 500f 8505 | 0000 00e9 | 0500 0000 | 4833 f6eb | 05be 0100 | 0000 85f6 

  0x0000022d5113df8c: ;   {metadata(method data for {method} {0x0000022d41170440} 'dispatched' '()V' in 'java/awt/AWTEvent')}
  0x0000022d5113df8c: 48be d092 | 0042 2d02 | 0000 bf48 | 0100 0074 | 05bf 5801 | 0000 488b | 1c3e 488d | 5b01 4889 
  0x0000022d5113dfac: 1c3e 0f84 | 4c14 0000 

  0x0000022d5113dfb4: ;   {metadata(method data for {method} {0x0000022d41170440} 'dispatched' '()V' in 'java/awt/AWTEvent')}
  0x0000022d5113dfb4: 48be d092 | 0042 2d02 | 0000 4883 | 8668 0100 

  0x0000022d5113dfc4: ;   {metadata(method data for {method} {0x0000022d410417c8} 'getInputEventAccessor' '()Lsun/awt/AWTAccessor$InputEventAccessor;' in 'sun/awt/AWTAccessor')}
  0x0000022d5113dfc4: 0001 48be | e894 0042 | 2d02 0000 | 8bbe cc00 | 0000 83c7 | 0289 becc | 0000 0081 | e7fe ff1f 
  0x0000022d5113dfe4: 0085 ff0f | 84af 1400 

  0x0000022d5113dfec: ;   {oop(a 'java/lang/Class'{0x00000007055c28f8} = 'sun/awt/AWTAccessor')}
  0x0000022d5113dfec: 0048 bef8 | 285c 0507 | 0000 008b | b684 0000 | 0048 c1e6 | 0348 85f6 

  0x0000022d5113e004: ;   {metadata(method data for {method} {0x0000022d410417c8} 'getInputEventAccessor' '()Lsun/awt/AWTAccessor$InputEventAccessor;' in 'sun/awt/AWTAccessor')}
  0x0000022d5113e004: 48bf e894 | 0042 2d02 | 0000 bb18 | 0100 0075 | 05bb 2801 | 0000 488b | 041f 488d | 4001 4889 
  0x0000022d5113e024: 041f 0f85 | 7712 0000 

  0x0000022d5113e02c: ;   {metadata(method data for {method} {0x0000022d410417c8} 'getInputEventAccessor' '()Lsun/awt/AWTAccessor$InputEventAccessor;' in 'sun/awt/AWTAccessor')}
  0x0000022d5113e02c: 48be e894 | 0042 2d02 | 0000 4883 | 8638 0100 

  0x0000022d5113e03c: ;   {metadata(method data for {method} {0x0000022d41043f88} 'ensureClassInitialized' '(Ljava/lang/Class;)V' in 'sun/awt/AWTAccessor')}
  0x0000022d5113e03c: 0001 48be | 98e2 5041 | 2d02 0000 | 8bbe cc00 | 0000 83c7 | 0289 becc | 0000 0081 | e7fe ff1f 
  0x0000022d5113e05c: 0085 ff0f | 8458 1400 

  0x0000022d5113e064: ;   {metadata(method data for {method} {0x0000022d41043f88} 'ensureClassInitialized' '(Ljava/lang/Class;)V' in 'sun/awt/AWTAccessor')}
  0x0000022d5113e064: 0048 be98 | e250 412d | 0200 0048 | 8386 1801 

  0x0000022d5113e074: ;   {metadata(method data for {method} {0x0000022d00455438} 'lookup' '()Ljava/lang/invoke/MethodHandles$Lookup;' in 'java/lang/invoke/MethodHandles')}
  0x0000022d5113e074: 0000 0148 | be50 e450 | 412d 0200 | 008b becc | 0000 0083 | c702 89be | cc00 0000 | 81e7 feff 
  0x0000022d5113e094: 1f00 85ff | 0f84 4014 

  0x0000022d5113e09c: ;   {metadata(method data for {method} {0x0000022d00455438} 'lookup' '()Ljava/lang/invoke/MethodHandles$Lookup;' in 'java/lang/invoke/MethodHandles')}
  0x0000022d5113e09c: 0000 48be | 50e4 5041 | 2d02 0000 | 4883 8618 | 0100 0001 | 0f1f 8000 

  0x0000022d5113e0b4: ;   {static_call}
  0x0000022d5113e0b4: 0000 00e8 

  0x0000022d5113e0b8: ; ImmutableOopMap {[168]=Oop }
                      ;*invokestatic getCallerClass {reexecute=0 rethrow=0 return_oop=0}
                      ; - java.lang.invoke.MethodHandles::lookup@0 (line 127)
                      ; - sun.awt.AWTAccessor::ensureClassInitialized@0 (line 1489)
                      ; - sun.awt.AWTAccessor::getInputEventAccessor@10 (line 988)
                      ; - java.awt.AWTEvent::dispatched@7 (line 596)
                      ; - java.awt.EventQueue::dispatchEventImpl@45 (line 776)
  0x0000022d5113e0b8: 2415 0307 

  0x0000022d5113e0bc: ;   {other}
  0x0000022d5113e0bc: 0f1f 8400 | b40a 0001 | 4c8b c04d 

  0x0000022d5113e0c8: ;   {metadata(method data for {method} {0x0000022d00455438} 'lookup' '()Ljava/lang/invoke/MethodHandles$Lookup;' in 'java/lang/invoke/MethodHandles')}
  0x0000022d5113e0c8: 85c0 48ba | 50e4 5041 | 2d02 0000 | be38 0100 | 0074 05be | 2801 0000 | 488b 3c32 | 488d 7f01 
  0x0000022d5113e0e8: 4889 3c32 | 0f84 1811 

  0x0000022d5113e0f0: ;   {metadata('java/lang/invoke/MethodHandles$Lookup')}
  0x0000022d5113e0f0: 0000 48ba | 28fb 1c00 | 2d02 0000 | 498b 87b8 | 0100 0048 | 8d78 2049 | 3bbf c801 | 0000 0f87 
  0x0000022d5113e110: eb13 0000 | 4989 bfb8 | 0100 0048 | c700 0100 | 0000 488b | ca49 ba00 | 0000 002d | 0200 0049 
  0x0000022d5113e130: 2bca 8948 | 0848 33c9 | 8948 0c48 | 33c9 4889 | 4810 4889 | 4818 4c8b 

  0x0000022d5113e148: ;   {metadata(method data for {method} {0x0000022d00455438} 'lookup' '()Ljava/lang/invoke/MethodHandles$Lookup;' in 'java/lang/invoke/MethodHandles')}
  0x0000022d5113e148: c848 bf50 | e450 412d | 0200 0048 | 8387 5801 

  0x0000022d5113e158: ;   {metadata(method data for {method} {0x0000022d0044cf28} '<init>' '(Ljava/lang/Class;)V' in 'java/lang/invoke/MethodHandles$Lookup')}
  0x0000022d5113e158: 0000 0149 | b9d0 ea50 | 412d 0200 | 0041 8bb9 | cc00 0000 | 83c7 0241 | 89b9 cc00 | 0000 81e7 
  0x0000022d5113e178: feff 1f00 | 85ff 0f84 | 8813 0000 

  0x0000022d5113e184: ;   {metadata(method data for {method} {0x0000022d0044cf28} '<init>' '(Ljava/lang/Class;)V' in 'java/lang/invoke/MethodHandles$Lookup')}
  0x0000022d5113e184: 4c8b c848 | bfd0 ea50 | 412d 0200 | 0048 8387 | 1801 0000 

  0x0000022d5113e198: ;   {oop(nullptr)}
  0x0000022d5113e198: 0149 b900 | 0000 0000 | 0000 00bf | 5f00 0000 | 488b d048 | 8984 24b0 | 0000 000f 

  0x0000022d5113e1b4: ;   {optimized virtual_call}
  0x0000022d5113e1b4: 1f40 00e8 

  0x0000022d5113e1b8: ; ImmutableOopMap {[168]=Oop [176]=Oop }
                      ;*invokespecial <init> {reexecute=0 rethrow=0 return_oop=0}
                      ; - java.lang.invoke.MethodHandles$Lookup::<init>@5 (line 1625)
                      ; - java.lang.invoke.MethodHandles::lookup@23 (line 131)
                      ; - sun.awt.AWTAccessor::ensureClassInitialized@0 (line 1489)
                      ; - sun.awt.AWTAccessor::getInputEventAccessor@10 (line 988)
                      ; - java.awt.AWTEvent::dispatched@7 (line 596)
                      ; - java.awt.EventQueue::dispatchEventImpl@45 (line 776)
  0x0000022d5113e1b8: 240a 0307 

  0x0000022d5113e1bc: ;   {other}
  0x0000022d5113e1bc: 0f1f 8400 | b40b 0002 | 488b 8424 | b000 0000 

  0x0000022d5113e1cc: ;   {metadata(method data for {method} {0x0000022d41043f88} 'ensureClassInitialized' '(Ljava/lang/Class;)V' in 'sun/awt/AWTAccessor')}
  0x0000022d5113e1cc: 4c8b c048 | ba98 e250 | 412d 0200 | 0048 8382 | 2801 0000 

  0x0000022d5113e1e0: ;   {oop(a 'java/lang/Class'{0x0000000704b59c28} = 'java/awt/event/InputEvent')}
  0x0000022d5113e1e0: 0149 b828 | 9cb5 0407 | 0000 0048 

  0x0000022d5113e1ec: ;   {optimized virtual_call}
  0x0000022d5113e1ec: 8bd0 90e8 

  0x0000022d5113e1f0: ; ImmutableOopMap {[168]=Oop }
                      ;*invokevirtual ensureInitialized {reexecute=0 rethrow=0 return_oop=0}
                      ; - sun.awt.AWTAccessor::ensureClassInitialized@4 (line 1489)
                      ; - sun.awt.AWTAccessor::getInputEventAccessor@10 (line 988)
                      ; - java.awt.AWTEvent::dispatched@7 (line 596)
                      ; - java.awt.EventQueue::dispatchEventImpl@45 (line 776)
  0x0000022d5113e1f0: ec09 0307 

  0x0000022d5113e1f4: ;   {other}
  0x0000022d5113e1f4: 0f1f 8400 | ec0b 0003 

  0x0000022d5113e1fc: ;   {metadata(method data for {method} {0x0000022d41043f88} 'ensureClassInitialized' '(Ljava/lang/Class;)V' in 'sun/awt/AWTAccessor')}
  0x0000022d5113e1fc: 48ba 98e2 | 5041 2d02 | 0000 ff82 | 5801 0000 | e97e 1000 | 004d 85c9 

  0x0000022d5113e214: ;   {metadata(method data for {method} {0x0000022d4103b598} 'dispatchEventImpl' '(Ljava/awt/AWTEvent;Ljava/lang/Object;)V' in 'java/awt/EventQueue')}
  0x0000022d5113e214: 48bb f088 | 0042 2d02 | 0000 750c | 808b 0103 | 0000 01e9 | b000 0000 | 418b 4108 | 49ba 0000 
  0x0000022d5113e234: 0000 2d02 | 0000 4903 | c248 3b83 | 1003 0000 | 750d 4883 | 8318 0300 | 0001 e960 | 0000 0048 
  0x0000022d5113e254: 3b83 2003 | 0000 750d | 4883 8328 | 0300 0001 | e94a 0000 | 0048 83bb | 1003 0000 | 0075 1748 
  0x0000022d5113e274: 8983 1003 | 0000 48c7 | 8318 0300 | 0001 0000 | 00e9 2900 | 0000 4883 | bb20 0300 | 0000 7517 
  0x0000022d5113e294: 4889 8320 | 0300 0048 | c783 2803 | 0000 0100 | 0000 e908 | 0000 0048 | 8383 0803 

  0x0000022d5113e2b0: ;   {metadata('java/awt/MenuComponent')}
  0x0000022d5113e2b0: 0000 0148 | b808 d706 | 012d 0200 | 0041 8b79 | 0849 ba00 | 0000 002d | 0200 0049 | 03fa 483b 
  0x0000022d5113e2d0: c70f 8505 | 0000 00e9 | 0500 0000 | 4833 f6eb | 05be 0100 | 0000 85f6 

  0x0000022d5113e2e8: ;   {metadata(method data for {method} {0x0000022d4103b598} 'dispatchEventImpl' '(Ljava/awt/AWTEvent;Ljava/lang/Object;)V' in 'java/awt/EventQueue')}
  0x0000022d5113e2e8: 48be f088 | 0042 2d02 | 0000 bf48 | 0300 0075 | 05bf 3803 | 0000 488b | 1c3e 488d | 5b01 4889 
  0x0000022d5113e308: 1c3e 0f85 | 6b0b 0000 

  0x0000022d5113e310: ;   {metadata(method data for {method} {0x0000022d4103b598} 'dispatchEventImpl' '(Ljava/awt/AWTEvent;Ljava/lang/Object;)V' in 'java/awt/EventQueue')}
  0x0000022d5113e310: 4d85 c948 | bbf0 8800 | 422d 0200 | 0075 0c80 | 8bc9 0300 | 0001 e9b0 | 0000 0041 | 8b41 0849 
  0x0000022d5113e330: ba00 0000 | 002d 0200 | 0049 03c2 | 483b 83d8 | 0300 0075 | 0d48 8383 | e003 0000 | 01e9 6000 
  0x0000022d5113e350: 0000 483b | 83e8 0300 | 0075 0d48 | 8383 f003 | 0000 01e9 | 4a00 0000 | 4883 bbd8 | 0300 0000 
  0x0000022d5113e370: 7517 4889 | 83d8 0300 | 0048 c783 | e003 0000 | 0100 0000 | e929 0000 | 0048 83bb | e803 0000 
  0x0000022d5113e390: 0075 1748 | 8983 e803 | 0000 48c7 | 83f0 0300 | 0001 0000 | 00e9 0800 | 0000 4883 | 83d0 0300 
  0x0000022d5113e3b0: ;   {metadata('java/awt/TrayIcon')}
  0x0000022d5113e3b0: 0001 48b8 | 98d9 0601 | 2d02 0000 | 418b 7908 | 49ba 0000 | 0000 2d02 | 0000 4903 | fa48 3bc7 
  0x0000022d5113e3d0: 0f85 0500 | 0000 e905 | 0000 0048 | 33f6 eb05 | be01 0000 

  0x0000022d5113e3e4: ;   {metadata(method data for {method} {0x0000022d4103b598} 'dispatchEventImpl' '(Ljava/awt/AWTEvent;Ljava/lang/Object;)V' in 'java/awt/EventQueue')}
  0x0000022d5113e3e4: 0085 f648 | bef0 8800 | 422d 0200 | 00bf 1004 | 0000 7505 | bf00 0400 | 0048 8b1c | 3e48 8d5b 
  0x0000022d5113e404: 0148 891c | 3e0f 85c1 | 0800 004d 

  0x0000022d5113e410: ;   {metadata(method data for {method} {0x0000022d4103b598} 'dispatchEventImpl' '(Ljava/awt/AWTEvent;Ljava/lang/Object;)V' in 'java/awt/EventQueue')}
  0x0000022d5113e410: 85c9 48bb | f088 0042 | 2d02 0000 | 750c 808b | 9104 0000 | 01e9 b000 | 0000 418b | 4108 49ba 
  0x0000022d5113e430: 0000 0000 | 2d02 0000 | 4903 c248 | 3b83 a004 | 0000 750d | 4883 83a8 | 0400 0001 | e960 0000 
  0x0000022d5113e450: 0048 3b83 | b004 0000 | 750d 4883 | 83b8 0400 | 0001 e94a | 0000 0048 | 83bb a004 | 0000 0075 
  0x0000022d5113e470: 1748 8983 | a004 0000 | 48c7 83a8 | 0400 0001 | 0000 00e9 | 2900 0000 | 4883 bbb0 | 0400 0000 
  0x0000022d5113e490: 7517 4889 | 83b0 0400 | 0048 c783 | b804 0000 | 0100 0000 | e908 0000 | 0048 8383 | 9804 0000 
  0x0000022d5113e4b0: ;   {metadata('sun/awt/AWTAutoShutdown')}
  0x0000022d5113e4b0: 0148 b870 | 7706 012d | 0200 0041 | 8b79 0849 | ba00 0000 | 002d 0200 | 0049 03fa | 483b c70f 
  0x0000022d5113e4d0: 8505 0000 | 00e9 0500 | 0000 4833 | f6eb 05be | 0100 0000 

  0x0000022d5113e4e4: ;   {metadata(method data for {method} {0x0000022d4103b598} 'dispatchEventImpl' '(Ljava/awt/AWTEvent;Ljava/lang/Object;)V' in 'java/awt/EventQueue')}
  0x0000022d5113e4e4: 85f6 48be | f088 0042 | 2d02 0000 | bfc8 0400 | 0074 05bf | d804 0000 | 488b 1c3e | 488d 5b01 
  0x0000022d5113e504: 4889 1c3e | 0f84 4801 | 0000 488b 

  0x0000022d5113e510: ;   {metadata(method data for {method} {0x0000022d4103b598} 'dispatchEventImpl' '(Ljava/awt/AWTEvent;Ljava/lang/Object;)V' in 'java/awt/EventQueue')}
  0x0000022d5113e510: f248 bff0 | 8800 422d | 0200 0048 | 8387 e804 

  0x0000022d5113e520: ;   {metadata(method data for {method} {0x0000022d4103aa78} 'noEvents' '()Z' in 'java/awt/EventQueue')}
  0x0000022d5113e520: 0000 0148 | beb0 9700 | 422d 0200 | 008b becc | 0000 0083 | c702 89be | cc00 0000 | 81e7 feff 
  0x0000022d5113e540: 1f00 85ff | 0f84 e30f | 0000 be00 | 0000 00e9 | 9400 0000 | 0f1f 4000 | 8b7a 2048 | c1e7 033b 
  0x0000022d5113e560: 770c 0f83 | f00f 0000 | 4863 de8b | 7c9f 1048 | c1e7 038b | 7f0c 48c1 | e703 4885 

  0x0000022d5113e57c: ;   {metadata(method data for {method} {0x0000022d4103aa78} 'noEvents' '()Z' in 'java/awt/EventQueue')}
  0x0000022d5113e57c: ff48 bfb0 | 9700 422d | 0200 00bb | 4801 0000 | 7505 bb38 | 0100 0048 | 8b04 1f48 | 8d40 0148 
  0x0000022d5113e59c: 8904 1f0f | 8573 0000 

  0x0000022d5113e5a4: ;   {metadata(method data for {method} {0x0000022d4103aa78} 'noEvents' '()Z' in 'java/awt/EventQueue')}
  0x0000022d5113e5a4: 00ff c648 | bfb0 9700 | 422d 0200 | 008b 9fd0 | 0000 0083 | c302 899f | d000 0000 | 81e3 fe3f 
  0x0000022d5113e5c4: 0000 85db | 0f84 9d0f | 0000 4d8b | 9750 0400 

  0x0000022d5113e5d4: ; ImmutableOopMap {rdx=Oop }
                      ;*goto {reexecute=1 rethrow=0 return_oop=0}
                      ; - (reexecute) java.awt.EventQueue::noEvents@24 (line 533)
                      ; - java.awt.EventQueue::dispatchEventImpl@95 (line 782)
                      ;   {poll}
  0x0000022d5113e5d4: 0041 8502 

  0x0000022d5113e5d8: ;   {metadata(method data for {method} {0x0000022d4103aa78} 'noEvents' '()Z' in 'java/awt/EventQueue')}
  0x0000022d5113e5d8: 48bf b097 | 0042 2d02 | 0000 ff87 | 5801 0000 

  0x0000022d5113e5e8: ;   {metadata(method data for {method} {0x0000022d4103aa78} 'noEvents' '()Z' in 'java/awt/EventQueue')}
  0x0000022d5113e5e8: 83fe 0448 | bfb0 9700 | 422d 0200 | 00bb 1801 | 0000 7d05 | bb28 0100 | 0048 8b04 | 1f48 8d40 
  0x0000022d5113e608: 0148 8904 | 1f0f 8d0f | 0000 00e9 | 40ff ffff | be00 0000 | 00e9 0500 | 0000 be01 | 0000 0085 
  0x0000022d5113e628: ;   {metadata(method data for {method} {0x0000022d4103b598} 'dispatchEventImpl' '(Ljava/awt/AWTEvent;Ljava/lang/Object;)V' in 'java/awt/EventQueue')}
  0x0000022d5113e628: f648 bef0 | 8800 422d | 0200 00bf | 1805 0000 | 7405 bf28 | 0500 0048 | 8b1c 3e48 | 8d5b 0148 
  0x0000022d5113e648: 891c 3e0f | 84bf 0d00 | 00e9 ec05 

  0x0000022d5113e654: ;   {metadata(method data for {method} {0x0000022d4103b598} 'dispatchEventImpl' '(Ljava/awt/AWTEvent;Ljava/lang/Object;)V' in 'java/awt/EventQueue')}
  0x0000022d5113e654: 0000 48ba | f088 0042 | 2d02 0000 | 4883 8280 | 0500 0001 

  0x0000022d5113e668: ;   {metadata(method data for {method} {0x0000022d41039848} 'getEventLog' '()Lsun/util/logging/PlatformLogger;' in 'java/awt/EventQueue')}
  0x0000022d5113e668: 48ba a09a | 0042 2d02 | 0000 8bb2 | cc00 0000 | 83c6 0289 | b2cc 0000 | 0081 e6fe | ff1f 0085 
  0x0000022d5113e688: f60f 84fd 

  0x0000022d5113e68c: ;   {oop(a 'java/lang/Class'{0x00000007055c2a78} = 'java/awt/EventQueue')}
  0x0000022d5113e68c: 0e00 0048 | ba78 2a5c | 0507 0000 | 008b 5278 | 48c1 e203 

  0x0000022d5113e6a0: ;   {metadata(method data for {method} {0x0000022d41039848} 'getEventLog' '()Lsun/util/logging/PlatformLogger;' in 'java/awt/EventQueue')}
  0x0000022d5113e6a0: 4885 d248 | baa0 9a00 | 422d 0200 | 00be 1801 | 0000 7505 | be28 0100 | 0048 8b3c | 3248 8d7f 
  0x0000022d5113e6c0: 0148 893c | 320f 8565 

  0x0000022d5113e6c8: ;   {metadata(method data for {method} {0x0000022d41039848} 'getEventLog' '()Lsun/util/logging/PlatformLogger;' in 'java/awt/EventQueue')}
  0x0000022d5113e6c8: 0000 0048 | baa0 9a00 | 422d 0200 | 0048 8382 | 3801 0000 

  0x0000022d5113e6dc: ;   {oop("java.awt.event.EventQueue"{0x00000007130cdde8})}
  0x0000022d5113e6dc: 0148 bae8 | dd0c 1307 

  0x0000022d5113e6e4: ;   {static_call}
  0x0000022d5113e6e4: 0000 00e8 

  0x0000022d5113e6e8: ; ImmutableOopMap {[168]=Oop }
                      ;*invokestatic getLogger {reexecute=0 rethrow=0 return_oop=0}
                      ; - java.awt.EventQueue::getEventLog@8 (line 189)
                      ; - java.awt.EventQueue::dispatchEventImpl@111 (line 786)
  0x0000022d5113e6e8: f40e 0307 

  0x0000022d5113e6ec: ;   {other}
  0x0000022d5113e6ec: 0f1f 8400 | e410 0005 

  0x0000022d5113e6f4: ;   {oop(a 'java/lang/Class'{0x00000007055c2a78} = 'java/awt/EventQueue')}
  0x0000022d5113e6f4: 49b8 782a | 5c05 0700 | 0000 410f | be57 3885 | d20f 85a2 | 0e00 004c | 8bd0 49c1 | ea03 4589 
  0x0000022d5113e714: 5078 f083 | 4424 c000 | 498b d048 | 33d0 48c1 | ea15 4883 | fa00 0f85 | 9d0e 0000 

  0x0000022d5113e730: ;   {oop(a 'java/lang/Class'{0x00000007055c2a78} = 'java/awt/EventQueue')}
  0x0000022d5113e730: 49b8 782a | 5c05 0700 | 0000 458b | 4078 49c1 | e003 493b | 0049 8bd0 

  0x0000022d5113e748: ;   {metadata(method data for {method} {0x0000022d4103b598} 'dispatchEventImpl' '(Ljava/awt/AWTEvent;Ljava/lang/Object;)V' in 'java/awt/EventQueue')}
  0x0000022d5113e748: 48be f088 | 0042 2d02 

  0x0000022d5113e750: ;   {metadata('sun/util/logging/PlatformLogger')}
  0x0000022d5113e750: 0000 49ba | 108a 0401 | 2d02 0000 | 4c89 9698 | 0500 0048 | 8386 a005 

  0x0000022d5113e768: ;   {metadata(method data for {method} {0x0000022d410a6868} 'isLoggable' '(Lsun/util/logging/PlatformLogger$Level;)Z' in 'sun/util/logging/PlatformLogger')}
  0x0000022d5113e768: 0000 0148 | ba70 5737 | 412d 0200 | 008b b2cc | 0000 0083 | c602 89b2 | cc00 0000 | 81e6 feff 
  0x0000022d5113e788: 1f00 85f6 | 0f84 580e 

  0x0000022d5113e790: ;   {metadata(method data for {method} {0x0000022d410a6868} 'isLoggable' '(Lsun/util/logging/PlatformLogger$Level;)Z' in 'sun/util/logging/PlatformLogger')}
  0x0000022d5113e790: 0000 48ba | 7057 3741 | 2d02 0000 | ff82 1801 | 0000 418b | 500c 48c1 | e203 483b | 024c 8bc2 
  0x0000022d5113e7b0: ;   {metadata(method data for {method} {0x0000022d410a6868} 'isLoggable' '(Lsun/util/logging/PlatformLogger$Level;)Z' in 'sun/util/logging/PlatformLogger')}
  0x0000022d5113e7b0: 48be 7057 | 3741 2d02 | 0000 458b | 4008 49ba | 0000 0000 | 2d02 0000 | 4d03 c24c | 3b86 5001 
  0x0000022d5113e7d0: 0000 750d | 4883 8658 | 0100 0001 | e960 0000 | 004c 3b86 | 6001 0000 | 750d 4883 | 8668 0100 
  0x0000022d5113e7f0: 0001 e94a | 0000 0048 | 83be 5001 | 0000 0075 | 174c 8986 | 5001 0000 | 48c7 8658 | 0100 0001 
  0x0000022d5113e810: 0000 00e9 | 2900 0000 | 4883 be60 | 0100 0000 | 7517 4c89 | 8660 0100 | 0048 c786 | 6801 0000 
  0x0000022d5113e830: 0100 0000 | e908 0000 | 0048 8386 | 4801 0000 

  0x0000022d5113e840: ;   {oop(a 'sun/util/logging/PlatformLogger$Level'{0x00000007054d5378})}
  0x0000022d5113e840: 0149 b878 | 534d 0507 | 0000 0066 | 9048 b858 | bb8c 692d 

  0x0000022d5113e854: ;   {virtual_call}
  0x0000022d5113e854: 0200 00e8 

  0x0000022d5113e858: ; ImmutableOopMap {[168]=Oop }
                      ;*invokeinterface isLoggable {reexecute=0 rethrow=0 return_oop=0}
                      ; - sun.util.logging.PlatformLogger::isLoggable@17 (line 340)
                      ; - java.awt.EventQueue::dispatchEventImpl@117 (line 786)
  0x0000022d5113e858: 8408 0307 

  0x0000022d5113e85c: ;   {other}
  0x0000022d5113e85c: 0f1f 8400 | 5412 0006 | 83e0 0185 

  0x0000022d5113e868: ;   {metadata(method data for {method} {0x0000022d4103b598} 'dispatchEventImpl' '(Ljava/awt/AWTEvent;Ljava/lang/Object;)V' in 'java/awt/EventQueue')}
  0x0000022d5113e868: c048 baf0 | 8800 422d | 0200 00be | c005 0000 | 7405 bed0 | 0500 0048 | 8b3c 3248 | 8d7f 0148 
  0x0000022d5113e888: 893c 320f | 847f 0b00 

  0x0000022d5113e890: ;   {metadata(method data for {method} {0x0000022d4103b598} 'dispatchEventImpl' '(Ljava/awt/AWTEvent;Ljava/lang/Object;)V' in 'java/awt/EventQueue')}
  0x0000022d5113e890: 0048 baf0 | 8800 422d | 0200 0048 | 8382 e005 

  0x0000022d5113e8a0: ;   {metadata(method data for {method} {0x0000022d41039848} 'getEventLog' '()Lsun/util/logging/PlatformLogger;' in 'java/awt/EventQueue')}
  0x0000022d5113e8a0: 0000 0148 | baa0 9a00 | 422d 0200 | 008b b2cc | 0000 0083 | c602 89b2 | cc00 0000 | 81e6 feff 
  0x0000022d5113e8c0: 1f00 85f6 | 0f84 460d 

  0x0000022d5113e8c8: ;   {oop(a 'java/lang/Class'{0x00000007055c2a78} = 'java/awt/EventQueue')}
  0x0000022d5113e8c8: 0000 48ba | 782a 5c05 | 0700 0000 | 8b52 7848 | c1e2 0348 

  0x0000022d5113e8dc: ;   {metadata(method data for {method} {0x0000022d41039848} 'getEventLog' '()Lsun/util/logging/PlatformLogger;' in 'java/awt/EventQueue')}
  0x0000022d5113e8dc: 85d2 48ba | a09a 0042 | 2d02 0000 | be18 0100 | 0075 05be | 2801 0000 | 488b 3c32 | 488d 7f01 
  0x0000022d5113e8fc: 4889 3c32 | 0f85 6a00 

  0x0000022d5113e904: ;   {metadata(method data for {method} {0x0000022d41039848} 'getEventLog' '()Lsun/util/logging/PlatformLogger;' in 'java/awt/EventQueue')}
  0x0000022d5113e904: 0000 48ba | a09a 0042 | 2d02 0000 | 4883 8238 | 0100 0001 

  0x0000022d5113e918: ;   {oop("java.awt.event.EventQueue"{0x00000007130cdde8})}
  0x0000022d5113e918: 48ba e8dd | 0c13 0700 | 0000 0f1f 

  0x0000022d5113e924: ;   {static_call}
  0x0000022d5113e924: 4400 00e8 

  0x0000022d5113e928: ; ImmutableOopMap {[168]=Oop }
                      ;*invokestatic getLogger {reexecute=0 rethrow=0 return_oop=0}
                      ; - java.awt.EventQueue::getEventLog@8 (line 189)
                      ; - java.awt.EventQueue::dispatchEventImpl@123 (line 787)
  0x0000022d5113e928: b40c 0307 

  0x0000022d5113e92c: ;   {other}
  0x0000022d5113e92c: 0f1f 8400 | 2413 0007 

  0x0000022d5113e934: ;   {oop(a 'java/lang/Class'{0x00000007055c2a78} = 'java/awt/EventQueue')}
  0x0000022d5113e934: 48ba 782a | 5c05 0700 | 0000 410f | be77 3885 | f60f 85e6 | 0c00 004c | 8bd0 49c1 | ea03 4489 
  0x0000022d5113e954: 5278 f083 | 4424 c000 | 488b f248 | 33f0 48c1 | ee15 4883 | fe00 0f85 | e00c 0000 

  0x0000022d5113e970: ;   {oop(a 'java/lang/Class'{0x00000007055c2a78} = 'java/awt/EventQueue')}
  0x0000022d5113e970: 48ba 782a | 5c05 0700 | 0000 8b72 | 7848 c1e6 | 0348 89b4 | 24b8 0000 | 004c 8b84 | 24a8 0000 
  0x0000022d5113e990: ;   {metadata(method data for {method} {0x0000022d4103b598} 'dispatchEventImpl' '(Ljava/awt/AWTEvent;Ljava/lang/Object;)V' in 'java/awt/EventQueue')}
  0x0000022d5113e990: 0048 baf0 | 8800 422d | 0200 0048 | 8382 f005 

  0x0000022d5113e9a0: ;   {metadata(method data for {method} {0x0000022d0048d428} 'valueOf' '(Ljava/lang/Object;)Ljava/lang/String;' in 'java/lang/String')}
  0x0000022d5113e9a0: 0000 0148 | ba40 ff07 | 412d 0200 | 008b bacc | 0000 0083 | c702 89ba | cc00 0000 | 81e7 feff 
  0x0000022d5113e9c0: 1f00 85ff | 0f84 9e0c | 0000 4d85 

  0x0000022d5113e9cc: ;   {metadata(method data for {method} {0x0000022d0048d428} 'valueOf' '(Ljava/lang/Object;)Ljava/lang/String;' in 'java/lang/String')}
  0x0000022d5113e9cc: c048 ba40 | ff07 412d | 0200 00bf | 1801 0000 | 7505 bf28 | 0100 0048 | 8b1c 3a48 | 8d5b 0148 
  0x0000022d5113e9ec: 891c 3a0f | 851f 0000 

  0x0000022d5113e9f4: ;   {metadata(method data for {method} {0x0000022d0048d428} 'valueOf' '(Ljava/lang/Object;)Ljava/lang/String;' in 'java/lang/String')}
  0x0000022d5113e9f4: 0048 ba40 | ff07 412d | 0200 00ff | 8238 0100 

  0x0000022d5113ea04: ;   {oop("null"{0x0000000704bc3ca8})}
  0x0000022d5113ea04: 0048 bfa8 | 3cbc 0407 | 0000 00e9 | ab00 0000 

  0x0000022d5113ea14: ;   {metadata(method data for {method} {0x0000022d0048d428} 'valueOf' '(Ljava/lang/Object;)Ljava/lang/String;' in 'java/lang/String')}
  0x0000022d5113ea14: 498b d048 | bf40 ff07 | 412d 0200 | 008b 5208 | 49ba 0000 | 0000 2d02 | 0000 4903 | d248 3b97 
  0x0000022d5113ea34: 5801 0000 | 750d 4883 | 8760 0100 | 0001 e960 | 0000 0048 | 3b97 6801 | 0000 750d | 4883 8770 
  0x0000022d5113ea54: 0100 0001 | e94a 0000 | 0048 83bf | 5801 0000 | 0075 1748 | 8997 5801 | 0000 48c7 | 8760 0100 
  0x0000022d5113ea74: 0001 0000 | 00e9 2900 | 0000 4883 | bf68 0100 | 0000 7517 | 4889 9768 | 0100 0048 | c787 7001 
  0x0000022d5113ea94: 0000 0100 | 0000 e908 | 0000 0048 | 8387 5001 | 0000 0149 | 8bd0 0f1f 

  0x0000022d5113eaac: ;   {optimized virtual_call}
  0x0000022d5113eaac: 4400 00e8 

  0x0000022d5113eab0: ; ImmutableOopMap {[184]=Oop }
                      ;*invokevirtual toString {reexecute=0 rethrow=0 return_oop=0}
                      ; - java.lang.String::valueOf@11 (line 4556)
                      ; - java.awt.EventQueue::dispatchEventImpl@127 (line 787)
  0x0000022d5113eab0: 2c01 0307 

  0x0000022d5113eab4: ;   {other}
  0x0000022d5113eab4: 0f1f 8400 | ac14 0008 | 488b f890 

  0x0000022d5113eac0: ;   {no_reloc}
  0x0000022d5113eac0: e9d3 0b00 | 0090 9090 | 9090 488b 

  0x0000022d5113eacc: ;   {static_call}
  0x0000022d5113eacc: d766 90e8 

  0x0000022d5113ead0: ; ImmutableOopMap {[184]=Oop }
                      ;*invokedynamic {reexecute=0 rethrow=0 return_oop=0}
                      ; - java.awt.EventQueue::dispatchEventImpl@130 (line 787)
  0x0000022d5113ead0: 0c0b 0307 

  0x0000022d5113ead4: ;   {other}
  0x0000022d5113ead4: 0f1f 8400 | cc14 0009 

  0x0000022d5113eadc: ;   {metadata(method data for {method} {0x0000022d4103b598} 'dispatchEventImpl' '(Ljava/awt/AWTEvent;Ljava/lang/Object;)V' in 'java/awt/EventQueue')}
  0x0000022d5113eadc: 49b8 f088 | 0042 2d02 | 0000 4d8d | 8020 0600 | 0048 85c0 | 750b 41f6 | 0001 7505 | f049 8308 
  0x0000022d5113eafc: 0148 8bb4 | 24b8 0000 | 0048 3b06 

  0x0000022d5113eb08: ;   {metadata(method data for {method} {0x0000022d4103b598} 'dispatchEventImpl' '(Ljava/awt/AWTEvent;Ljava/lang/Object;)V' in 'java/awt/EventQueue')}
  0x0000022d5113eb08: 4c8b c649 | b9f0 8800 | 422d 0200 

  0x0000022d5113eb14: ;   {metadata('sun/util/logging/PlatformLogger')}
  0x0000022d5113eb14: 0049 ba10 | 8a04 012d | 0200 004d | 8991 3806 | 0000 4983 | 8140 0600 

  0x0000022d5113eb2c: ;   {metadata(method data for {method} {0x0000022d410a74c0} 'fine' '(Ljava/lang/String;)V' in 'sun/util/logging/PlatformLogger')}
  0x0000022d5113eb2c: 0001 49b8 | 70c0 9041 | 2d02 0000 | 458b 88cc | 0000 0041 | 83c1 0245 | 8988 cc00 | 0000 4181 
  0x0000022d5113eb4c: e1fe ff1f | 0045 85c9 | 0f84 4d0b | 0000 8b56 | 0c48 c1e2 | 0348 3b02 

  0x0000022d5113eb64: ;   {metadata(method data for {method} {0x0000022d410a74c0} 'fine' '(Ljava/lang/String;)V' in 'sun/util/logging/PlatformLogger')}
  0x0000022d5113eb64: 4c8b c249 | b970 c090 | 412d 0200 | 0045 8b40 | 0849 ba00 | 0000 002d | 0200 004d | 03c2 4d3b 
  0x0000022d5113eb84: 8150 0100 | 0075 0d49 | 8381 5801 | 0000 01e9 | 6000 0000 | 4d3b 8160 | 0100 0075 | 0d49 8381 
  0x0000022d5113eba4: 6801 0000 | 01e9 4a00 | 0000 4983 | b950 0100 | 0000 7517 | 4d89 8150 | 0100 0049 | c781 5801 
  0x0000022d5113ebc4: 0000 0100 | 0000 e929 | 0000 0049 | 83b9 6001 | 0000 0075 | 174d 8981 | 6001 0000 | 49c7 8168 
  0x0000022d5113ebe4: 0100 0001 | 0000 00e9 | 0800 0000 | 4983 8148 | 0100 0001 

  0x0000022d5113ebf8: ;   {oop(a 'sun/util/logging/PlatformLogger$Level'{0x00000007054d5378})}
  0x0000022d5113ebf8: 49b8 7853 | 4d05 0700 | 0000 4c8b 

  0x0000022d5113ec04: ;   {oop(nullptr)}
  0x0000022d5113ec04: c848 bf00 | 0000 0000 | 0000 0066 | 0f1f 4400 | 0048 b880 | bb8c 692d 

  0x0000022d5113ec1c: ;   {virtual_call}
  0x0000022d5113ec1c: 0200 00e8 

  0x0000022d5113ec20: ; ImmutableOopMap {}
                      ;*invokeinterface log {reexecute=0 rethrow=0 return_oop=0}
                      ; - sun.util.logging.PlatformLogger::fine@12 (line 449)
                      ; - java.awt.EventQueue::dispatchEventImpl@135 (line 787)
  0x0000022d5113ec20: bc04 0307 

  0x0000022d5113ec24: ;   {other}
  0x0000022d5113ec24: 0f1f 8400 | 1c16 000a | 4881 c4d0 | 0000 005d 

  0x0000022d5113ec34: ;   {poll_return}
  0x0000022d5113ec34: 493b a748 | 0400 000f | 878c 0a00 | 00c3 448b | 4234 49c1 | e003 493b | 0049 8bd0 

  0x0000022d5113ec50: ;   {metadata(method data for {method} {0x0000022d4103b598} 'dispatchEventImpl' '(Ljava/awt/AWTEvent;Ljava/lang/Object;)V' in 'java/awt/EventQueue')}
  0x0000022d5113ec50: 48be f088 | 0042 2d02 

  0x0000022d5113ec58: ;   {metadata('java/awt/EventDispatchThread')}
  0x0000022d5113ec58: 0000 49ba | c8b8 0601 | 2d02 0000 | 4c89 9640 | 0500 0048 | 8386 4805 

  0x0000022d5113ec70: ;   {metadata(method data for {method} {0x0000022d411e12c0} 'stopDispatching' '()V' in 'java/awt/EventDispatchThread')}
  0x0000022d5113ec70: 0000 0148 | ba60 9900 | 422d 0200 | 008b b2cc | 0000 0083 | c602 89b2 | cc00 0000 | 81e6 feff 
  0x0000022d5113ec90: 1f00 85f6 | 0f84 4e0a | 0000 ba00 | 0000 0041 | 8850 74f0 | 8344 24c0 

  0x0000022d5113eca8: ;   {metadata(method data for {method} {0x0000022d4103b598} 'dispatchEventImpl' '(Ljava/awt/AWTEvent;Ljava/lang/Object;)V' in 'java/awt/EventQueue')}
  0x0000022d5113eca8: 0049 b8f0 | 8800 422d | 0200 0041 | ff80 6805 | 0000 4881 | c4d0 0000 

  0x0000022d5113ecc0: ;   {poll_return}
  0x0000022d5113ecc0: 005d 493b | a748 0400 | 000f 873a | 0a00 00c3 | 4c8b 8424 | a800 0000 

  0x0000022d5113ecd8: ;   {metadata(method data for {method} {0x0000022d4103b598} 'dispatchEventImpl' '(Ljava/awt/AWTEvent;Ljava/lang/Object;)V' in 'java/awt/EventQueue')}
  0x0000022d5113ecd8: 4d85 c948 | bff0 8800 | 422d 0200 | 0075 0c80 | 8f19 0400 | 0001 e9b0 | 0000 0041 | 8b59 0849 
  0x0000022d5113ecf8: ba00 0000 | 002d 0200 | 0049 03da | 483b 9f28 | 0400 0075 | 0d48 8387 | 3004 0000 | 01e9 6000 
  0x0000022d5113ed18: 0000 483b | 9f38 0400 | 0075 0d48 | 8387 4004 | 0000 01e9 | 4a00 0000 | 4883 bf28 | 0400 0000 
  0x0000022d5113ed38: 7517 4889 | 9f28 0400 | 0048 c787 | 3004 0000 | 0100 0000 | e929 0000 | 0048 83bf | 3804 0000 
  0x0000022d5113ed58: 0075 1748 | 899f 3804 | 0000 48c7 | 8740 0400 | 0001 0000 | 00e9 0800 | 0000 4883 | 8720 0400 
  0x0000022d5113ed78: ;   {metadata('java/awt/TrayIcon')}
  0x0000022d5113ed78: 0001 48bb | 98d9 0601 | 2d02 0000 | 418b 7108 | 49ba 0000 | 0000 2d02 | 0000 4903 | f248 3bde 
  0x0000022d5113ed98: 0f85 8109 | 0000 e900 | 0000 0049 | 8bd1 483b | 0248 8bf2 

  0x0000022d5113edac: ;   {metadata(method data for {method} {0x0000022d4103b598} 'dispatchEventImpl' '(Ljava/awt/AWTEvent;Ljava/lang/Object;)V' in 'java/awt/EventQueue')}
  0x0000022d5113edac: 48bf f088 | 0042 2d02 | 0000 8b76 | 0849 ba00 | 0000 002d | 0200 0049 | 03f2 483b | b758 0400 
  0x0000022d5113edcc: 0075 0d48 | 8387 6004 | 0000 01e9 | 6000 0000 | 483b b768 | 0400 0075 | 0d48 8387 | 7004 0000 
  0x0000022d5113edec: 01e9 4a00 | 0000 4883 | bf58 0400 | 0000 7517 | 4889 b758 | 0400 0048 | c787 6004 | 0000 0100 
  0x0000022d5113ee0c: 0000 e929 | 0000 0048 | 83bf 6804 | 0000 0075 | 1748 89b7 | 6804 0000 | 48c7 8770 | 0400 0001 
  0x0000022d5113ee2c: 0000 00e9 | 0800 0000 | 4883 8750 | 0400 0001 | 9048 b8a8 | bb8c 692d 

  0x0000022d5113ee44: ;   {virtual_call}
  0x0000022d5113ee44: 0200 00e8 

  0x0000022d5113ee48: ; ImmutableOopMap {}
                      ;*invokevirtual dispatchEvent {reexecute=0 rethrow=0 return_oop=0}
                      ; - java.awt.EventQueue::dispatchEventImpl@81 (line 780)
  0x0000022d5113ee48: 9402 0307 

  0x0000022d5113ee4c: ;   {other}
  0x0000022d5113ee4c: 0f1f 8400 | 4418 000b 

  0x0000022d5113ee54: ;   {metadata(method data for {method} {0x0000022d4103b598} 'dispatchEventImpl' '(Ljava/awt/AWTEvent;Ljava/lang/Object;)V' in 'java/awt/EventQueue')}
  0x0000022d5113ee54: 49b8 f088 | 0042 2d02 | 0000 41ff | 8080 0400 | 0048 81c4 | d000 0000 

  0x0000022d5113ee6c: ;   {poll_return}
  0x0000022d5113ee6c: 5d49 3ba7 | 4804 0000 | 0f87 b308 | 0000 c34c | 8b84 24a8 | 0000 004d 

  0x0000022d5113ee84: ;   {metadata(method data for {method} {0x0000022d4103b598} 'dispatchEventImpl' '(Ljava/awt/AWTEvent;Ljava/lang/Object;)V' in 'java/awt/EventQueue')}
  0x0000022d5113ee84: 85c9 48bf | f088 0042 | 2d02 0000 | 750c 808f | 5103 0000 | 01e9 b000 | 0000 418b | 5908 49ba 
  0x0000022d5113eea4: 0000 0000 | 2d02 0000 | 4903 da48 | 3b9f 6003 | 0000 750d | 4883 8768 | 0300 0001 | e960 0000 
  0x0000022d5113eec4: 0048 3b9f | 7003 0000 | 750d 4883 | 8778 0300 | 0001 e94a | 0000 0048 | 83bf 6003 | 0000 0075 
  0x0000022d5113eee4: 1748 899f | 6003 0000 | 48c7 8768 | 0300 0001 | 0000 00e9 | 2900 0000 | 4883 bf70 | 0300 0000 
  0x0000022d5113ef04: 7517 4889 | 9f70 0300 | 0048 c787 | 7803 0000 | 0100 0000 | e908 0000 | 0048 8387 | 5803 0000 
  0x0000022d5113ef24: ;   {metadata('java/awt/MenuComponent')}
  0x0000022d5113ef24: 0148 bb08 | d706 012d | 0200 0041 | 8b71 0849 | ba00 0000 | 002d 0200 | 0049 03f2 | 483b de0f 
  0x0000022d5113ef44: 85fa 0700 | 00e9 0000 | 0000 498b | d148 3b02 

  0x0000022d5113ef54: ;   {metadata(method data for {method} {0x0000022d4103b598} 'dispatchEventImpl' '(Ljava/awt/AWTEvent;Ljava/lang/Object;)V' in 'java/awt/EventQueue')}
  0x0000022d5113ef54: 488b f248 | bff0 8800 | 422d 0200 | 008b 7608 | 49ba 0000 | 0000 2d02 | 0000 4903 | f248 3bb7 
  0x0000022d5113ef74: 9003 0000 | 750d 4883 | 8798 0300 | 0001 e960 | 0000 0048 | 3bb7 a003 | 0000 750d | 4883 87a8 
  0x0000022d5113ef94: 0300 0001 | e94a 0000 | 0048 83bf | 9003 0000 | 0075 1748 | 89b7 9003 | 0000 48c7 | 8798 0300 
  0x0000022d5113efb4: 0001 0000 | 00e9 2900 | 0000 4883 | bfa0 0300 | 0000 7517 | 4889 b7a0 | 0300 0048 | c787 a803 
  0x0000022d5113efd4: 0000 0100 | 0000 e908 | 0000 0048 | 8387 8803 

  0x0000022d5113efe4: ;   {optimized virtual_call}
  0x0000022d5113efe4: 0000 01e8 

  0x0000022d5113efe8: ; ImmutableOopMap {}
                      ;*invokevirtual dispatchEvent {reexecute=0 rethrow=0 return_oop=0}
                      ; - java.awt.EventQueue::dispatchEventImpl@63 (line 778)
  0x0000022d5113efe8: f4fb 0207 

  0x0000022d5113efec: ;   {other}
  0x0000022d5113efec: 0f1f 8400 | e419 000c 

  0x0000022d5113eff4: ;   {metadata(method data for {method} {0x0000022d4103b598} 'dispatchEventImpl' '(Ljava/awt/AWTEvent;Ljava/lang/Object;)V' in 'java/awt/EventQueue')}
  0x0000022d5113eff4: 49b8 f088 | 0042 2d02 | 0000 41ff | 80b8 0300 | 0048 81c4 | d000 0000 

  0x0000022d5113f00c: ;   {poll_return}
  0x0000022d5113f00c: 5d49 3ba7 | 4804 0000 | 0f87 3707 | 0000 c348 

  0x0000022d5113f01c: ;   {metadata(method data for {method} {0x0000022d4103b598} 'dispatchEventImpl' '(Ljava/awt/AWTEvent;Ljava/lang/Object;)V' in 'java/awt/EventQueue')}
  0x0000022d5113f01c: 8bf2 48bf | f088 0042 | 2d02 0000 | 4883 8768 | 0100 0001 | 498b f04c 

  0x0000022d5113f034: ;   {optimized virtual_call}
  0x0000022d5113f034: 8bc6 90e8 

  0x0000022d5113f038: ; ImmutableOopMap {[168]=Oop }
                      ;*invokevirtual setCurrentEventAndMostRecentTimeImpl {reexecute=0 rethrow=0 return_oop=0}
                      ; - java.awt.EventQueue::dispatchEventImpl@14 (line 772)
  0x0000022d5113f038: 8494 ffff 

  0x0000022d5113f03c: ;   {other}
  0x0000022d5113f03c: 0f1f 8400 | 341a 000d | 4c8b 8424 | a800 0000 

  0x0000022d5113f04c: ;   {metadata(method data for {method} {0x0000022d4103b598} 'dispatchEventImpl' '(Ljava/awt/AWTEvent;Ljava/lang/Object;)V' in 'java/awt/EventQueue')}
  0x0000022d5113f04c: 4d85 c048 | bff0 8800 | 422d 0200 | 0075 0c80 | 8f91 0100 | 0001 e9cb | 0000 0041 | 8b58 0849 
  0x0000022d5113f06c: ba00 0000 | 002d 0200 | 0049 03da | 483b 9fa0 | 0100 0075 | 0d48 8387 | a801 0000 | 01e9 6000 
  0x0000022d5113f08c: 0000 483b | 9fb0 0100 | 0075 0d48 | 8387 b801 | 0000 01e9 | 4a00 0000 | 4883 bfa0 | 0100 0000 
  0x0000022d5113f0ac: 7517 4889 | 9fa0 0100 | 0048 c787 | a801 0000 | 0100 0000 | e929 0000 | 0048 83bf | b001 0000 
  0x0000022d5113f0cc: 0075 1748 | 899f b001 | 0000 48c7 | 87b8 0100 | 0001 0000 | 00e9 0800 | 0000 4883 | 8798 0100 
  0x0000022d5113f0ec: ;   {metadata('java/awt/ActiveEvent')}
  0x0000022d5113f0ec: 0001 48bb | c0ad 0601 | 2d02 0000 | 418b 7808 | 49ba 0000 | 0000 2d02 | 0000 4903 | fa48 3b5f 
  0x0000022d5113f10c: 200f 841f | 0000 0048 | 3bfb 0f84 | 1600 0000 

  0x0000022d5113f11c: ;   {runtime_call slow_subtype_check Runtime1 stub}
  0x0000022d5113f11c: 5753 e81d | 5710 075f | 5f85 ff0f | 843a 0600 | 00e9 0000 | 0000 498b | d048 3b02 

  0x0000022d5113f138: ;   {metadata(method data for {method} {0x0000022d4103b598} 'dispatchEventImpl' '(Ljava/awt/AWTEvent;Ljava/lang/Object;)V' in 'java/awt/EventQueue')}
  0x0000022d5113f138: 488b f248 | bff0 8800 | 422d 0200 | 008b 7608 | 49ba 0000 | 0000 2d02 | 0000 4903 | f248 3bb7 
  0x0000022d5113f158: d001 0000 | 750d 4883 | 87d8 0100 | 0001 e960 | 0000 0048 | 3bb7 e001 | 0000 750d | 4883 87e8 
  0x0000022d5113f178: 0100 0001 | e94a 0000 | 0048 83bf | d001 0000 | 0075 1748 | 89b7 d001 | 0000 48c7 | 87d8 0100 
  0x0000022d5113f198: 0001 0000 | 00e9 2900 | 0000 4883 | bfe0 0100 | 0000 7517 | 4889 b7e0 | 0100 0048 | c787 e801 
  0x0000022d5113f1b8: 0000 0100 | 0000 e908 | 0000 0048 | 8387 c801 | 0000 0166 | 9048 b8d0 | bb8c 692d 

  0x0000022d5113f1d4: ;   {virtual_call}
  0x0000022d5113f1d4: 0200 00e8 

  0x0000022d5113f1d8: ; ImmutableOopMap {}
                      ;*invokeinterface dispatch {reexecute=0 rethrow=0 return_oop=0}
                      ; - java.awt.EventQueue::dispatchEventImpl@21 (line 773)
  0x0000022d5113f1d8: f4d4 1007 

  0x0000022d5113f1dc: ;   {other}
  0x0000022d5113f1dc: 0f1f 8400 | d41b 000e 

  0x0000022d5113f1e4: ;   {metadata(method data for {method} {0x0000022d4103b598} 'dispatchEventImpl' '(Ljava/awt/AWTEvent;Ljava/lang/Object;)V' in 'java/awt/EventQueue')}
  0x0000022d5113f1e4: 48ba f088 | 0042 2d02 | 0000 ff82 | f801 0000 | 4881 c4d0 | 0000 005d 

  0x0000022d5113f1fc: ;   {poll_return}
  0x0000022d5113f1fc: 493b a748 | 0400 000f | 876c 0500 | 00c3 660f | 1f44 0000 

  0x0000022d5113f210: ;   {no_reloc}
  0x0000022d5113f210: e985 0500 | 0000 0000 | 0000 e985 | 0500 0048 

  0x0000022d5113f220: ;   {metadata(method data for {method} {0x0000022d00455438} 'lookup' '()Ljava/lang/invoke/MethodHandles$Lookup;' in 'java/lang/invoke/MethodHandles')}
  0x0000022d5113f220: 8bd0 48be | 50e4 5041 | 2d02 0000 | 4883 8648 | 0100 0001 

  0x0000022d5113f234: ;   {oop("no caller frame"{0x0000000705560d78})}
  0x0000022d5113f234: 49b8 780d | 5605 0700 | 0000 488b | d048 8984 | 24c0 0000 | 0066 0f1f 

  0x0000022d5113f24c: ;   {optimized virtual_call}
  0x0000022d5113f24c: 4400 00e8 

  0x0000022d5113f250: ; ImmutableOopMap {[168]=Oop [192]=Oop }
                      ;*invokespecial <init> {reexecute=0 rethrow=0 return_oop=0}
                      ; - java.lang.invoke.MethodHandles::lookup@14 (line 129)
                      ; - sun.awt.AWTAccessor::ensureClassInitialized@0 (line 1489)
                      ; - sun.awt.AWTAccessor::getInputEventAccessor@10 (line 988)
                      ; - java.awt.AWTEvent::dispatched@7 (line 596)
                      ; - java.awt.EventQueue::dispatchEventImpl@45 (line 776)
  0x0000022d5113f250: 8cf9 0207 

  0x0000022d5113f254: ;   {other}
  0x0000022d5113f254: 0f1f 8400 | 4c1c 000f | 488b 8424 

  0x0000022d5113f260: ; ImmutableOopMap {rax=Oop [168]=Oop }
                      ;*athrow {reexecute=1 rethrow=0 return_oop=0}
                      ; - (reexecute) java.lang.invoke.MethodHandles::lookup@17 (line 129)
                      ; - sun.awt.AWTAccessor::ensureClassInitialized@0 (line 1489)
                      ; - sun.awt.AWTAccessor::getInputEventAccessor@10 (line 988)
                      ; - java.awt.AWTEvent::dispatched@7 (line 596)
                      ; - java.awt.EventQueue::dispatchEventImpl@45 (line 776)
  0x0000022d5113f260: c000 0000 

  0x0000022d5113f264: ;   {section_word}
  0x0000022d5113f264: 48ba 64f2 | 1351 2d02 

  0x0000022d5113f26c: ;   {runtime_call handle_exception_nofpu Runtime1 stub}
  0x0000022d5113f26c: 0000 e86d | 4310 0790 | 498b 8700 | 0500 004d | 33d2 4d89 | 9700 0500 | 004d 33d2 | 4d89 9708 
  0x0000022d5113f28c: ;   {oop(a 'java/lang/Class'{0x00000007055c28f8} = 'sun/awt/AWTAccessor')}
  0x0000022d5113f28c: 0500 0048 | bef8 285c | 0507 0000 | 008b b684 | 0000 0048 | c1e6 034c | 8b84 24a8 | 0000 004d 
  0x0000022d5113f2ac: ;   {metadata(method data for {method} {0x0000022d41170440} 'dispatched' '()V' in 'java/awt/AWTEvent')}
  0x0000022d5113f2ac: 85c0 48b8 | d092 0042 | 2d02 0000 | 750c 8088 | 7101 0000 | 01e9 b100 | 0000 418b | 5008 49ba 
  0x0000022d5113f2cc: 0000 0000 | 2d02 0000 | 4903 d248 | 3b90 8001 | 0000 750d | 4883 8088 | 0100 0001 | e960 0000 
  0x0000022d5113f2ec: 0048 3b90 | 9001 0000 | 750d 4883 | 8098 0100 | 0001 e94a | 0000 0048 | 83b8 8001 | 0000 0075 
  0x0000022d5113f30c: 1748 8990 | 8001 0000 | 48c7 8088 | 0100 0001 | 0000 00e9 | 2900 0000 | 4883 b890 | 0100 0000 
  0x0000022d5113f32c: 7517 4889 | 9090 0100 | 0048 c780 | 9801 0000 | 0100 0000 | e908 0000 | 0048 8380 | 7801 0000 
  0x0000022d5113f34c: ;   {metadata('java/awt/event/InputEvent')}
  0x0000022d5113f34c: 0148 ba28 | f005 012d | 0200 0041 | 8b40 0849 | ba00 0000 | 002d 0200 | 0049 03c2 | 483b 5050 
  0x0000022d5113f36c: 0f85 3f04 | 0000 e900 | 0000 0049 | 8bf8 4885 | f60f 8429 

  0x0000022d5113f380: ;   {metadata('java/awt/event/InputEvent$1')}
  0x0000022d5113f380: 0000 0048 | b980 fd05 | 012d 0200 | 008b 5608 | 49ba 0000 | 0000 2d02 | 0000 4903 | d248 3b4a 
  0x0000022d5113f3a0: 380f 8513 | 0400 00e9 | 0000 0000 | 488b de48 

  0x0000022d5113f3b0: ;   {metadata(method data for {method} {0x0000022d41170440} 'dispatched' '()V' in 'java/awt/AWTEvent')}
  0x0000022d5113f3b0: 3b06 48bb | d092 0042 | 2d02 0000 

  0x0000022d5113f3bc: ;   {metadata('java/awt/event/InputEvent$1')}
  0x0000022d5113f3bc: 49ba 80fd | 0501 2d02 | 0000 4c89 | 93b0 0100 | 0048 8383 | b801 0000 

  0x0000022d5113f3d4: ;   {metadata(method data for {method} {0x0000022d41173980} 'setCanAccessSystemClipboard' '(Ljava/awt/event/InputEvent;Z)V' in 'java/awt/event/InputEvent$1')}
  0x0000022d5113f3d4: 0148 be68 | 9600 422d | 0200 008b | 9ecc 0000 | 0083 c302 | 899e cc00 | 0000 81e3 | feff 1f00 
  0x0000022d5113f3f4: 85db 0f84 | c803 0000 

  0x0000022d5113f3fc: ; implicit exception: dispatches to 0x0000022d5113f7e5
  0x0000022d5113f3fc: c647 2c00 

  0x0000022d5113f400: ;   {metadata(method data for {method} {0x0000022d4103b598} 'dispatchEventImpl' '(Ljava/awt/AWTEvent;Ljava/lang/Object;)V' in 'java/awt/EventQueue')}
  0x0000022d5113f400: 48be f088 | 0042 2d02 | 0000 ff86 | f002 0000 | 4881 c4d0 | 0000 005d 

  0x0000022d5113f418: ;   {poll_return}
  0x0000022d5113f418: 493b a748 | 0400 000f | 87c5 0300 

  0x0000022d5113f424: ;   {metadata({method} {0x0000022d4103b598} 'dispatchEventImpl' '(Ljava/awt/AWTEvent;Ljava/lang/Object;)V' in 'java/awt/EventQueue')}
  0x0000022d5113f424: 00c3 49ba | 90b5 0341 | 2d02 0000 | 4c89 5424 | 0848 c704 | 24ff ffff 

  0x0000022d5113f43c: ;   {runtime_call counter_overflow Runtime1 stub}
  0x0000022d5113f43c: ffe8 1e90 

  0x0000022d5113f440: ; ImmutableOopMap {rdx=Oop r8=Oop r9=Oop [168]=Oop }
                      ;*synchronization entry
                      ; - java.awt.EventQueue::dispatchEventImpl@-1 (line 769)
  0x0000022d5113f440: 1007 e9c7 

  0x0000022d5113f444: ;   {runtime_call throw_null_pointer_exception Runtime1 stub}
  0x0000022d5113f444: e5ff ffe8 

  0x0000022d5113f448: ; ImmutableOopMap {rdx=Oop r8=Oop r9=Oop [168]=Oop }
                      ;*putfield isPosted {reexecute=1 rethrow=0 return_oop=0}
                      ; - (reexecute) java.awt.EventQueue::dispatchEventImpl@2 (line 769)
  0x0000022d5113f448: 940a 1007 | 4c89 0c24 

  0x0000022d5113f450: ;   {runtime_call throw_class_cast_exception Runtime1 stub}
  0x0000022d5113f450: e80b 4e10 

  0x0000022d5113f454: ; ImmutableOopMap {r8=Oop [168]=Oop }
                      ;*checkcast {reexecute=0 rethrow=0 return_oop=0}
                      ; - java.awt.EventQueue::dispatchEventImpl@37 (line 775)
                      ;   {runtime_call throw_null_pointer_exception Runtime1 stub}
  0x0000022d5113f454: 07e8 860a 

  0x0000022d5113f458: ; ImmutableOopMap {r8=Oop rdx=Oop [168]=Oop }
                      ;*invokevirtual dispatchEvent {reexecute=0 rethrow=0 return_oop=0}
                      ; - java.awt.EventQueue::dispatchEventImpl@41 (line 775)
                      ;   {metadata({method} {0x0000022d4115ac70} 'dispatchEvent' '(Ljava/awt/AWTEvent;)V' in 'java/awt/Component')}
  0x0000022d5113f458: 1007 49ba | 68ac 1541 | 2d02 0000 | 4c89 5424 | 0848 c704 | 24ff ffff 

  0x0000022d5113f470: ;   {runtime_call counter_overflow Runtime1 stub}
  0x0000022d5113f470: ffe8 ea8f 

  0x0000022d5113f474: ; ImmutableOopMap {r8=Oop rdx=Oop [168]=Oop }
                      ;*synchronization entry
                      ; - java.awt.Component::dispatchEvent@-1 (line 4828)
                      ; - java.awt.EventQueue::dispatchEventImpl@41 (line 775)
  0x0000022d5113f474: 1007 e9c0 

  0x0000022d5113f478: ;   {metadata({method} {0x0000022d41170440} 'dispatched' '()V' in 'java/awt/AWTEvent')}
  0x0000022d5113f478: e8ff ff49 | ba38 0417 | 412d 0200 | 004c 8954 | 2408 48c7 | 0424 ffff 

  0x0000022d5113f490: ;   {runtime_call counter_overflow Runtime1 stub}
  0x0000022d5113f490: ffff e8c9 

  0x0000022d5113f494: ; ImmutableOopMap {[168]=Oop }
                      ;*synchronization entry
                      ; - java.awt.AWTEvent::dispatched@-1 (line 595)
                      ; - java.awt.EventQueue::dispatchEventImpl@45 (line 776)
  0x0000022d5113f494: 8f10 07e9 | 10ea ffff 

  0x0000022d5113f49c: ;   {metadata({method} {0x0000022d410417c8} 'getInputEventAccessor' '()Lsun/awt/AWTAccessor$InputEventAccessor;' in 'sun/awt/AWTAccessor')}
  0x0000022d5113f49c: 49ba c017 | 0441 2d02 | 0000 4c89 | 5424 0848 | c704 24ff 

  0x0000022d5113f4b0: ;   {runtime_call counter_overflow Runtime1 stub}
  0x0000022d5113f4b0: ffff ffe8 

  0x0000022d5113f4b4: ; ImmutableOopMap {r8=Oop [168]=Oop }
                      ;*synchronization entry
                      ; - sun.awt.AWTAccessor::getInputEventAccessor@-1 (line 986)
                      ; - java.awt.AWTEvent::dispatched@7 (line 596)
                      ; - java.awt.EventQueue::dispatchEventImpl@45 (line 776)
  0x0000022d5113f4b4: a88f 1007 | e930 ebff 

  0x0000022d5113f4bc: ;   {metadata({method} {0x0000022d41043f88} 'ensureClassInitialized' '(Ljava/lang/Class;)V' in 'sun/awt/AWTAccessor')}
  0x0000022d5113f4bc: ff49 ba80 | 3f04 412d | 0200 004c | 8954 2408 | 48c7 0424 | ffff ffff 

  0x0000022d5113f4d4: ;   {runtime_call counter_overflow Runtime1 stub}
  0x0000022d5113f4d4: e887 8f10 

  0x0000022d5113f4d8: ; ImmutableOopMap {[168]=Oop }
                      ;*synchronization entry
                      ; - sun.awt.AWTAccessor::ensureClassInitialized@-1 (line 1489)
                      ; - sun.awt.AWTAccessor::getInputEventAccessor@10 (line 988)
                      ; - java.awt.AWTEvent::dispatched@7 (line 596)
                      ; - java.awt.EventQueue::dispatchEventImpl@45 (line 776)
  0x0000022d5113f4d8: 07e9 87eb 

  0x0000022d5113f4dc: ;   {metadata({method} {0x0000022d00455438} 'lookup' '()Ljava/lang/invoke/MethodHandles$Lookup;' in 'java/lang/invoke/MethodHandles')}
  0x0000022d5113f4dc: ffff 49ba | 3054 4500 | 2d02 0000 | 4c89 5424 | 0848 c704 | 24ff ffff 

  0x0000022d5113f4f4: ;   {runtime_call counter_overflow Runtime1 stub}
  0x0000022d5113f4f4: ffe8 668f 

  0x0000022d5113f4f8: ; ImmutableOopMap {[168]=Oop }
                      ;*synchronization entry
                      ; - java.lang.invoke.MethodHandles::lookup@-1 (line 127)
                      ; - sun.awt.AWTAccessor::ensureClassInitialized@0 (line 1489)
                      ; - sun.awt.AWTAccessor::getInputEventAccessor@10 (line 988)
                      ; - java.awt.AWTEvent::dispatched@7 (line 596)
                      ; - java.awt.EventQueue::dispatchEventImpl@45 (line 776)
  0x0000022d5113f4f8: 1007 e99f | ebff ff48 

  0x0000022d5113f500: ;   {runtime_call fast_new_instance Runtime1 stub}
  0x0000022d5113f500: 8bd2 e859 

  0x0000022d5113f504: ; ImmutableOopMap {r8=Oop [168]=Oop }
                      ;*new {reexecute=0 rethrow=0 return_oop=0}
                      ; - java.lang.invoke.MethodHandles::lookup@18 (line 131)
                      ; - sun.awt.AWTAccessor::ensureClassInitialized@0 (line 1489)
                      ; - sun.awt.AWTAccessor::getInputEventAccessor@10 (line 988)
                      ; - java.awt.AWTEvent::dispatched@7 (line 596)
                      ; - java.awt.EventQueue::dispatchEventImpl@45 (line 776)
  0x0000022d5113f504: 2410 07e9 | 3aec ffff 

  0x0000022d5113f50c: ;   {metadata({method} {0x0000022d0044cf28} '<init>' '(Ljava/lang/Class;)V' in 'java/lang/invoke/MethodHandles$Lookup')}
  0x0000022d5113f50c: 49ba 20cf | 4400 2d02 | 0000 4c89 | 5424 0848 | c704 24ff 

  0x0000022d5113f520: ;   {runtime_call counter_overflow Runtime1 stub}
  0x0000022d5113f520: ffff ffe8 

  0x0000022d5113f524: ; ImmutableOopMap {r8=Oop rax=Oop [168]=Oop }
                      ;*synchronization entry
                      ; - java.lang.invoke.MethodHandles$Lookup::<init>@-1 (line 1625)
                      ; - java.lang.invoke.MethodHandles::lookup@23 (line 131)
                      ; - sun.awt.AWTAccessor::ensureClassInitialized@0 (line 1489)
                      ; - sun.awt.AWTAccessor::getInputEventAccessor@10 (line 988)
                      ; - java.awt.AWTEvent::dispatched@7 (line 596)
                      ; - java.awt.EventQueue::dispatchEventImpl@45 (line 776)
  0x0000022d5113f524: 388f 1007 | e957 ecff 

  0x0000022d5113f52c: ;   {metadata({method} {0x0000022d4103aa78} 'noEvents' '()Z' in 'java/awt/EventQueue')}
  0x0000022d5113f52c: ff49 ba70 | aa03 412d | 0200 004c | 8954 2408 | 48c7 0424 | ffff ffff 

  0x0000022d5113f544: ;   {runtime_call counter_overflow Runtime1 stub}
  0x0000022d5113f544: e817 8f10 

  0x0000022d5113f548: ; ImmutableOopMap {rdx=Oop }
                      ;*synchronization entry
                      ; - java.awt.EventQueue::noEvents@-1 (line 533)
                      ; - java.awt.EventQueue::dispatchEventImpl@95 (line 782)
  0x0000022d5113f548: 07e9 fcef 

  0x0000022d5113f54c: ;   {runtime_call throw_null_pointer_exception Runtime1 stub}
  0x0000022d5113f54c: ffff e88d 

  0x0000022d5113f550: ; ImmutableOopMap {rdx=Oop rdi=Oop }
                      ;*aaload {reexecute=0 rethrow=0 return_oop=0}
                      ; - java.awt.EventQueue::noEvents@12 (line 534)
                      ; - java.awt.EventQueue::dispatchEventImpl@95 (line 782)
                      ;   {runtime_call throw_null_pointer_exception Runtime1 stub}
  0x0000022d5113f550: 0910 07e8 

  0x0000022d5113f554: ; ImmutableOopMap {rdx=Oop rdi=Oop }
                      ;*aaload {reexecute=0 rethrow=0 return_oop=0}
                      ; - java.awt.EventQueue::noEvents@12 (line 534)
                      ; - java.awt.EventQueue::dispatchEventImpl@95 (line 782)
  0x0000022d5113f554: 8809 1007 | 4889 3424 | 4889 7c24 

  0x0000022d5113f560: ;   {runtime_call throw_range_check_failed Runtime1 stub}
  0x0000022d5113f560: 08e8 fafa 

  0x0000022d5113f564: ; ImmutableOopMap {rdx=Oop rdi=Oop }
                      ;*aaload {reexecute=0 rethrow=0 return_oop=0}
                      ; - java.awt.EventQueue::noEvents@12 (line 534)
                      ; - java.awt.EventQueue::dispatchEventImpl@95 (line 782)
                      ;   {runtime_call throw_null_pointer_exception Runtime1 stub}
  0x0000022d5113f564: 0f07 e875 

  0x0000022d5113f568: ; ImmutableOopMap {rdx=Oop }
                      ;*getfield head {reexecute=1 rethrow=0 return_oop=0}
                      ; - (reexecute) java.awt.EventQueue::noEvents@13 (line 534)
                      ; - java.awt.EventQueue::dispatchEventImpl@95 (line 782)
                      ;   {metadata({method} {0x0000022d4103aa78} 'noEvents' '()Z' in 'java/awt/EventQueue')}
  0x0000022d5113f568: 0910 0749 | ba70 aa03 | 412d 0200 | 004c 8954 | 2408 48c7 | 0424 1800 

  0x0000022d5113f580: ;   {runtime_call counter_overflow Runtime1 stub}
  0x0000022d5113f580: 0000 e8d9 

  0x0000022d5113f584: ; ImmutableOopMap {rdx=Oop }
                      ;*goto {reexecute=1 rethrow=0 return_oop=0}
                      ; - (reexecute) java.awt.EventQueue::noEvents@24 (line 533)
                      ; - java.awt.EventQueue::dispatchEventImpl@95 (line 782)
  0x0000022d5113f584: 8e10 07e9 | 42f0 ffff 

  0x0000022d5113f58c: ;   {metadata({method} {0x0000022d41039848} 'getEventLog' '()Lsun/util/logging/PlatformLogger;' in 'java/awt/EventQueue')}
  0x0000022d5113f58c: 49ba 4098 | 0341 2d02 | 0000 4c89 | 5424 0848 | c704 24ff 

  0x0000022d5113f5a0: ;   {runtime_call counter_overflow Runtime1 stub}
  0x0000022d5113f5a0: ffff ffe8 

  0x0000022d5113f5a4: ; ImmutableOopMap {[168]=Oop }
                      ;*synchronization entry
                      ; - java.awt.EventQueue::getEventLog@-1 (line 188)
                      ; - java.awt.EventQueue::dispatchEventImpl@111 (line 786)
  0x0000022d5113f5a4: b88e 1007 | e9e2 f0ff | ff41 8b50 | 7848 c1e2 | 0348 83fa | 000f 844c | f1ff ff48 

  0x0000022d5113f5c0: ;   {runtime_call g1_pre_barrier_slow}
  0x0000022d5113f5c0: 8914 24e8 | 989b 1007 | e93e f1ff | ff48 83f8 | 000f 8459 | f1ff ff4c 

  0x0000022d5113f5d8: ;   {runtime_call g1_post_barrier_slow}
  0x0000022d5113f5d8: 8904 24e8 | 009f 1007 | e94b f1ff 

  0x0000022d5113f5e4: ;   {runtime_call throw_null_pointer_exception Runtime1 stub}
  0x0000022d5113f5e4: ffe8 f608 

  0x0000022d5113f5e8: ; ImmutableOopMap {r8=Oop [168]=Oop }
                      ;*invokevirtual isLoggable {reexecute=0 rethrow=0 return_oop=0}
                      ; - java.awt.EventQueue::dispatchEventImpl@117 (line 786)
                      ;   {metadata({method} {0x0000022d410a6868} 'isLoggable' '(Lsun/util/logging/PlatformLogger$Level;)Z' in 'sun/util/logging/PlatformLogger')}
  0x0000022d5113f5e8: 1007 49ba | 6068 0a41 | 2d02 0000 | 4c89 5424 | 0848 c704 | 24ff ffff 

  0x0000022d5113f600: ;   {runtime_call counter_overflow Runtime1 stub}
  0x0000022d5113f600: ffe8 5a8e 

  0x0000022d5113f604: ; ImmutableOopMap {r8=Oop [168]=Oop }
                      ;*synchronization entry
                      ; - sun.util.logging.PlatformLogger::isLoggable@-1 (line 336)
                      ; - java.awt.EventQueue::dispatchEventImpl@117 (line 786)
  0x0000022d5113f604: 1007 e987 

  0x0000022d5113f608: ;   {runtime_call throw_null_pointer_exception Runtime1 stub}
  0x0000022d5113f608: f1ff ffe8 

  0x0000022d5113f60c: ; ImmutableOopMap {rdx=Oop [168]=Oop }
                      ;*invokeinterface isLoggable {reexecute=0 rethrow=0 return_oop=0}
                      ; - sun.util.logging.PlatformLogger::isLoggable@17 (line 340)
                      ; - java.awt.EventQueue::dispatchEventImpl@117 (line 786)
  0x0000022d5113f60c: d008 1007 

  0x0000022d5113f610: ;   {metadata({method} {0x0000022d41039848} 'getEventLog' '()Lsun/util/logging/PlatformLogger;' in 'java/awt/EventQueue')}
  0x0000022d5113f610: 49ba 4098 | 0341 2d02 | 0000 4c89 | 5424 0848 | c704 24ff 

  0x0000022d5113f624: ;   {runtime_call counter_overflow Runtime1 stub}
  0x0000022d5113f624: ffff ffe8 

  0x0000022d5113f628: ; ImmutableOopMap {[168]=Oop }
                      ;*synchronization entry
                      ; - java.awt.EventQueue::getEventLog@-1 (line 188)
                      ; - java.awt.EventQueue::dispatchEventImpl@123 (line 787)
  0x0000022d5113f628: 348e 1007 | e999 f2ff | ff8b 7278 | 48c1 e603 | 4883 fe00 | 0f84 09f3 | ffff 4889 

  0x0000022d5113f644: ;   {runtime_call g1_pre_barrier_slow}
  0x0000022d5113f644: 3424 e815 | 9b10 07e9 | fbf2 ffff | 4883 f800 | 0f84 16f3 | ffff 4889 

  0x0000022d5113f65c: ;   {runtime_call g1_post_barrier_slow}
  0x0000022d5113f65c: 1424 e87d | 9e10 07e9 | 08f3 ffff 

  0x0000022d5113f668: ;   {metadata({method} {0x0000022d0048d428} 'valueOf' '(Ljava/lang/Object;)Ljava/lang/String;' in 'java/lang/String')}
  0x0000022d5113f668: 49ba 20d4 | 4800 2d02 | 0000 4c89 | 5424 0848 | c704 24ff 

  0x0000022d5113f67c: ;   {runtime_call counter_overflow Runtime1 stub}
  0x0000022d5113f67c: ffff ffe8 

  0x0000022d5113f680: ; ImmutableOopMap {rsi=Oop r8=Oop [168]=Oop [184]=Oop }
                      ;*synchronization entry
                      ; - java.lang.String::valueOf@-1 (line 4556)
                      ; - java.awt.EventQueue::dispatchEventImpl@127 (line 787)
  0x0000022d5113f680: dc8d 1007 | e941 f3ff | ff49 b800 | 0000 0000 | 0000 00b8 | 000f 050a 

  0x0000022d5113f698: ;   {runtime_call load_appendix_patching Runtime1 stub}
  0x0000022d5113f698: e843 8410 

  0x0000022d5113f69c: ; ImmutableOopMap {rdi=Oop [184]=Oop }
                      ;*invokedynamic {reexecute=1 rethrow=0 return_oop=0}
                      ; - (reexecute) java.awt.EventQueue::dispatchEventImpl@130 (line 787)
  0x0000022d5113f69c: 07e9 1ef4 

  0x0000022d5113f6a0: ;   {runtime_call throw_null_pointer_exception Runtime1 stub}
  0x0000022d5113f6a0: ffff e839 

  0x0000022d5113f6a4: ; ImmutableOopMap {rax=Oop rsi=Oop [184]=Oop }
                      ;*invokevirtual fine {reexecute=0 rethrow=0 return_oop=0}
                      ; - java.awt.EventQueue::dispatchEventImpl@135 (line 787)
                      ;   {metadata({method} {0x0000022d410a74c0} 'fine' '(Ljava/lang/String;)V' in 'sun/util/logging/PlatformLogger')}
  0x0000022d5113f6a4: 0810 0749 | bab8 740a | 412d 0200 | 004c 8954 | 2408 48c7 | 0424 ffff 

  0x0000022d5113f6bc: ;   {runtime_call counter_overflow Runtime1 stub}
  0x0000022d5113f6bc: ffff e89d 

  0x0000022d5113f6c0: ; ImmutableOopMap {rax=Oop rsi=Oop [184]=Oop }
                      ;*synchronization entry
                      ; - sun.util.logging.PlatformLogger::fine@-1 (line 449)
                      ; - java.awt.EventQueue::dispatchEventImpl@135 (line 787)
  0x0000022d5113f6c0: 8d10 07e9 | 92f4 ffff 

  0x0000022d5113f6c8: ;   {runtime_call throw_null_pointer_exception Runtime1 stub}
  0x0000022d5113f6c8: e813 0810 

  0x0000022d5113f6cc: ; ImmutableOopMap {rax=Oop rdx=Oop }
                      ;*invokeinterface log {reexecute=0 rethrow=0 return_oop=0}
                      ; - sun.util.logging.PlatformLogger::fine@12 (line 449)
                      ; - java.awt.EventQueue::dispatchEventImpl@135 (line 787)
                      ;   {internal_word}
  0x0000022d5113f6cc: 0749 ba34 | ec13 512d | 0200 004d | 8997 6004 

  0x0000022d5113f6dc: ;   {runtime_call SafepointBlob}
  0x0000022d5113f6dc: 0000 e9fd 

  0x0000022d5113f6e0: ;   {runtime_call throw_null_pointer_exception Runtime1 stub}
  0x0000022d5113f6e0: 7003 07e8 

  0x0000022d5113f6e4: ; ImmutableOopMap {r8=Oop }
                      ;*invokevirtual stopDispatching {reexecute=0 rethrow=0 return_oop=0}
                      ; - java.awt.EventQueue::dispatchEventImpl@105 (line 783)
  0x0000022d5113f6e4: f807 1007 

  0x0000022d5113f6e8: ;   {metadata({method} {0x0000022d411e12c0} 'stopDispatching' '()V' in 'java/awt/EventDispatchThread')}
  0x0000022d5113f6e8: 49ba b812 | 1e41 2d02 | 0000 4c89 | 5424 0848 | c704 24ff 

  0x0000022d5113f6fc: ;   {runtime_call counter_overflow Runtime1 stub}
  0x0000022d5113f6fc: ffff ffe8 

  0x0000022d5113f700: ; ImmutableOopMap {r8=Oop }
                      ;*synchronization entry
                      ; - java.awt.EventDispatchThread::stopDispatching@-1 (line 85)
                      ; - java.awt.EventQueue::dispatchEventImpl@105 (line 783)
  0x0000022d5113f700: 5c8d 1007 | e991 f5ff 

  0x0000022d5113f708: ;   {internal_word}
  0x0000022d5113f708: ff49 bac2 | ec13 512d | 0200 004d | 8997 6004 

  0x0000022d5113f718: ;   {runtime_call SafepointBlob}
  0x0000022d5113f718: 0000 e9c1 | 7003 074c 

  0x0000022d5113f720: ;   {runtime_call throw_class_cast_exception Runtime1 stub}
  0x0000022d5113f720: 890c 24e8 

  0x0000022d5113f724: ; ImmutableOopMap {r8=Oop [168]=Oop }
                      ;*checkcast {reexecute=0 rethrow=0 return_oop=0}
                      ; - java.awt.EventQueue::dispatchEventImpl@77 (line 780)
  0x0000022d5113f724: 384b 1007 

  0x0000022d5113f728: ;   {runtime_call throw_null_pointer_exception Runtime1 stub}
  0x0000022d5113f728: e8b3 0710 

  0x0000022d5113f72c: ; ImmutableOopMap {r8=Oop rdx=Oop [168]=Oop }
                      ;*invokevirtual dispatchEvent {reexecute=0 rethrow=0 return_oop=0}
                      ; - java.awt.EventQueue::dispatchEventImpl@81 (line 780)
                      ;   {internal_word}
  0x0000022d5113f72c: 0749 ba6d | ee13 512d | 0200 004d | 8997 6004 

  0x0000022d5113f73c: ;   {runtime_call SafepointBlob}
  0x0000022d5113f73c: 0000 e99d | 7003 074c 

  0x0000022d5113f744: ;   {runtime_call throw_class_cast_exception Runtime1 stub}
  0x0000022d5113f744: 890c 24e8 

  0x0000022d5113f748: ; ImmutableOopMap {r8=Oop [168]=Oop }
                      ;*checkcast {reexecute=0 rethrow=0 return_oop=0}
                      ; - java.awt.EventQueue::dispatchEventImpl@59 (line 778)
  0x0000022d5113f748: 144b 1007 

  0x0000022d5113f74c: ;   {runtime_call throw_null_pointer_exception Runtime1 stub}
  0x0000022d5113f74c: e88f 0710 

  0x0000022d5113f750: ; ImmutableOopMap {r8=Oop rdx=Oop [168]=Oop }
                      ;*invokevirtual dispatchEvent {reexecute=0 rethrow=0 return_oop=0}
                      ; - java.awt.EventQueue::dispatchEventImpl@63 (line 778)
                      ;   {internal_word}
  0x0000022d5113f750: 0749 ba0d | f013 512d | 0200 004d | 8997 6004 

  0x0000022d5113f760: ;   {runtime_call SafepointBlob}
  0x0000022d5113f760: 0000 e979 | 7003 074c 

  0x0000022d5113f768: ;   {runtime_call throw_class_cast_exception Runtime1 stub}
  0x0000022d5113f768: 8904 24e8 

  0x0000022d5113f76c: ; ImmutableOopMap {}
                      ;*checkcast {reexecute=0 rethrow=0 return_oop=0}
                      ; - java.awt.EventQueue::dispatchEventImpl@18 (line 773)
  0x0000022d5113f76c: f04a 1007 

  0x0000022d5113f770: ;   {runtime_call throw_null_pointer_exception Runtime1 stub}
  0x0000022d5113f770: e86b 0710 

  0x0000022d5113f774: ; ImmutableOopMap {rdx=Oop }
                      ;*invokeinterface dispatch {reexecute=0 rethrow=0 return_oop=0}
                      ; - java.awt.EventQueue::dispatchEventImpl@21 (line 773)
                      ;   {internal_word}
  0x0000022d5113f774: 0749 bafc | f113 512d | 0200 004d | 8997 6004 

  0x0000022d5113f784: ;   {runtime_call SafepointBlob}
  0x0000022d5113f784: 0000 e955 

  0x0000022d5113f788: ;   {metadata(nullptr)}
  0x0000022d5113f788: 7003 0748 | ba00 0000 | 0000 0000 | 00b8 000f 

  0x0000022d5113f798: ;   {runtime_call load_klass_patching Runtime1 stub}
  0x0000022d5113f798: 050a e841 

  0x0000022d5113f79c: ; ImmutableOopMap {[168]=Oop }
                      ;*new {reexecute=1 rethrow=0 return_oop=0}
                      ; - (reexecute) java.lang.invoke.MethodHandles::lookup@8 (line 129)
                      ; - sun.awt.AWTAccessor::ensureClassInitialized@0 (line 1489)
                      ; - sun.awt.AWTAccessor::getInputEventAccessor@10 (line 988)
                      ; - java.awt.AWTEvent::dispatched@7 (line 596)
                      ; - java.awt.EventQueue::dispatchEventImpl@45 (line 776)
  0x0000022d5113f79c: 7010 07e9 | 6cfa ffff 

  0x0000022d5113f7a4: ;   {runtime_call new_instance Runtime1 stub}
  0x0000022d5113f7a4: 488b d2e8 

  0x0000022d5113f7a8: ; ImmutableOopMap {[168]=Oop }
                      ;*new {reexecute=0 rethrow=0 return_oop=0}
                      ; - java.lang.invoke.MethodHandles::lookup@8 (line 129)
                      ; - sun.awt.AWTAccessor::ensureClassInitialized@0 (line 1489)
                      ; - sun.awt.AWTAccessor::getInputEventAccessor@10 (line 988)
                      ; - java.awt.AWTEvent::dispatched@7 (line 596)
                      ; - java.awt.EventQueue::dispatchEventImpl@45 (line 776)
  0x0000022d5113f7a8: b418 1007 | e96e faff | ff4c 8904 

  0x0000022d5113f7b4: ;   {runtime_call throw_class_cast_exception Runtime1 stub}
  0x0000022d5113f7b4: 24e8 a64a 

  0x0000022d5113f7b8: ; ImmutableOopMap {rsi=Oop }
                      ;*checkcast {reexecute=0 rethrow=0 return_oop=0}
                      ; - java.awt.AWTEvent::dispatched@11 (line 596)
                      ; - java.awt.EventQueue::dispatchEventImpl@45 (line 776)
                      ;   {runtime_call throw_incompatible_class_change_error Runtime1 stub}
  0x0000022d5113f7b8: 1007 e8a1 

  0x0000022d5113f7bc: ; ImmutableOopMap {rsi=Oop rdi=Oop }
                      ;*invokeinterface setCanAccessSystemClipboard {reexecute=0 rethrow=0 return_oop=0}
                      ; - java.awt.AWTEvent::dispatched@15 (line 597)
                      ; - java.awt.EventQueue::dispatchEventImpl@45 (line 776)
                      ;   {runtime_call throw_null_pointer_exception Runtime1 stub}
  0x0000022d5113f7bc: 4d10 07e8 

  0x0000022d5113f7c0: ; ImmutableOopMap {rsi=Oop rdi=Oop }
                      ;*invokeinterface setCanAccessSystemClipboard {reexecute=0 rethrow=0 return_oop=0}
                      ; - java.awt.AWTEvent::dispatched@15 (line 597)
                      ; - java.awt.EventQueue::dispatchEventImpl@45 (line 776)
  0x0000022d5113f7c0: 1c07 1007 

  0x0000022d5113f7c4: ;   {metadata({method} {0x0000022d41173980} 'setCanAccessSystemClipboard' '(Ljava/awt/event/InputEvent;Z)V' in 'java/awt/event/InputEvent$1')}
  0x0000022d5113f7c4: 49ba 7839 | 1741 2d02 | 0000 4c89 | 5424 0848 | c704 24ff 

  0x0000022d5113f7d8: ;   {runtime_call counter_overflow Runtime1 stub}
  0x0000022d5113f7d8: ffff ffe8 

  0x0000022d5113f7dc: ; ImmutableOopMap {rdi=Oop }
                      ;*synchronization entry
                      ; - java.awt.event.InputEvent$1::setCanAccessSystemClipboard@-1 (line 338)
                      ; - java.awt.AWTEvent::dispatched@15 (line 597)
                      ; - java.awt.EventQueue::dispatchEventImpl@45 (line 776)
  0x0000022d5113f7dc: 808c 1007 | e917 fcff 

  0x0000022d5113f7e4: ;   {runtime_call throw_null_pointer_exception Runtime1 stub}
  0x0000022d5113f7e4: ffe8 f606 

  0x0000022d5113f7e8: ; ImmutableOopMap {}
                      ;*putfield canAccessSystemClipboard {reexecute=1 rethrow=0 return_oop=0}
                      ; - (reexecute) java.awt.event.InputEvent$1::setCanAccessSystemClipboard@2 (line 338)
                      ; - java.awt.AWTEvent::dispatched@15 (line 597)
                      ; - java.awt.EventQueue::dispatchEventImpl@45 (line 776)
                      ;   {internal_word}
  0x0000022d5113f7e8: 1007 49ba | 18f4 1351 | 2d02 0000 | 4d89 9760 

  0x0000022d5113f7f8: ;   {runtime_call SafepointBlob}
  0x0000022d5113f7f8: 0400 00e9 | e06f 0307 | 498b 8700 | 0500 0049 | c787 0005 | 0000 0000 | 0000 49c7 | 8708 0500 
  0x0000022d5113f818: 0000 0000 | 0048 81c4 | d000 0000 

  0x0000022d5113f824: ;   {runtime_call unwind_exception Runtime1 stub}
  0x0000022d5113f824: 5de9 36f2 | 0f07 f4f4 | f4f4 f4f4 
[Stub Code]
  0x0000022d5113f830: ;   {no_reloc}
  0x0000022d5113f830: 0f1f 4400 

  0x0000022d5113f834: ;   {static_stub}
  0x0000022d5113f834: 0048 bb00 | 0000 0000 

  0x0000022d5113f83c: ;   {runtime_call nmethod}
  0x0000022d5113f83c: 0000 00e9 | fbff ffff 

  0x0000022d5113f844: ;   {static_stub}
  0x0000022d5113f844: 9048 bb00 | 0000 0000 

  0x0000022d5113f84c: ;   {runtime_call nmethod}
  0x0000022d5113f84c: 0000 00e9 | fbff ffff 

  0x0000022d5113f854: ;   {static_stub}
  0x0000022d5113f854: 9048 bb00 | 0000 0000 

  0x0000022d5113f85c: ;   {runtime_call nmethod}
  0x0000022d5113f85c: 0000 00e9 | fbff ffff 

  0x0000022d5113f864: ;   {static_stub}
  0x0000022d5113f864: 9048 bb00 | 0000 0000 

  0x0000022d5113f86c: ;   {runtime_call nmethod}
  0x0000022d5113f86c: 0000 00e9 | fbff ffff 

  0x0000022d5113f874: ;   {static_stub}
  0x0000022d5113f874: 9048 bb00 | 0000 0000 

  0x0000022d5113f87c: ;   {runtime_call nmethod}
  0x0000022d5113f87c: 0000 00e9 | fbff ffff 

  0x0000022d5113f884: ;   {static_stub}
  0x0000022d5113f884: 9048 bb00 | 0000 0000 

  0x0000022d5113f88c: ;   {runtime_call nmethod}
  0x0000022d5113f88c: 0000 00e9 | fbff ffff 

  0x0000022d5113f894: ;   {static_stub}
  0x0000022d5113f894: 9048 bb00 | 0000 0000 

  0x0000022d5113f89c: ;   {runtime_call nmethod}
  0x0000022d5113f89c: 0000 00e9 | fbff ffff 

  0x0000022d5113f8a4: ;   {static_stub}
  0x0000022d5113f8a4: 9048 bb00 | 0000 0000 

  0x0000022d5113f8ac: ;   {runtime_call nmethod}
  0x0000022d5113f8ac: 0000 00e9 | fbff ffff 

  0x0000022d5113f8b4: ;   {static_stub}
  0x0000022d5113f8b4: 9048 bb00 | 0000 0000 

  0x0000022d5113f8bc: ;   {runtime_call nmethod}
  0x0000022d5113f8bc: 0000 00e9 | fbff ffff 

  0x0000022d5113f8c4: ;   {static_stub}
  0x0000022d5113f8c4: 48bb 0000 | 0000 0000 

  0x0000022d5113f8cc: ;   {runtime_call nmethod}
  0x0000022d5113f8cc: 0000 e9fb 

  0x0000022d5113f8d0: ;   {static_stub}
  0x0000022d5113f8d0: ffff ff48 | bb00 0000 | 0000 0000 

  0x0000022d5113f8dc: ;   {runtime_call nmethod}
  0x0000022d5113f8dc: 00e9 fbff 

  0x0000022d5113f8e0: ;   {static_stub}
  0x0000022d5113f8e0: ffff 48bb | 0000 0000 | 0000 0000 

  0x0000022d5113f8ec: ;   {runtime_call nmethod}
  0x0000022d5113f8ec: e9fb ffff 

  0x0000022d5113f8f0: ;   {static_stub}
  0x0000022d5113f8f0: ff48 bb00 | 0000 0000 

  0x0000022d5113f8f8: ;   {runtime_call nmethod}
  0x0000022d5113f8f8: 0000 00e9 | fbff ffff 

  0x0000022d5113f900: ;   {static_stub}
  0x0000022d5113f900: 48bb 0000 | 0000 0000 

  0x0000022d5113f908: ;   {runtime_call nmethod}
  0x0000022d5113f908: 0000 e9fb 

  0x0000022d5113f90c: ;   {runtime_call handle_exception_from_callee Runtime1 stub}
  0x0000022d5113f90c: ffff ffe8 | 4c43 1007 

  0x0000022d5113f914: ;   {external_word}
  0x0000022d5113f914: 48b9 40d5 | a93b fa7f | 0000 4883 

  0x0000022d5113f920: ;   {runtime_call}
  0x0000022d5113f920: e4f0 48b8 | 704a 703b | fa7f 0000 

  0x0000022d5113f92c: ;   {section_word}
  0x0000022d5113f92c: ffd0 f449 | ba2f f913 | 512d 0200 

  0x0000022d5113f938: ;   {runtime_call DeoptimizationBlob}
  0x0000022d5113f938: 0041 52e9 | c082 0307 
[/MachCode]


---------------  P R O C E S S  ---------------

Threads class SMR info:
_java_thread_list=0x0000022d694ffee0, length=17, elements={
0x0000022d683abaf0, 0x0000022d683af760, 0x0000022d683b2920, 0x0000022d683b37b0,
0x0000022d683b4490, 0x0000022d683b4fe0, 0x0000022d683bab20, 0x0000022d683c56e0,
0x0000022d4521e6e0, 0x0000022d45239da0, 0x0000022d45645b10, 0x0000022d45654290,
0x0000022d45654b10, 0x0000022d4566d660, 0x0000022d4859f8b0, 0x0000022d692c2320,
0x0000022d69445cc0
}

Java Threads: ( => current thread )
  0x0000022d683abaf0 JavaThread "Reference Handler"          daemon [_thread_blocked, id=12312, stack(0x000000b320100000,0x000000b320200000) (1024K)]
  0x0000022d683af760 JavaThread "Finalizer"                  daemon [_thread_blocked, id=16600, stack(0x000000b320200000,0x000000b320300000) (1024K)]
  0x0000022d683b2920 JavaThread "Signal Dispatcher"          daemon [_thread_blocked, id=19304, stack(0x000000b320300000,0x000000b320400000) (1024K)]
  0x0000022d683b37b0 JavaThread "Attach Listener"            daemon [_thread_blocked, id=5932, stack(0x000000b320400000,0x000000b320500000) (1024K)]
  0x0000022d683b4490 JavaThread "Service Thread"             daemon [_thread_blocked, id=24476, stack(0x000000b320500000,0x000000b320600000) (1024K)]
  0x0000022d683b4fe0 JavaThread "Monitor Deflation Thread"   daemon [_thread_blocked, id=19704, stack(0x000000b320600000,0x000000b320700000) (1024K)]
  0x0000022d683bab20 JavaThread "C2 CompilerThread0"         daemon [_thread_blocked, id=24340, stack(0x000000b320700000,0x000000b320800000) (1024K)]
  0x0000022d683c56e0 JavaThread "C1 CompilerThread0"         daemon [_thread_blocked, id=6804, stack(0x000000b320800000,0x000000b320900000) (1024K)]
  0x0000022d4521e6e0 JavaThread "Notification Thread"        daemon [_thread_blocked, id=21948, stack(0x000000b320b00000,0x000000b320c00000) (1024K)]
  0x0000022d45239da0 JavaThread "Common-Cleaner"             daemon [_thread_blocked, id=19016, stack(0x000000b320c00000,0x000000b320d00000) (1024K)]
  0x0000022d45645b10 JavaThread "Java2D Disposer"            daemon [_thread_blocked, id=13432, stack(0x000000b320f00000,0x000000b321000000) (1024K)]
  0x0000022d45654290 JavaThread "AWT-Shutdown"                      [_thread_blocked, id=18148, stack(0x000000b321000000,0x000000b321100000) (1024K)]
  0x0000022d45654b10 JavaThread "AWT-Windows"                daemon [_thread_in_native, id=5396, stack(0x000000b321100000,0x000000b321200000) (1024K)]
=>0x0000022d4566d660 JavaThread "AWT-EventQueue-0"                  [_thread_in_native, id=23272, stack(0x000000b321200000,0x000000b321300000) (1024K)]
  0x0000022d4859f8b0 JavaThread "DestroyJavaVM"                     [_thread_blocked, id=24964, stack(0x000000b31f900000,0x000000b31fa00000) (1024K)]
  0x0000022d692c2320 JavaThread "TimerQueue"                 daemon [_thread_blocked, id=25980, stack(0x000000b321400000,0x000000b321500000) (1024K)]
  0x0000022d69445cc0 JavaThread "mysql-cj-abandoned-connection-cleanup" daemon [_thread_blocked, id=10032, stack(0x000000b321600000,0x000000b321700000) (1024K)]
Total: 17

Other Threads:
  0x0000022d68388510 VMThread "VM Thread"                           [id=8908, stack(0x000000b320000000,0x000000b320100000) (1024K)]
  0x0000022d683759e0 WatcherThread "VM Periodic Task Thread"        [id=19248, stack(0x000000b31ff00000,0x000000b320000000) (1024K)]
  0x0000022d48604700 WorkerThread "GC Thread#0"                     [id=26048, stack(0x000000b31fa00000,0x000000b31fb00000) (1024K)]
  0x0000022d683888c0 WorkerThread "GC Thread#1"                     [id=24740, stack(0x000000b321700000,0x000000b321800000) (1024K)]
  0x0000022d68388160 WorkerThread "GC Thread#2"                     [id=516, stack(0x000000b321800000,0x000000b321900000) (1024K)]
  0x0000022d683893d0 WorkerThread "GC Thread#3"                     [id=7904, stack(0x000000b321900000,0x000000b321a00000) (1024K)]
  0x0000022d69792500 WorkerThread "GC Thread#4"                     [id=6588, stack(0x000000b321a00000,0x000000b321b00000) (1024K)]
  0x0000022d69791290 WorkerThread "GC Thread#5"                     [id=10976, stack(0x000000b321b00000,0x000000b321c00000) (1024K)]
  0x0000022d69790020 WorkerThread "GC Thread#6"                     [id=11352, stack(0x000000b321c00000,0x000000b321d00000) (1024K)]
  0x0000022d69790780 WorkerThread "GC Thread#7"                     [id=25624, stack(0x000000b321d00000,0x000000b321e00000) (1024K)]
  0x0000022d69792150 WorkerThread "GC Thread#8"                     [id=15348, stack(0x000000b321e00000,0x000000b321f00000) (1024K)]
  0x0000022d697903d0 WorkerThread "GC Thread#9"                     [id=2632, stack(0x000000b321f00000,0x000000b322000000) (1024K)]
  0x0000022d69790b30 WorkerThread "GC Thread#10"                    [id=19388, stack(0x000000b322000000,0x000000b322100000) (1024K)]
  0x0000022d69790ee0 WorkerThread "GC Thread#11"                    [id=11720, stack(0x000000b322100000,0x000000b322200000) (1024K)]
  0x0000022d6978f8c0 WorkerThread "GC Thread#12"                    [id=19796, stack(0x000000b320a00000,0x000000b320b00000) (1024K)]
  0x0000022d48619170 ConcurrentGCThread "G1 Main Marker"            [id=26180, stack(0x000000b31fb00000,0x000000b31fc00000) (1024K)]
  0x0000022d4861b340 WorkerThread "G1 Conc#0"                       [id=20968, stack(0x000000b31fc00000,0x000000b31fd00000) (1024K)]
  0x0000022d6823dcd0 ConcurrentGCThread "G1 Refine#0"               [id=25404, stack(0x000000b31fd00000,0x000000b31fe00000) (1024K)]
  0x0000022d6823e850 ConcurrentGCThread "G1 Service"                [id=21084, stack(0x000000b31fe00000,0x000000b31ff00000) (1024K)]
Total: 19

Threads with active compile tasks:
Total: 0

VM state: not at safepoint (normal execution)

VM Mutex/Monitor currently owned by a thread: None

Heap address: 0x0000000704a00000, size: 4022 MB, Compressed Oops mode: Zero based, Oop shift amount: 3

CDS archive(s) mapped at: [0x0000022d00000000-0x0000022d00d70000-0x0000022d00d70000), size 14090240, SharedBaseAddress: 0x0000022d00000000, ArchiveRelocationMode: 1.
Compressed class space mapped at: 0x0000022d01000000-0x0000022d41000000, reserved size: 1073741824
Narrow klass base: 0x0000022d00000000, Narrow klass shift: 0, Narrow klass range: 0x41000000

GC Precious Log:
 CardTable entry size: 512
 Card Set container configuration: InlinePtr #cards 4 size 8 Array Of Cards #cards 16 size 48 Howl #buckets 8 coarsen threshold 3686 Howl Bitmap #cards 512 size 80 coarsen threshold 460 Card regions per heap region 1 cards per card region 4096
 CPUs: 16 total, 16 available
 Memory: 16085M
 Large Page Support: Disabled
 NUMA Support: Disabled
 Compressed Oops: Enabled (Zero based)
 Heap Region Size: 2M
 Heap Min Capacity: 8M
 Heap Initial Capacity: 252M
 Heap Max Capacity: 4022M
 Pre-touch: Disabled
 Parallel Workers: 13
 Concurrent Workers: 3
 Concurrent Refinement Workers: 13
 Periodic GC: Disabled

Heap:
 garbage-first heap   total reserved 4118528K, committed 258048K, used 16189K [0x0000000704a00000, 0x0000000800000000)
  region size 2048K, 3 young (6144K), 2 survivors (4096K)
 Metaspace       used 18764K, committed 19008K, reserved 1114112K
  class space    used 2092K, committed 2240K, reserved 1048576K

Heap Regions: E=young(eden), S=young(survivor), O=old, HS=humongous(starts), HC=humongous(continues), CS=collection set, F=free, TAMS=top-at-mark-start, PB=parsable bottom
|   0|0x0000000704a00000, 0x0000000704c00000, 0x0000000704c00000|100%| O|  |TAMS 0x0000000704a00000| PB 0x0000000704a00000| Untracked |  0
|   1|0x0000000704c00000, 0x0000000704e00000, 0x0000000704e00000|100%|HS|  |TAMS 0x0000000704c00000| PB 0x0000000704c00000| Complete |  0
|   2|0x0000000704e00000, 0x0000000705000000, 0x0000000705000000|100%|HC|  |TAMS 0x0000000704e00000| PB 0x0000000704e00000| Complete |  0
|   3|0x0000000705000000, 0x0000000705200000, 0x0000000705200000|100%|HS|  |TAMS 0x0000000705000000| PB 0x0000000705000000| Complete |  0
|   4|0x0000000705200000, 0x0000000705400000, 0x0000000705400000|100%| O|  |TAMS 0x0000000705200000| PB 0x0000000705200000| Untracked |  0
|   5|0x0000000705400000, 0x00000007055ed130, 0x0000000705600000| 96%| O|  |TAMS 0x0000000705400000| PB 0x0000000705400000| Untracked |  0
|   6|0x0000000705600000, 0x0000000705600000, 0x0000000705800000|  0%| F|  |TAMS 0x0000000705600000| PB 0x0000000705600000| Untracked |  0
|   7|0x0000000705800000, 0x0000000705800000, 0x0000000705a00000|  0%| F|  |TAMS 0x0000000705800000| PB 0x0000000705800000| Untracked |  0
|   8|0x0000000705a00000, 0x0000000705a00000, 0x0000000705c00000|  0%| F|  |TAMS 0x0000000705a00000| PB 0x0000000705a00000| Untracked |  0
|   9|0x0000000705c00000, 0x0000000705c00000, 0x0000000705e00000|  0%| F|  |TAMS 0x0000000705c00000| PB 0x0000000705c00000| Untracked |  0
|  10|0x0000000705e00000, 0x0000000705e00000, 0x0000000706000000|  0%| F|  |TAMS 0x0000000705e00000| PB 0x0000000705e00000| Untracked |  0
|  11|0x0000000706000000, 0x0000000706000000, 0x0000000706200000|  0%| F|  |TAMS 0x0000000706000000| PB 0x0000000706000000| Untracked |  0
|  12|0x0000000706200000, 0x0000000706200000, 0x0000000706400000|  0%| F|  |TAMS 0x0000000706200000| PB 0x0000000706200000| Untracked |  0
|  13|0x0000000706400000, 0x0000000706400000, 0x0000000706600000|  0%| F|  |TAMS 0x0000000706400000| PB 0x0000000706400000| Untracked |  0
|  14|0x0000000706600000, 0x0000000706600000, 0x0000000706800000|  0%| F|  |TAMS 0x0000000706600000| PB 0x0000000706600000| Untracked |  0
|  15|0x0000000706800000, 0x0000000706800000, 0x0000000706a00000|  0%| F|  |TAMS 0x0000000706800000| PB 0x0000000706800000| Untracked |  0
|  16|0x0000000706a00000, 0x0000000706a00000, 0x0000000706c00000|  0%| F|  |TAMS 0x0000000706a00000| PB 0x0000000706a00000| Untracked |  0
|  17|0x0000000706c00000, 0x0000000706c00000, 0x0000000706e00000|  0%| F|  |TAMS 0x0000000706c00000| PB 0x0000000706c00000| Untracked |  0
|  18|0x0000000706e00000, 0x0000000706e00000, 0x0000000707000000|  0%| F|  |TAMS 0x0000000706e00000| PB 0x0000000706e00000| Untracked |  0
|  19|0x0000000707000000, 0x0000000707000000, 0x0000000707200000|  0%| F|  |TAMS 0x0000000707000000| PB 0x0000000707000000| Untracked |  0
|  20|0x0000000707200000, 0x0000000707200000, 0x0000000707400000|  0%| F|  |TAMS 0x0000000707200000| PB 0x0000000707200000| Untracked |  0
|  21|0x0000000707400000, 0x0000000707400000, 0x0000000707600000|  0%| F|  |TAMS 0x0000000707400000| PB 0x0000000707400000| Untracked |  0
|  22|0x0000000707600000, 0x0000000707600000, 0x0000000707800000|  0%| F|  |TAMS 0x0000000707600000| PB 0x0000000707600000| Untracked |  0
|  23|0x0000000707800000, 0x0000000707800000, 0x0000000707a00000|  0%| F|  |TAMS 0x0000000707800000| PB 0x0000000707800000| Untracked |  0
|  24|0x0000000707a00000, 0x0000000707a00000, 0x0000000707c00000|  0%| F|  |TAMS 0x0000000707a00000| PB 0x0000000707a00000| Untracked |  0
|  25|0x0000000707c00000, 0x0000000707c00000, 0x0000000707e00000|  0%| F|  |TAMS 0x0000000707c00000| PB 0x0000000707c00000| Untracked |  0
|  26|0x0000000707e00000, 0x0000000707e00000, 0x0000000708000000|  0%| F|  |TAMS 0x0000000707e00000| PB 0x0000000707e00000| Untracked |  0
|  27|0x0000000708000000, 0x0000000708000000, 0x0000000708200000|  0%| F|  |TAMS 0x0000000708000000| PB 0x0000000708000000| Untracked |  0
|  28|0x0000000708200000, 0x0000000708200000, 0x0000000708400000|  0%| F|  |TAMS 0x0000000708200000| PB 0x0000000708200000| Untracked |  0
|  29|0x0000000708400000, 0x0000000708400000, 0x0000000708600000|  0%| F|  |TAMS 0x0000000708400000| PB 0x0000000708400000| Untracked |  0
|  30|0x0000000708600000, 0x0000000708600000, 0x0000000708800000|  0%| F|  |TAMS 0x0000000708600000| PB 0x0000000708600000| Untracked |  0
|  31|0x0000000708800000, 0x0000000708800000, 0x0000000708a00000|  0%| F|  |TAMS 0x0000000708800000| PB 0x0000000708800000| Untracked |  0
|  32|0x0000000708a00000, 0x0000000708a00000, 0x0000000708c00000|  0%| F|  |TAMS 0x0000000708a00000| PB 0x0000000708a00000| Untracked |  0
|  33|0x0000000708c00000, 0x0000000708c00000, 0x0000000708e00000|  0%| F|  |TAMS 0x0000000708c00000| PB 0x0000000708c00000| Untracked |  0
|  34|0x0000000708e00000, 0x0000000708e00000, 0x0000000709000000|  0%| F|  |TAMS 0x0000000708e00000| PB 0x0000000708e00000| Untracked |  0
|  35|0x0000000709000000, 0x0000000709000000, 0x0000000709200000|  0%| F|  |TAMS 0x0000000709000000| PB 0x0000000709000000| Untracked |  0
|  36|0x0000000709200000, 0x0000000709200000, 0x0000000709400000|  0%| F|  |TAMS 0x0000000709200000| PB 0x0000000709200000| Untracked |  0
|  37|0x0000000709400000, 0x0000000709400000, 0x0000000709600000|  0%| F|  |TAMS 0x0000000709400000| PB 0x0000000709400000| Untracked |  0
|  38|0x0000000709600000, 0x0000000709600000, 0x0000000709800000|  0%| F|  |TAMS 0x0000000709600000| PB 0x0000000709600000| Untracked |  0
|  39|0x0000000709800000, 0x0000000709800000, 0x0000000709a00000|  0%| F|  |TAMS 0x0000000709800000| PB 0x0000000709800000| Untracked |  0
|  40|0x0000000709a00000, 0x0000000709a00000, 0x0000000709c00000|  0%| F|  |TAMS 0x0000000709a00000| PB 0x0000000709a00000| Untracked |  0
|  41|0x0000000709c00000, 0x0000000709c00000, 0x0000000709e00000|  0%| F|  |TAMS 0x0000000709c00000| PB 0x0000000709c00000| Untracked |  0
|  42|0x0000000709e00000, 0x0000000709e00000, 0x000000070a000000|  0%| F|  |TAMS 0x0000000709e00000| PB 0x0000000709e00000| Untracked |  0
|  43|0x000000070a000000, 0x000000070a000000, 0x000000070a200000|  0%| F|  |TAMS 0x000000070a000000| PB 0x000000070a000000| Untracked |  0
|  44|0x000000070a200000, 0x000000070a200000, 0x000000070a400000|  0%| F|  |TAMS 0x000000070a200000| PB 0x000000070a200000| Untracked |  0
|  45|0x000000070a400000, 0x000000070a400000, 0x000000070a600000|  0%| F|  |TAMS 0x000000070a400000| PB 0x000000070a400000| Untracked |  0
|  46|0x000000070a600000, 0x000000070a600000, 0x000000070a800000|  0%| F|  |TAMS 0x000000070a600000| PB 0x000000070a600000| Untracked |  0
|  47|0x000000070a800000, 0x000000070a800000, 0x000000070aa00000|  0%| F|  |TAMS 0x000000070a800000| PB 0x000000070a800000| Untracked |  0
|  48|0x000000070aa00000, 0x000000070aa00000, 0x000000070ac00000|  0%| F|  |TAMS 0x000000070aa00000| PB 0x000000070aa00000| Untracked |  0
|  49|0x000000070ac00000, 0x000000070ac00000, 0x000000070ae00000|  0%| F|  |TAMS 0x000000070ac00000| PB 0x000000070ac00000| Untracked |  0
|  50|0x000000070ae00000, 0x000000070ae00000, 0x000000070b000000|  0%| F|  |TAMS 0x000000070ae00000| PB 0x000000070ae00000| Untracked |  0
|  51|0x000000070b000000, 0x000000070b000000, 0x000000070b200000|  0%| F|  |TAMS 0x000000070b000000| PB 0x000000070b000000| Untracked |  0
|  52|0x000000070b200000, 0x000000070b200000, 0x000000070b400000|  0%| F|  |TAMS 0x000000070b200000| PB 0x000000070b200000| Untracked |  0
|  53|0x000000070b400000, 0x000000070b400000, 0x000000070b600000|  0%| F|  |TAMS 0x000000070b400000| PB 0x000000070b400000| Untracked |  0
|  54|0x000000070b600000, 0x000000070b600000, 0x000000070b800000|  0%| F|  |TAMS 0x000000070b600000| PB 0x000000070b600000| Untracked |  0
|  55|0x000000070b800000, 0x000000070b800000, 0x000000070ba00000|  0%| F|  |TAMS 0x000000070b800000| PB 0x000000070b800000| Untracked |  0
|  56|0x000000070ba00000, 0x000000070ba00000, 0x000000070bc00000|  0%| F|  |TAMS 0x000000070ba00000| PB 0x000000070ba00000| Untracked |  0
|  57|0x000000070bc00000, 0x000000070bc00000, 0x000000070be00000|  0%| F|  |TAMS 0x000000070bc00000| PB 0x000000070bc00000| Untracked |  0
|  58|0x000000070be00000, 0x000000070be00000, 0x000000070c000000|  0%| F|  |TAMS 0x000000070be00000| PB 0x000000070be00000| Untracked |  0
|  59|0x000000070c000000, 0x000000070c000000, 0x000000070c200000|  0%| F|  |TAMS 0x000000070c000000| PB 0x000000070c000000| Untracked |  0
|  60|0x000000070c200000, 0x000000070c200000, 0x000000070c400000|  0%| F|  |TAMS 0x000000070c200000| PB 0x000000070c200000| Untracked |  0
|  61|0x000000070c400000, 0x000000070c400000, 0x000000070c600000|  0%| F|  |TAMS 0x000000070c400000| PB 0x000000070c400000| Untracked |  0
|  62|0x000000070c600000, 0x000000070c600000, 0x000000070c800000|  0%| F|  |TAMS 0x000000070c600000| PB 0x000000070c600000| Untracked |  0
|  63|0x000000070c800000, 0x000000070c800000, 0x000000070ca00000|  0%| F|  |TAMS 0x000000070c800000| PB 0x000000070c800000| Untracked |  0
|  64|0x000000070ca00000, 0x000000070ca00000, 0x000000070cc00000|  0%| F|  |TAMS 0x000000070ca00000| PB 0x000000070ca00000| Untracked |  0
|  65|0x000000070cc00000, 0x000000070cc00000, 0x000000070ce00000|  0%| F|  |TAMS 0x000000070cc00000| PB 0x000000070cc00000| Untracked |  0
|  66|0x000000070ce00000, 0x000000070ce00000, 0x000000070d000000|  0%| F|  |TAMS 0x000000070ce00000| PB 0x000000070ce00000| Untracked |  0
|  67|0x000000070d000000, 0x000000070d000000, 0x000000070d200000|  0%| F|  |TAMS 0x000000070d000000| PB 0x000000070d000000| Untracked |  0
|  68|0x000000070d200000, 0x000000070d200000, 0x000000070d400000|  0%| F|  |TAMS 0x000000070d200000| PB 0x000000070d200000| Untracked |  0
|  69|0x000000070d400000, 0x000000070d400000, 0x000000070d600000|  0%| F|  |TAMS 0x000000070d400000| PB 0x000000070d400000| Untracked |  0
|  70|0x000000070d600000, 0x000000070d600000, 0x000000070d800000|  0%| F|  |TAMS 0x000000070d600000| PB 0x000000070d600000| Untracked |  0
|  71|0x000000070d800000, 0x000000070d800000, 0x000000070da00000|  0%| F|  |TAMS 0x000000070d800000| PB 0x000000070d800000| Untracked |  0
|  72|0x000000070da00000, 0x000000070da00000, 0x000000070dc00000|  0%| F|  |TAMS 0x000000070da00000| PB 0x000000070da00000| Untracked |  0
|  73|0x000000070dc00000, 0x000000070dc00000, 0x000000070de00000|  0%| F|  |TAMS 0x000000070dc00000| PB 0x000000070dc00000| Untracked |  0
|  74|0x000000070de00000, 0x000000070de00000, 0x000000070e000000|  0%| F|  |TAMS 0x000000070de00000| PB 0x000000070de00000| Untracked |  0
|  75|0x000000070e000000, 0x000000070e000000, 0x000000070e200000|  0%| F|  |TAMS 0x000000070e000000| PB 0x000000070e000000| Untracked |  0
|  76|0x000000070e200000, 0x000000070e200000, 0x000000070e400000|  0%| F|  |TAMS 0x000000070e200000| PB 0x000000070e200000| Untracked |  0
|  77|0x000000070e400000, 0x000000070e400000, 0x000000070e600000|  0%| F|  |TAMS 0x000000070e400000| PB 0x000000070e400000| Untracked |  0
|  78|0x000000070e600000, 0x000000070e600000, 0x000000070e800000|  0%| F|  |TAMS 0x000000070e600000| PB 0x000000070e600000| Untracked |  0
|  79|0x000000070e800000, 0x000000070e800000, 0x000000070ea00000|  0%| F|  |TAMS 0x000000070e800000| PB 0x000000070e800000| Untracked |  0
|  80|0x000000070ea00000, 0x000000070ea00000, 0x000000070ec00000|  0%| F|  |TAMS 0x000000070ea00000| PB 0x000000070ea00000| Untracked |  0
|  81|0x000000070ec00000, 0x000000070ec00000, 0x000000070ee00000|  0%| F|  |TAMS 0x000000070ec00000| PB 0x000000070ec00000| Untracked |  0
|  82|0x000000070ee00000, 0x000000070ee00000, 0x000000070f000000|  0%| F|  |TAMS 0x000000070ee00000| PB 0x000000070ee00000| Untracked |  0
|  83|0x000000070f000000, 0x000000070f000000, 0x000000070f200000|  0%| F|  |TAMS 0x000000070f000000| PB 0x000000070f000000| Untracked |  0
|  84|0x000000070f200000, 0x000000070f200000, 0x000000070f400000|  0%| F|  |TAMS 0x000000070f200000| PB 0x000000070f200000| Untracked |  0
|  85|0x000000070f400000, 0x000000070f400000, 0x000000070f600000|  0%| F|  |TAMS 0x000000070f400000| PB 0x000000070f400000| Untracked |  0
|  86|0x000000070f600000, 0x000000070f600000, 0x000000070f800000|  0%| F|  |TAMS 0x000000070f600000| PB 0x000000070f600000| Untracked |  0
|  87|0x000000070f800000, 0x000000070f800000, 0x000000070fa00000|  0%| F|  |TAMS 0x000000070f800000| PB 0x000000070f800000| Untracked |  0
|  88|0x000000070fa00000, 0x000000070fa00000, 0x000000070fc00000|  0%| F|  |TAMS 0x000000070fa00000| PB 0x000000070fa00000| Untracked |  0
|  89|0x000000070fc00000, 0x000000070fc00000, 0x000000070fe00000|  0%| F|  |TAMS 0x000000070fc00000| PB 0x000000070fc00000| Untracked |  0
|  90|0x000000070fe00000, 0x000000070fe00000, 0x0000000710000000|  0%| F|  |TAMS 0x000000070fe00000| PB 0x000000070fe00000| Untracked |  0
|  91|0x0000000710000000, 0x0000000710000000, 0x0000000710200000|  0%| F|  |TAMS 0x0000000710000000| PB 0x0000000710000000| Untracked |  0
|  92|0x0000000710200000, 0x0000000710200000, 0x0000000710400000|  0%| F|  |TAMS 0x0000000710200000| PB 0x0000000710200000| Untracked |  0
|  93|0x0000000710400000, 0x0000000710400000, 0x0000000710600000|  0%| F|  |TAMS 0x0000000710400000| PB 0x0000000710400000| Untracked |  0
|  94|0x0000000710600000, 0x0000000710600000, 0x0000000710800000|  0%| F|  |TAMS 0x0000000710600000| PB 0x0000000710600000| Untracked |  0
|  95|0x0000000710800000, 0x0000000710800000, 0x0000000710a00000|  0%| F|  |TAMS 0x0000000710800000| PB 0x0000000710800000| Untracked |  0
|  96|0x0000000710a00000, 0x0000000710a00000, 0x0000000710c00000|  0%| F|  |TAMS 0x0000000710a00000| PB 0x0000000710a00000| Untracked |  0
|  97|0x0000000710c00000, 0x0000000710c00000, 0x0000000710e00000|  0%| F|  |TAMS 0x0000000710c00000| PB 0x0000000710c00000| Untracked |  0
|  98|0x0000000710e00000, 0x0000000710e00000, 0x0000000711000000|  0%| F|  |TAMS 0x0000000710e00000| PB 0x0000000710e00000| Untracked |  0
|  99|0x0000000711000000, 0x0000000711000000, 0x0000000711200000|  0%| F|  |TAMS 0x0000000711000000| PB 0x0000000711000000| Untracked |  0
| 100|0x0000000711200000, 0x0000000711200000, 0x0000000711400000|  0%| F|  |TAMS 0x0000000711200000| PB 0x0000000711200000| Untracked |  0
| 101|0x0000000711400000, 0x0000000711400000, 0x0000000711600000|  0%| F|  |TAMS 0x0000000711400000| PB 0x0000000711400000| Untracked |  0
| 102|0x0000000711600000, 0x0000000711600000, 0x0000000711800000|  0%| F|  |TAMS 0x0000000711600000| PB 0x0000000711600000| Untracked |  0
| 103|0x0000000711800000, 0x0000000711800000, 0x0000000711a00000|  0%| F|  |TAMS 0x0000000711800000| PB 0x0000000711800000| Untracked |  0
| 104|0x0000000711a00000, 0x0000000711a00000, 0x0000000711c00000|  0%| F|  |TAMS 0x0000000711a00000| PB 0x0000000711a00000| Untracked |  0
| 105|0x0000000711c00000, 0x0000000711c00000, 0x0000000711e00000|  0%| F|  |TAMS 0x0000000711c00000| PB 0x0000000711c00000| Untracked |  0
| 106|0x0000000711e00000, 0x0000000711e00000, 0x0000000712000000|  0%| F|  |TAMS 0x0000000711e00000| PB 0x0000000711e00000| Untracked |  0
| 107|0x0000000712000000, 0x0000000712000000, 0x0000000712200000|  0%| F|  |TAMS 0x0000000712000000| PB 0x0000000712000000| Untracked |  0
| 108|0x0000000712200000, 0x0000000712200000, 0x0000000712400000|  0%| F|  |TAMS 0x0000000712200000| PB 0x0000000712200000| Untracked |  0
| 109|0x0000000712400000, 0x0000000712400000, 0x0000000712600000|  0%| F|  |TAMS 0x0000000712400000| PB 0x0000000712400000| Untracked |  0
| 110|0x0000000712600000, 0x0000000712600000, 0x0000000712800000|  0%| F|  |TAMS 0x0000000712600000| PB 0x0000000712600000| Untracked |  0
| 111|0x0000000712800000, 0x0000000712800000, 0x0000000712a00000|  0%| F|  |TAMS 0x0000000712800000| PB 0x0000000712800000| Untracked |  0
| 112|0x0000000712a00000, 0x0000000712a00000, 0x0000000712c00000|  0%| F|  |TAMS 0x0000000712a00000| PB 0x0000000712a00000| Untracked |  0
| 113|0x0000000712c00000, 0x0000000712c00000, 0x0000000712e00000|  0%| F|  |TAMS 0x0000000712c00000| PB 0x0000000712c00000| Untracked |  0
| 114|0x0000000712e00000, 0x0000000712fe2328, 0x0000000713000000| 94%| S|CS|TAMS 0x0000000712e00000| PB 0x0000000712e00000| Complete |  0
| 115|0x0000000713000000, 0x0000000713200000, 0x0000000713200000|100%| S|CS|TAMS 0x0000000713000000| PB 0x0000000713000000| Complete |  0
| 116|0x0000000713200000, 0x0000000713200000, 0x0000000713400000|  0%| F|  |TAMS 0x0000000713200000| PB 0x0000000713200000| Untracked |  0
| 117|0x0000000713400000, 0x0000000713400000, 0x0000000713600000|  0%| F|  |TAMS 0x0000000713400000| PB 0x0000000713400000| Untracked |  0
| 118|0x0000000713600000, 0x0000000713600000, 0x0000000713800000|  0%| F|  |TAMS 0x0000000713600000| PB 0x0000000713600000| Untracked |  0
| 119|0x0000000713800000, 0x0000000713800000, 0x0000000713a00000|  0%| F|  |TAMS 0x0000000713800000| PB 0x0000000713800000| Untracked |  0
| 120|0x0000000713a00000, 0x0000000713a00000, 0x0000000713c00000|  0%| F|  |TAMS 0x0000000713a00000| PB 0x0000000713a00000| Untracked |  0
| 121|0x0000000713c00000, 0x0000000713c00000, 0x0000000713e00000|  0%| F|  |TAMS 0x0000000713c00000| PB 0x0000000713c00000| Untracked |  0
| 122|0x0000000713e00000, 0x0000000713e00000, 0x0000000714000000|  0%| F|  |TAMS 0x0000000713e00000| PB 0x0000000713e00000| Untracked |  0
| 123|0x0000000714000000, 0x0000000714000000, 0x0000000714200000|  0%| F|  |TAMS 0x0000000714000000| PB 0x0000000714000000| Untracked |  0
| 124|0x0000000714200000, 0x0000000714200000, 0x0000000714400000|  0%| F|  |TAMS 0x0000000714200000| PB 0x0000000714200000| Untracked |  0
| 125|0x0000000714400000, 0x00000007145f2ba8, 0x0000000714600000| 97%| E|  |TAMS 0x0000000714400000| PB 0x0000000714400000| Complete |  0

Card table byte_map: [0x0000022d60d30000,0x0000022d61510000] _byte_map_base: 0x0000022d5d50b000

Marking Bits: (CMBitMap*) 0x0000022d48604e10
 Bits: [0x0000022d61510000, 0x0000022d653e8000)

Polling page: 0x0000022d464e0000

Metaspace:

Usage:
  Non-class:     16.28 MB used.
      Class:      2.04 MB used.
       Both:     18.33 MB used.

Virtual space:
  Non-class space:       64.00 MB reserved,      16.38 MB ( 26%) committed,  1 nodes.
      Class space:        1.00 GB reserved,       2.19 MB ( <1%) committed,  1 nodes.
             Both:        1.06 GB reserved,      18.56 MB (  2%) committed. 

Chunk freelists:
   Non-Class:  15.00 MB
       Class:  13.67 MB
        Both:  28.67 MB

MaxMetaspaceSize: unlimited
CompressedClassSpaceSize: 1.00 GB
Initial GC threshold: 21.00 MB
Current GC threshold: 21.00 MB
CDS: on
 - commit_granule_bytes: 65536.
 - commit_granule_words: 8192.
 - virtual_space_node_default_size: 8388608.
 - enlarge_chunks_in_place: 1.
 - use_allocation_guard: 0.


Internal statistics:

num_allocs_failed_limit: 0.
num_arena_births: 178.
num_arena_deaths: 0.
num_vsnodes_births: 2.
num_vsnodes_deaths: 0.
num_space_committed: 297.
num_space_uncommitted: 0.
num_chunks_returned_to_freelist: 0.
num_chunks_taken_from_freelist: 438.
num_chunk_merges: 0.
num_chunk_splits: 289.
num_chunks_enlarged: 196.
num_inconsistent_stats: 0.

CodeHeap 'non-profiled nmethods': size=119232Kb used=1053Kb max_used=1053Kb free=118178Kb
 bounds [0x0000022d58860000, 0x0000022d58ad0000, 0x0000022d5fcd0000]
CodeHeap 'profiled nmethods': size=119104Kb used=5196Kb max_used=5196Kb free=113907Kb
 bounds [0x0000022d50cd0000, 0x0000022d511f0000, 0x0000022d58120000]
CodeHeap 'non-nmethods': size=7424Kb used=1965Kb max_used=3667Kb free=5458Kb
 bounds [0x0000022d58120000, 0x0000022d584c0000, 0x0000022d58860000]
CodeCache: size=245760Kb, used=8214Kb, max_used=9916Kb, free=237543Kb
 total_blobs=4184, nmethods=3361, adapters=727, full_count=0
Compilation: enabled, stopped_count=0, restarted_count=0

Compilation events (20 events):
Event: 1167.154 Thread 0x0000022d683c56e0 3353       3       java.util.concurrent.locks.AbstractQueuedSynchronizer$ConditionObject::await (207 bytes)
Event: 1167.154 Thread 0x0000022d683c56e0 nmethod 3353 0x0000022d511e0a08 code [0x0000022d511e0c80, 0x0000022d511e1b28]
Event: 1167.154 Thread 0x0000022d683c56e0 3352       3       java.lang.ref.ReferenceQueue::await (15 bytes)
Event: 1167.155 Thread 0x0000022d683c56e0 nmethod 3352 0x0000022d511e1b88 code [0x0000022d511e1cc0, 0x0000022d511e1e68]
Event: 1212.196 Thread 0x0000022d683bab20 3354       4       java.lang.String::startsWith (7 bytes)
Event: 1212.198 Thread 0x0000022d683bab20 nmethod 3354 0x0000022d58966508 code [0x0000022d58966620, 0x0000022d58966930]
Event: 1232.218 Thread 0x0000022d683c56e0 3355       3       java.lang.Thread::getContextClassLoader (30 bytes)
Event: 1232.218 Thread 0x0000022d683c56e0 nmethod 3355 0x0000022d511e1f08 code [0x0000022d511e2040, 0x0000022d511e2298]
Event: 1262.244 Thread 0x0000022d683c56e0 3356   !   3       jdk.internal.loader.URLClassPath::check (123 bytes)
Event: 1262.244 Thread 0x0000022d683c56e0 nmethod 3356 0x0000022d511e2308 code [0x0000022d511e2420, 0x0000022d511e25f0]
Event: 1277.253 Thread 0x0000022d683c56e0 3357   !   3       com.mysql.cj.jdbc.AbandonedConnectionCleanupThread::checkThreadContextClassLoader (20 bytes)
Event: 1277.254 Thread 0x0000022d683c56e0 nmethod 3357 0x0000022d511e2688 code [0x0000022d511e2800, 0x0000022d511e2e60]
Event: 2405.761 Thread 0x0000022d683bab20 3358       4       java.util.concurrent.locks.AbstractQueuedSynchronizer$Node::setStatusRelaxed (12 bytes)
Event: 2405.762 Thread 0x0000022d683bab20 nmethod 3358 0x0000022d58966988 code [0x0000022d58966a80, 0x0000022d58966b00]
Event: 2428.841 Thread 0x0000022d683bab20 3359       4       jdk.internal.misc.Unsafe::putIntOpaque (9 bytes)
Event: 2428.841 Thread 0x0000022d683bab20 nmethod 3359 0x0000022d58966c88 code [0x0000022d58966d80, 0x0000022d58966e08]
Event: 2954.685 Thread 0x0000022d683bab20 3360       4       java.util.concurrent.ConcurrentHashMap::get (162 bytes)
Event: 2954.689 Thread 0x0000022d683bab20 nmethod 3360 0x0000022d58966f88 code [0x0000022d589670e0, 0x0000022d589676e0]
Event: 2959.693 Thread 0x0000022d683c56e0 3361       3       java.util.Set::of (10 bytes)
Event: 2959.693 Thread 0x0000022d683c56e0 nmethod 3361 0x0000022d511e2f08 code [0x0000022d511e3020, 0x0000022d511e31b0]

GC Heap History (4 events):
Event: 0.464 GC heap before
{Heap before GC invocations=0 (full 0):
 garbage-first heap   total reserved 4118528K, committed 258048K, used 24576K [0x0000000704a00000, 0x0000000800000000)
  region size 2048K, 12 young (24576K), 0 survivors (0K)
 Metaspace       used 12551K, committed 12800K, reserved 1114112K
  class space    used 1500K, committed 1600K, reserved 1048576K
}
Event: 0.468 GC heap after
{Heap after GC invocations=1 (full 0):
 garbage-first heap   total reserved 4118528K, committed 258048K, used 5902K [0x0000000704a00000, 0x0000000800000000)
  region size 2048K, 2 young (4096K), 2 survivors (4096K)
 Metaspace       used 12551K, committed 12800K, reserved 1114112K
  class space    used 1500K, committed 1600K, reserved 1048576K
}
Event: 5.451 GC heap before
{Heap before GC invocations=1 (full 0):
 garbage-first heap   total reserved 4118528K, committed 258048K, used 32526K [0x0000000704a00000, 0x0000000800000000)
  region size 2048K, 12 young (24576K), 2 survivors (4096K)
 Metaspace       used 18641K, committed 18880K, reserved 1114112K
  class space    used 2089K, committed 2240K, reserved 1048576K
}
Event: 5.455 GC heap after
{Heap after GC invocations=2 (full 0):
 garbage-first heap   total reserved 4118528K, committed 258048K, used 16189K [0x0000000704a00000, 0x0000000800000000)
  region size 2048K, 2 young (4096K), 2 survivors (4096K)
 Metaspace       used 18641K, committed 18880K, reserved 1114112K
  class space    used 2089K, committed 2240K, reserved 1048576K
}

Dll operation events (11 events):
Event: 0.005 Loaded shared library C:\Program Files\Java\jdk-23\bin\java.dll
Event: 0.025 Loaded shared library C:\Program Files\Java\jdk-23\bin\jsvml.dll
Event: 0.057 Loaded shared library C:\Program Files\Java\jdk-23\bin\jimage.dll
Event: 0.060 Loaded shared library C:\Program Files\Java\jdk-23\bin\awt.dll
Event: 0.076 Loaded shared library C:\Program Files\Java\jdk-23\bin\net.dll
Event: 0.078 Loaded shared library C:\Program Files\Java\jdk-23\bin\nio.dll
Event: 0.080 Loaded shared library C:\Program Files\Java\jdk-23\bin\zip.dll
Event: 0.211 Loaded shared library C:\Program Files\Java\jdk-23\bin\verify.dll
Event: 0.262 Loaded shared library C:\Program Files\Java\jdk-23\bin\freetype.dll
Event: 0.263 Loaded shared library C:\Program Files\Java\jdk-23\bin\fontmanager.dll
Event: 0.509 Loaded shared library C:\Program Files\Java\jdk-23\bin\extnet.dll

Deoptimization events (20 events):
Event: 0.830 Thread 0x0000022d4566d660 Uncommon trap: trap_request=0xffffff45 fr.pc=0x0000022d5893b1c4 relative=0x0000000000000044
Event: 0.830 Thread 0x0000022d4566d660 Uncommon trap: reason=unstable_if action=reinterpret pc=0x0000022d5893b1c4 method=java.awt.Component.isValid()Z @ 11 c2
Event: 0.830 Thread 0x0000022d4566d660 DEOPT PACKING pc=0x0000022d5893b1c4 sp=0x000000b3212fee30
Event: 0.830 Thread 0x0000022d4566d660 DEOPT UNPACKING pc=0x0000022d58177982 sp=0x000000b3212fedc0 mode 2
Event: 0.831 Thread 0x0000022d4566d660 Uncommon trap: trap_request=0xffffff45 fr.pc=0x0000022d588bfd28 relative=0x0000000000000088
Event: 0.831 Thread 0x0000022d4566d660 Uncommon trap: reason=unstable_if action=reinterpret pc=0x0000022d588bfd28 method=sun.awt.SunToolkit.getAppContext(Ljava/lang/Object;)Lsun/awt/AppContext; @ 4 c2
Event: 0.831 Thread 0x0000022d4566d660 DEOPT PACKING pc=0x0000022d588bfd28 sp=0x000000b3212fe460
Event: 0.831 Thread 0x0000022d4566d660 DEOPT UNPACKING pc=0x0000022d58177982 sp=0x000000b3212fe400 mode 2
Event: 1.921 Thread 0x0000022d45654b10 Uncommon trap: trap_request=0xffffff45 fr.pc=0x0000022d589541b0 relative=0x00000000000000b0
Event: 1.921 Thread 0x0000022d45654b10 Uncommon trap: reason=unstable_if action=reinterpret pc=0x0000022d589541b0 method=java.util.concurrent.locks.AbstractQueuedSynchronizer.signalNext(Ljava/util/concurrent/locks/AbstractQueuedSynchronizer$Node;)V @ 10 c2
Event: 1.921 Thread 0x0000022d45654b10 DEOPT PACKING pc=0x0000022d589541b0 sp=0x000000b3211fddd0
Event: 1.921 Thread 0x0000022d45654b10 DEOPT UNPACKING pc=0x0000022d58177982 sp=0x000000b3211fdcc0 mode 2
Event: 4.274 Thread 0x0000022d4566d660 Uncommon trap: trap_request=0xffffff45 fr.pc=0x0000022d589535a8 relative=0x0000000000000088
Event: 4.274 Thread 0x0000022d4566d660 Uncommon trap: reason=unstable_if action=reinterpret pc=0x0000022d589535a8 method=java.awt.Component.inside(II)Z @ 9 c2
Event: 4.274 Thread 0x0000022d4566d660 DEOPT PACKING pc=0x0000022d589535a8 sp=0x000000b3212fe990
Event: 4.274 Thread 0x0000022d4566d660 DEOPT UNPACKING pc=0x0000022d58177982 sp=0x000000b3212fe828 mode 2
Event: 50.304 Thread 0x0000022d4566d660 Uncommon trap: trap_request=0xffffff45 fr.pc=0x0000022d58964dc0 relative=0x0000000000000240
Event: 50.304 Thread 0x0000022d4566d660 Uncommon trap: reason=unstable_if action=reinterpret pc=0x0000022d58964dc0 method=java.security.AccessControlContext.optimize()Ljava/security/AccessControlContext; @ 234 c2
Event: 50.304 Thread 0x0000022d4566d660 DEOPT PACKING pc=0x0000022d58964dc0 sp=0x000000b3212fd130
Event: 50.304 Thread 0x0000022d4566d660 DEOPT UNPACKING pc=0x0000022d58177982 sp=0x000000b3212fd0b8 mode 2

Classes loaded (20 events):
Event: 0.840 Loading class sun/awt/im/CompositionAreaHandler
Event: 0.840 Loading class sun/awt/im/CompositionAreaHandler done
Event: 0.840 Loading class java/text/AttributedString
Event: 0.840 Loading class java/text/AttributedString done
Event: 0.840 Loading class java/text/AttributedString$AttributedStringIterator
Event: 0.840 Loading class java/text/AttributedCharacterIterator
Event: 0.840 Loading class java/text/AttributedCharacterIterator done
Event: 0.840 Loading class java/text/AttributedString$AttributedStringIterator done
Event: 1.353 Loading class javax/swing/Timer$1
Event: 1.353 Loading class javax/swing/Timer$1 done
Event: 1.394 Loading class java/awt/event/MouseWheelEvent
Event: 1.394 Loading class java/awt/event/MouseWheelEvent done
Event: 2.138 Loading class java/awt/LightweightDispatcher$2
Event: 2.138 Loading class java/awt/LightweightDispatcher$2 done
Event: 50.305 Loading class javax/swing/RepaintManager$3
Event: 50.305 Loading class javax/swing/RepaintManager$3 done
Event: 2959.653 Loading class java/awt/desktop/SystemSleepListener
Event: 2959.654 Loading class java/awt/desktop/SystemEventListener
Event: 2959.654 Loading class java/awt/desktop/SystemEventListener done
Event: 2959.654 Loading class java/awt/desktop/SystemSleepListener done

Classes unloaded (0 events):
No events

Classes redefined (0 events):
No events

Internal exceptions (14 events):
Event: 0.052 Thread 0x0000022d4859f8b0 Exception <a 'java/lang/ClassNotFoundException'{0x0000000714237a18}: sun/awt/resources/spi/awtProvider> (0x0000000714237a18) 
thrown [s\open\src\hotspot\share\classfile\systemDictionary.cpp, line 313]
Event: 0.066 Thread 0x0000022d4859f8b0 Exception <a 'java/io/FileNotFoundException'{0x0000000714387f00}> (0x0000000714387f00) 
thrown [s\open\src\hotspot\share\prims\jni.cpp, line 520]
Event: 0.070 Thread 0x0000022d4859f8b0 Exception <a 'java/io/FileNotFoundException'{0x00000007143b6378}> (0x00000007143b6378) 
thrown [s\open\src\hotspot\share\prims\jni.cpp, line 520]
Event: 0.168 Thread 0x0000022d4566d660 Exception <a 'java/lang/NoSuchMethodError'{0x0000000713cb8278}: 'void java.lang.invoke.DirectMethodHandle$Holder.invokeSpecial(java.lang.Object, java.lang.Object, java.lang.Object)'> (0x0000000713cb8278) 
thrown [s\open\src\hotspot\share\interpreter\linkResolver.cpp, line 796]
Event: 0.175 Thread 0x0000022d4566d660 Exception <a 'java/lang/NoSuchMethodError'{0x0000000713d82bb0}: 'java.lang.Object java.lang.invoke.DirectMethodHandle$Holder.invokeStatic(java.lang.Object, int, java.lang.Object)'> (0x0000000713d82bb0) 
thrown [s\open\src\hotspot\share\interpreter\linkResolver.cpp, line 796]
Event: 0.185 Thread 0x0000022d4566d660 Exception <a 'java/lang/ClassNotFoundException'{0x0000000713a25728}: com/sun/swing/internal/plaf/metal/resources/spi/metalProvider> (0x0000000713a25728) 
thrown [s\open\src\hotspot\share\classfile\systemDictionary.cpp, line 313]
Event: 0.186 Thread 0x0000022d4566d660 Exception <a 'java/lang/ClassNotFoundException'{0x0000000713a29768}: com/sun/swing/internal/plaf/basic/resources/spi/basicProvider> (0x0000000713a29768) 
thrown [s\open\src\hotspot\share\classfile\systemDictionary.cpp, line 313]
Event: 0.191 Thread 0x0000022d4566d660 Exception <a 'java/lang/NoSuchMethodError'{0x0000000713a497c8}: 'int java.lang.invoke.Invokers$Holder.invokeExact_MT(java.lang.Object, java.lang.Object)'> (0x0000000713a497c8) 
thrown [s\open\src\hotspot\share\interpreter\linkResolver.cpp, line 796]
Event: 0.332 Thread 0x0000022d458a8540 Exception <a 'java/lang/NoSuchMethodError'{0x0000000713709208}: 'java.lang.Object java.lang.invoke.DirectMethodHandle$Holder.newInvokeSpecial(java.lang.Object, java.lang.Object, java.lang.Object, int, int, int, int, int)'> (0x0000000713709208) 
thrown [s\open\src\hotspot\share\interpreter\linkResolver.cpp, line 796]
Event: 0.400 Thread 0x0000022d4566d660 Exception <a 'java/lang/NoSuchMethodError'{0x0000000713043090}: 'java.lang.Object java.lang.invoke.DirectMethodHandle$Holder.invokeInterface(java.lang.Object, java.lang.Object)'> (0x0000000713043090) 
thrown [s\open\src\hotspot\share\interpreter\linkResolver.cpp, line 796]
Event: 0.435 Thread 0x0000022d4566d660 Exception <a 'java/lang/NoSuchMethodError'{0x0000000712e0ac68}: 'void java.lang.invoke.DirectMethodHandle$Holder.invokeStatic(java.lang.Object, java.lang.Object)'> (0x0000000712e0ac68) 
thrown [s\open\src\hotspot\share\interpreter\linkResolver.cpp, line 796]
Event: 0.463 Thread 0x0000022d4566d660 Exception <a 'java/lang/NoSuchMethodError'{0x0000000712fdff50}: 'java.lang.Object java.lang.invoke.DirectMethodHandle$Holder.invokeVirtual(java.lang.Object, java.lang.Object, java.lang.Object)'> (0x0000000712fdff50) 
thrown [s\open\src\hotspot\share\interpreter\linkResolver.cpp, line 796]
Event: 0.688 Thread 0x0000022d45654b10 Exception <a 'java/lang/NoSuchMethodError'{0x00000007134f7888}: 'void java.lang.invoke.DirectMethodHandle$Holder.invokeVirtual(java.lang.Object, java.lang.Object)'> (0x00000007134f7888) 
thrown [s\open\src\hotspot\share\interpreter\linkResolver.cpp, line 796]
Event: 0.698 Thread 0x0000022d4566d660 Exception <a 'java/lang/NoSuchMethodError'{0x000000071353a340}: 'void java.lang.invoke.DirectMethodHandle$Holder.invokeStaticInit(java.lang.Object)'> (0x000000071353a340) 
thrown [s\open\src\hotspot\share\interpreter\linkResolver.cpp, line 796]

VM Operations (20 events):
Event: 0.540 Executing VM operation: HandshakeAllThreads (Deoptimize)
Event: 0.540 Executing VM operation: HandshakeAllThreads (Deoptimize) done
Event: 0.608 Executing VM operation: HandshakeAllThreads (Deoptimize)
Event: 0.608 Executing VM operation: HandshakeAllThreads (Deoptimize) done
Event: 0.660 Executing VM operation: HandshakeAllThreads (Deoptimize)
Event: 0.661 Executing VM operation: HandshakeAllThreads (Deoptimize) done
Event: 0.683 Executing VM operation: HandshakeAllThreads (Deoptimize)
Event: 0.683 Executing VM operation: HandshakeAllThreads (Deoptimize) done
Event: 0.690 Executing VM operation: HandshakeAllThreads (Deoptimize)
Event: 0.690 Executing VM operation: HandshakeAllThreads (Deoptimize) done
Event: 0.770 Executing VM operation: HandshakeAllThreads (Deoptimize)
Event: 0.770 Executing VM operation: HandshakeAllThreads (Deoptimize) done
Event: 0.832 Executing VM operation: HandshakeAllThreads (Deoptimize)
Event: 0.832 Executing VM operation: HandshakeAllThreads (Deoptimize) done
Event: 5.451 Executing VM operation: G1CollectForAllocation (G1 Evacuation Pause)
Event: 5.455 Executing VM operation: G1CollectForAllocation (G1 Evacuation Pause) done
Event: 60.245 Executing VM operation: HandshakeAllThreads (HandshakeForDeflation)
Event: 60.245 Executing VM operation: HandshakeAllThreads (HandshakeForDeflation) done
Event: 60.245 Executing VM operation: RendezvousGCThreads
Event: 60.245 Executing VM operation: RendezvousGCThreads done

Memory protections (0 events):
No events

Nmethod flushes (0 events):
No events

Events (20 events):
Event: 0.115 Thread 0x0000022d4859f8b0 Thread added: 0x0000022d45645b10
Event: 0.116 Thread 0x0000022d4859f8b0 Thread added: 0x0000022d45654290
Event: 0.116 Thread 0x0000022d4859f8b0 Thread added: 0x0000022d45654b10
Event: 0.148 Thread 0x0000022d4859f8b0 Thread added: 0x0000022d4566d660
Event: 0.148 Thread 0x0000022d4859f8b0 Thread exited: 0x0000022d4859f8b0
Event: 0.148 Thread 0x0000022d4859f8b0 Thread added: 0x0000022d4859f8b0
Event: 0.231 Thread 0x0000022d4510b710 Thread added: 0x0000022d45717cf0
Event: 0.281 Thread 0x0000022d4566d660 Thread added: 0x0000022d692c2320
Event: 0.329 Thread 0x0000022d4566d660 Thread added: 0x0000022d458a8540
Event: 0.441 Thread 0x0000022d4566d660 Thread added: 0x0000022d69445cc0
Event: 0.625 Thread 0x0000022d4510b710 Thread added: 0x0000022d69ae0370
Event: 0.626 Thread 0x0000022d4510c5f0 Thread added: 0x0000022d6980f460
Event: 1.115 Thread 0x0000022d6980f460 Thread exited: 0x0000022d6980f460
Event: 1.139 Thread 0x0000022d69ae0370 Thread exited: 0x0000022d69ae0370
Event: 1.145 Thread 0x0000022d453ed6f0 Thread exited: 0x0000022d453ed6f0
Event: 1.145 Thread 0x0000022d453ecc20 Thread exited: 0x0000022d453ecc20
Event: 2.794 Thread 0x0000022d45717cf0 Thread exited: 0x0000022d45717cf0
Event: 4.090 Thread 0x0000022d4510c5f0 Thread exited: 0x0000022d4510c5f0
Event: 5.342 Thread 0x0000022d458a8540 Thread exited: 0x0000022d458a8540
Event: 6.991 Thread 0x0000022d4510b710 Thread exited: 0x0000022d4510b710


Dynamic libraries:
0x00007ff7b4510000 - 0x00007ff7b4520000 	C:\Program Files\Java\jdk-23\bin\javaw.exe
0x00007ffad7e00000 - 0x00007ffad8067000 	C:\WINDOWS\SYSTEM32\ntdll.dll
0x00007ffad6ad0000 - 0x00007ffad6b99000 	C:\WINDOWS\System32\KERNEL32.DLL
0x00007ffad4b50000 - 0x00007ffad4f41000 	C:\WINDOWS\System32\KERNELBASE.dll
0x00007ffad4790000 - 0x00007ffad48db000 	C:\WINDOWS\System32\ucrtbase.dll
0x00007ffaa8b20000 - 0x00007ffaa8b37000 	C:\Program Files\Java\jdk-23\bin\jli.dll
0x00007ffabc970000 - 0x00007ffabc98b000 	C:\Program Files\Java\jdk-23\bin\VCRUNTIME140.dll
0x00007ffad6d80000 - 0x00007ffad6f45000 	C:\WINDOWS\System32\USER32.dll
0x00007ffad4b20000 - 0x00007ffad4b47000 	C:\WINDOWS\System32\win32u.dll
0x00007ffabd100000 - 0x00007ffabd393000 	C:\WINDOWS\WinSxS\amd64_microsoft.windows.common-controls_6595b64144ccf1df_6.0.26100.7922_none_3e089e1ee3342171\COMCTL32.dll
0x00007ffad5dc0000 - 0x00007ffad5deb000 	C:\WINDOWS\System32\GDI32.dll
0x00007ffad7100000 - 0x00007ffad71a9000 	C:\WINDOWS\System32\msvcrt.dll
0x00007ffad5a70000 - 0x00007ffad5b9a000 	C:\WINDOWS\System32\gdi32full.dll
0x00007ffad4f50000 - 0x00007ffad4ff3000 	C:\WINDOWS\System32\msvcp_win.dll
0x00007ffad6020000 - 0x00007ffad6051000 	C:\WINDOWS\System32\IMM32.DLL
0x00007ffaa8b10000 - 0x00007ffaa8b1c000 	C:\Program Files\Java\jdk-23\bin\vcruntime140_1.dll
0x00007ffa644b0000 - 0x00007ffa6453e000 	C:\Program Files\Java\jdk-23\bin\msvcp140.dll
0x00007ffa3b0d0000 - 0x00007ffa3be1f000 	C:\Program Files\Java\jdk-23\bin\server\jvm.dll
0x00007ffad6fc0000 - 0x00007ffad707b000 	C:\WINDOWS\System32\ADVAPI32.dll
0x00007ffad5ee0000 - 0x00007ffad5f87000 	C:\WINDOWS\System32\sechost.dll
0x00007ffad5ba0000 - 0x00007ffad5cb8000 	C:\WINDOWS\System32\RPCRT4.dll
0x00007ffad7080000 - 0x00007ffad70f4000 	C:\WINDOWS\System32\WS2_32.dll
0x00007ffad4540000 - 0x00007ffad459e000 	C:\WINDOWS\SYSTEM32\POWRPROF.dll
0x00007ffac27b0000 - 0x00007ffac27e5000 	C:\WINDOWS\SYSTEM32\WINMM.dll
0x00007ffaca410000 - 0x00007ffaca41b000 	C:\WINDOWS\SYSTEM32\VERSION.dll
0x00007ffad4520000 - 0x00007ffad4534000 	C:\WINDOWS\SYSTEM32\UMPDC.dll
0x00007ffad3470000 - 0x00007ffad348b000 	C:\WINDOWS\SYSTEM32\kernel.appcore.dll
0x00007ffaa8790000 - 0x00007ffaa879a000 	C:\Program Files\Java\jdk-23\bin\jimage.dll
0x00007ffad2620000 - 0x00007ffad2862000 	C:\WINDOWS\SYSTEM32\DBGHELP.DLL
0x00007ffad6740000 - 0x00007ffad6ac2000 	C:\WINDOWS\System32\combase.dll
0x00007ffad6ba0000 - 0x00007ffad6c77000 	C:\WINDOWS\System32\OLEAUT32.dll
0x00007ffaad770000 - 0x00007ffaad7ab000 	C:\WINDOWS\SYSTEM32\dbgcore.DLL
0x00007ffad46e0000 - 0x00007ffad4785000 	C:\WINDOWS\System32\bcryptPrimitives.dll
0x00007ffaa8770000 - 0x00007ffaa878e000 	C:\Program Files\Java\jdk-23\bin\java.dll
0x00007ffad7ac0000 - 0x00007ffad7c55000 	C:\WINDOWS\System32\ole32.dll
0x00007ffad71b0000 - 0x00007ffad790f000 	C:\WINDOWS\System32\SHELL32.dll
0x00007ffad5870000 - 0x00007ffad59da000 	C:\WINDOWS\System32\wintypes.dll
0x00007ffad5000000 - 0x00007ffad5864000 	C:\WINDOWS\System32\windows.storage.dll
0x00007ffad7930000 - 0x00007ffad7a27000 	C:\WINDOWS\System32\SHCORE.dll
0x00007ffad6f50000 - 0x00007ffad6fb7000 	C:\WINDOWS\System32\shlwapi.dll
0x00007ffad4600000 - 0x00007ffad4629000 	C:\WINDOWS\SYSTEM32\profapi.dll
0x00007ffa43ee0000 - 0x00007ffa43fb7000 	C:\Program Files\Java\jdk-23\bin\jsvml.dll
0x00007ffa59860000 - 0x00007ffa599ee000 	C:\Program Files\Java\jdk-23\bin\awt.dll
0x00007ffacf510000 - 0x00007ffacf5af000 	C:\WINDOWS\SYSTEM32\apphelp.dll
0x00007ffaa8760000 - 0x00007ffaa8770000 	C:\Program Files\Java\jdk-23\bin\net.dll
0x00007ffad39e0000 - 0x00007ffad3a4b000 	C:\WINDOWS\system32\mswsock.dll
0x00007ffa98480000 - 0x00007ffa98496000 	C:\Program Files\Java\jdk-23\bin\nio.dll
0x00007ffa95b00000 - 0x00007ffa95b17000 	C:\Program Files\Java\jdk-23\bin\zip.dll
0x00007ffad1bb0000 - 0x00007ffad1c5a000 	C:\WINDOWS\system32\uxtheme.dll
0x00007ffa4e8e0000 - 0x00007ffa4ea13000 	C:\ProgramData\A-Volute\A-Volute.Nahimic\Modules\Scheduled\x64\AudioDevProps2.dll
0x00007ffad7c60000 - 0x00007ffad7dbd000 	C:\WINDOWS\System32\MSCTF.dll
0x00007ffad1e50000 - 0x00007ffad1e7e000 	C:\WINDOWS\system32\DWMAPI.DLL
0x00007ffa9bc70000 - 0x00007ffa9bd7e000 	C:\WINDOWS\system32\opengl32.dll
0x00007ffa9e170000 - 0x00007ffa9e19d000 	C:\WINDOWS\SYSTEM32\GLU32.dll
0x00007ffad1c90000 - 0x00007ffad1cd3000 	C:\WINDOWS\SYSTEM32\dxcore.dll
0x00007ffabc770000 - 0x00007ffabc780000 	C:\Program Files\Java\jdk-23\bin\verify.dll
0x00007ffa597d0000 - 0x00007ffa59857000 	C:\Program Files\Java\jdk-23\bin\freetype.dll
0x00007ffa59370000 - 0x00007ffa59447000 	C:\Program Files\Java\jdk-23\bin\fontmanager.dll
0x00007ffad2ec0000 - 0x00007ffad2fea000 	C:\WINDOWS\SYSTEM32\DNSAPI.dll
0x00007ffad2da0000 - 0x00007ffad2dd3000 	C:\WINDOWS\SYSTEM32\IPHLPAPI.DLL
0x00007ffad7ab0000 - 0x00007ffad7aba000 	C:\WINDOWS\System32\NSI.dll
0x00007ffac1f80000 - 0x00007ffac1f8b000 	C:\Windows\System32\rasadhlp.dll
0x00007ffac6670000 - 0x00007ffac66f6000 	C:\WINDOWS\System32\fwpuclnt.dll
0x00007ffa390a0000 - 0x00007ffa390a9000 	C:\Program Files\Java\jdk-23\bin\extnet.dll
0x00007ffad5d00000 - 0x00007ffad5dae000 	C:\WINDOWS\System32\clbcatq.dll
0x00007ffacd7c0000 - 0x00007ffacd9ed000 	C:\WINDOWS\SYSTEM32\WindowsCodecs.dll
0x00007ffa9e0e0000 - 0x00007ffa9e13a000 	C:\WINDOWS\system32\dataexchange.dll
0x00007ffac6030000 - 0x00007ffac6274000 	C:\WINDOWS\system32\twinapi.appcore.dll
0x00007ffa9b380000 - 0x00007ffa9b4c8000 	C:\WINDOWS\SYSTEM32\textinputframework.dll
0x00007ffacf0f0000 - 0x00007ffacf217000 	C:\WINDOWS\SYSTEM32\CoreMessaging.dll
0x00007ffacc850000 - 0x00007ffaccb32000 	C:\WINDOWS\SYSTEM32\CoreUIComponents.dll
0x00007ffad3ce0000 - 0x00007ffad3cec000 	C:\WINDOWS\SYSTEM32\CRYPTBASE.DLL

dbghelp: loaded successfully - version: 4.0.5 - missing functions: none
symbol engine: initialized successfully - sym options: 0x614 - pdb path: .;C:\Program Files\Java\jdk-23\bin;C:\WINDOWS\SYSTEM32;C:\WINDOWS\WinSxS\amd64_microsoft.windows.common-controls_6595b64144ccf1df_6.0.26100.7922_none_3e089e1ee3342171;C:\Program Files\Java\jdk-23\bin\server;C:\ProgramData\A-Volute\A-Volute.Nahimic\Modules\Scheduled\x64

VM Arguments:
jvm_args: -Dfile.encoding=UTF-8 -Dstdout.encoding=UTF-8 -Dstderr.encoding=UTF-8 -XX:+ShowCodeDetailsInExceptionMessages 
java_command: com.nctu.quanlynhatro.main.Main
java_class_path (initial): D:\Documents_II\N4\Ky_Nang_Nghe_Nghiep\TH\QLNhaTro\QLNhaTro\QLNhaTro\bin;D:\Documents_II\N4\Ky_Nang_Nghe_Nghiep\TH\QLNhaTro\QLNhaTro\QLNhaTro\JDBCdriver for MySQL\JDBCdriver for MySQL\mysql-connector-java-8.0.25.jar;D:\Documents_II\N4\Ky_Nang_Nghe_Nghiep\TH\QLNhaTro\QLNhaTro\QLNhaTro\JDBCdriver for MySQL\JDBCdriver for MySQL\protobuf-java-3.11.4.jar;D:\Documents_II\N4\Ky_Nang_Nghe_Nghiep\TH\QLNhaTro\QLNhaTro\QLNhaTro\lib\com.ibm.icu_77.1.0.jar;D:\Documents_II\N4\Ky_Nang_Nghe_Nghiep\TH\QLNhaTro\QLNhaTro\QLNhaTro\lib\jakarta.annotation-api_2.1.1.jar;D:\Documents_II\N4\Ky_Nang_Nghe_Nghiep\TH\QLNhaTro\QLNhaTro\QLNhaTro\lib\org.eclipse.core.commands_3.12.200.v20240627-1019.jar;D:\Documents_II\N4\Ky_Nang_Nghe_Nghiep\TH\QLNhaTro\QLNhaTro\QLNhaTro\lib\org.eclipse.core.runtime_3.32.0.v20241003-0436.jar;D:\Documents_II\N4\Ky_Nang_Nghe_Nghiep\TH\QLNhaTro\QLNhaTro\QLNhaTro\lib\org.eclipse.e4.ui.di_1.5.400.v20240321-1245.jar;D:\Documents_II\N4\Ky_Nang_Nghe_Nghiep\TH\QLNhaTro\QLNhaTro\QLNhaTro\lib\org.eclipse.equinox.common_3.19.200.v20241004-0654.jar;D:\Documents_II\N4\Ky_Nang_Nghe_Nghiep\TH\QLNhaTro\QLNhaTro\QLNhaTro\lib\org.eclipse.equinox.registry_3.12.200.v20241004-0654.jar;D:\Documents_II\N4\Ky_Nang_Nghe_Nghiep\TH\QLNhaTro\QLNhaTro\QLNhaTro\lib\org.eclipse.jface_3.35.100.v20241003-1431.jar;D:\Documents_II\N4\Ky_Nang_Nghe_Nghiep\TH\QLNhaTro\QLNhaTro\QLNhaTro\lib\org.eclipse.jface.text_3.26.0.v20241101-1729.jar;D:\Documents_II\N4\Ky_Nang_Nghe_Nghiep\TH\QLNhaTro\QLNhaTro\QLNhaTro\lib\org.eclipse.osgi_3.22.0.v20241030-2121.jar;D:\Documents_II\N4\Ky_Nang_Nghe_Nghiep\TH\QLNhaTro\QLNhaTro\QLNhaTro\lib\org.eclipse.swt.win32.win32.x86_64_3.128.0.v20241113-2009.jar;D:\Documents_II\N4\Ky_Nang_Nghe_Nghiep\TH\QLNhaTro\QLNhaTro\QLNhaTro\lib\org.eclipse.text_3.14.200.v20240915-0736.jar;D:\Documents_II\N4\Ky_Nang_Nghe_Nghiep\TH\QLNhaTro\QLNhaTro\QLNhaTro\lib\org.eclipse.ui.forms_3.13.400.v20240905-1138.jar;D:\Documents_II\N4\Ky_Nang_Nghe_Nghiep\TH\QLNhaTro\QLNhaTro\QLNhaTro\lib\org.eclipse.ui.workbench_3.134.0.v20241107-2150.jar;D:\Documents_II\N4\Ky_Nang_Nghe_Nghiep\TH\QLNhaTro\QLNhaTro\QLNhaTro\lib\jcalendar-1.4.jar;D:\Documents_II\N4\Ky_Nang_Nghe_Nghiep\TH\QLNhaTro\QLNhaTro\QLNhaTro\lib\jcommon-1.0.23.jar;D:\Documents_II\N4\Ky_Nang_Nghe_Nghiep\TH\QLNhaTro\QLNhaTro\QLNhaTro\lib\jfreechart-1.0.19.jar;D:\Documents_II\N4\Ky_Nang_Nghe_Nghiep\TH\QLNhaTro\QLNhaTro\QLNhaTro\lib\jgoodies-common-1.2.0.jar;D:\Documents_II\N4\Ky_Nang_Nghe_Nghiep\TH\QLNhaTro\QLNhaTro\QLNhaTro\lib\jgoodies-looks-2.4.1.jar
Launcher Type: SUN_STANDARD

[Global flags]
     intx CICompilerCount                          = 12                                        {product} {ergonomic}
     uint ConcGCThreads                            = 3                                         {product} {ergonomic}
     uint G1ConcRefinementThreads                  = 13                                        {product} {ergonomic}
   size_t G1HeapRegionSize                         = 2097152                                   {product} {ergonomic}
   size_t InitialHeapSize                          = 264241152                                 {product} {ergonomic}
   size_t MarkStackSize                            = 4194304                                   {product} {ergonomic}
   size_t MarkStackSizeMax                         = 536870912                                 {product} {ergonomic}
   size_t MaxHeapSize                              = 4217372672                                {product} {ergonomic}
   size_t MaxNewSize                               = 2529165312                                {product} {ergonomic}
   size_t MinHeapDeltaBytes                        = 2097152                                   {product} {ergonomic}
   size_t MinHeapSize                              = 8388608                                   {product} {ergonomic}
    uintx NonNMethodCodeHeapSize                   = 7602176                                {pd product} {ergonomic}
    uintx NonProfiledCodeHeapSize                  = 122093568                              {pd product} {ergonomic}
    uintx ProfiledCodeHeapSize                     = 121962496                              {pd product} {ergonomic}
    uintx ReservedCodeCacheSize                    = 251658240                              {pd product} {ergonomic}
     bool SegmentedCodeCache                       = true                                      {product} {ergonomic}
     bool ShowCodeDetailsInExceptionMessages       = true                                   {manageable} {command line}
   size_t SoftMaxHeapSize                          = 4217372672                             {manageable} {ergonomic}
     bool UseCompressedOops                        = true                           {product lp64_product} {ergonomic}
     bool UseG1GC                                  = true                                      {product} {ergonomic}
     bool UseLargePagesIndividualAllocation        = false                                  {pd product} {ergonomic}

Logging:
Log output configuration:
 #0: stdout all=warning uptime,level,tags foldmultilines=false
 #1: stderr all=off uptime,level,tags foldmultilines=false

Environment Variables:
PATH=C:\Program Files\Eclipse Adoptium\jdk-21.0.5.11-hotspot\bin;C:\Program Files\Common Files\Oracle\Java\javapath;C:\Program Files\Microsoft MPI\Bin\;C:\Windows\system32;C:\Windows;C:\Windows\System32\Wbem;C:\Windows\System32\WindowsPowerShell\v1.0\;C:\Windows\System32\OpenSSH\;C:\Program Files\NVIDIA Corporation\NVIDIA NvDLISR;C:\Program Files\Microsoft SQL Server\Client SDK\ODBC\170\Tools\Binn\;C:\Program Files\dotnet\;C:\Program Files (x86)\Microsoft SQL Server\160\Tools\Binn\;C:\Program Files\Microsoft SQL Server\160\Tools\Binn\;C:\Program Files\Microsoft SQL Server\160\DTS\Binn\;C:\Program Files (x86)\Microsoft SQL Server\160\DTS\Binn\;C:\WINDOWS\system32;C:\WINDOWS;C:\WINDOWS\System32\Wbem;C:\WINDOWS\System32\WindowsPowerShell\v1.0\;C:\WINDOWS\System32\OpenSSH\;C:\Program Files\Java\jdk-23\bin;D:\File_Setting\apache-maven-3.9.9\bin;C:\Program Files (x86)\NVIDIA Corporation\PhysX\Common;C:\Program Files\Git\cmd;C:\Users\Nguyen Trong Nghia\AppData\Local\nvm;C:\nvm4w\nodejs;C:\Users\Nguyen Trong Nghia\AppData\Local\Microsoft\WindowsApps;C:\Users\Nguyen Trong Nghia\AppData\Local\Programs\Microsoft VS Code\bin;C:\Users\Nguyen Trong Nghia\.dotnet\tools;C:\Users\Nguyen Trong Nghia\AppData\Local\GitHubDesktop\bin;D:\File_Setting\PyCharm 2024.3.5\bin;;C:\Program Files\JetBrains\PyCharm Community Edition 2024.3.5\bin;;C:\Users\Nguyen Trong Nghia\AppData\Local\nvm;C:\nvm4w\nodejs
USERNAME=Nguyen Trong Nghia
OS=Windows_NT
PROCESSOR_IDENTIFIER=Intel64 Family 6 Model 141 Stepping 1, GenuineIntel
TMP=C:\Users\NGUYEN~1\AppData\Local\Temp
TEMP=C:\Users\NGUYEN~1\AppData\Local\Temp




Periodic native trim disabled

---------------  S Y S T E M  ---------------

OS:
 Windows 11 , 64 bit Build 26100 (10.0.26100.7920)
OS uptime: 0 days 17:17 hours

CPU: total 16 (initial active 16) (8 cores per cpu, 2 threads per core) family 6 model 141 stepping 1 microcode 0x34, cx8, cmov, fxsr, ht, mmx, 3dnowpref, sse, sse2, sse3, ssse3, sse4.1, sse4.2, popcnt, lzcnt, tsc, tscinvbit, avx, avx2, aes, erms, clmul, bmi1, bmi2, adx, avx512f, avx512dq, avx512cd, avx512bw, avx512vl, sha, fma, vzeroupper, avx512_vpopcntdq, avx512_vpclmulqdq, avx512_vaes, avx512_vnni, clflush, clflushopt, clwb, avx512_vbmi2, avx512_vbmi, rdtscp, rdpid, fsrm, gfni, avx512_bitalg, f16c, pku, cet_ibt, cet_ss, avx512_ifma
Processor Information for the first 16 processors :
  Max Mhz: 2304, Current Mhz: 2304, Mhz Limit: 2304

Memory: 4k page, system-wide physical 16085M (5277M free)
TotalPageFile size 19797M (AvailPageFile size 4416M)
current process WorkingSet (physical memory assigned to process): 55M, peak: 145M
current process commit charge ("private bytes"): 390M, peak: 407M

vm_info: Java HotSpot(TM) 64-Bit Server VM (23.0.1+11-39) for windows-amd64 JRE (23.0.1+11-39), built on 2024-09-30T07:20:43Z with MS VC++ 17.6 (VS2022)

END.
